PO Number,PO Date,PO Year,PO Qtr,PO Month,Requested Delivery Date,Ship To Location,Ship To Location #,PO Line #,Qty Ordered,Unit of Measure,Unit Price,Brand Code,SKU,UPC/EAN,Product/Item Description,Total Amount
4500114631,01/31/2024,2024,Q1,01,03/08/2024,KY,1712,00010,48,Each,1.71,NRP,NRP43830,8.80617E+12,Frsh Herb Snail Cleans Foam 5.74 floz,$82.08 
4500114631,01/31/2024,2024,Q1,01,03/08/2024,KY,1712,00020,48,Each,1.71,NRP,NRP43832,8.80617E+12,Frsh Herb Acerol Cleans Foam 5.74 floz,$82.08 
4500114631,01/31/2024,2024,Q1,01,03/08/2024,KY,1712,00030,48,Each,1.71,NRP,NRP43831,8.80617E+12,Frsh Herb Peach Cleans Foam 5.74 floz,$82.08 
4500114631,01/31/2024,2024,Q1,01,03/08/2024,KY,1712,00040,48,Each,1.71,NRP,NRP43829,8.80617E+12,Frsh Herb Aloe Cleans Foam 5.74 floz,$82.08 
4500114631,01/31/2024,2024,Q1,01,03/08/2024,KY,1712,00050,48,Each,4.78,NRP,NRP47070,8.80617E+12,Relf Cre Spot Patch 24-12 MM 36-10 MM,$229.44 
4500114631,01/31/2024,2024,Q1,01,03/08/2024,KY,1712,00060,48,Each,4.78,NRP,NRP48435,8.80617E+12,After Care Spot Patch 60-12 MM,$229.44 
4500114631,01/31/2024,2024,Q1,01,03/08/2024,KY,1712,00070,48,Each,6.53,NRP,NRP48257,8.80617E+12,Green Derma Soothing Cream 100ml,$313.44 
4500114631,01/31/2024,2024,Q1,01,03/08/2024,KY,1712,00080,48,Each,8.71,NRP,NRP48221,8.80617E+12,Green Derma Mild Cica Serum 1.69 fl oz,$418.08 
4500114631,01/31/2024,2024,Q1,01,03/08/2024,KY,1712,00090,48,Each,11.34,NRP,NRP48222,8.80617E+12,Green Derma Mild Cica Cream 6.42 floz,$544.32 
4500114631,01/31/2024,2024,Q1,01,03/08/2024,KY,1712,00100,48,Each,8.28,NRP,NRP48434,8.80617E+12,Real Squeeze Aloe Vera Balm 25g,$397.44 
4500114631,01/31/2024,2024,Q1,01,03/08/2024,KY,1712,00110,48,Each,6.09,NRP,NRP48619,8.80617E+12,Real Squeeze Aloe Vera Eye Serum 15ml,$292.32 
4500114631,01/31/2024,2024,Q1,01,03/08/2024,KY,1712,00120,48,Each,8.28,NRP,NRP47879,8.80617E+12,Real Squeeze Aloe Vera Emulsion 130ml,$397.44 
4500114631,01/31/2024,2024,Q1,01,03/08/2024,KY,1712,00130,48,Each,10.46,NRP,NRP48620,8.80617E+12,Real Sqze Ale Vera Hydro Eye Ptch 60ea,$502.08 
4500114631,01/31/2024,2024,Q1,01,03/08/2024,KY,1712,00140,48,Each,8.28,NRP,NRP47346,8.80617E+12,Shea Butter Moist Steam Crm 3.38 floz,$397.44 
4500114631,01/31/2024,2024,Q1,01,03/08/2024,KY,1712,00150,48,Each,8.28,NRP,NRP47345,8.80617E+12,Shea Butter Ultra Steam Crm 3.38 fl oz,$397.44 
4500114631,01/31/2024,2024,Q1,01,03/08/2024,KY,1712,00160,48,Each,8.28,NRP,NRP47347,8.80617E+12,Shea Butter Fresh Steam Crm 3.38 fl oz,$397.44 
4500114631,01/31/2024,2024,Q1,01,03/08/2024,KY,1712,00170,48,Each,3.46,NRP,NRP47553,8.80617E+12,Body Peel Mist Cotton Scnt 10.14 floz,$166.08 
4500114631,01/31/2024,2024,Q1,01,03/08/2024,KY,1712,00180,40,Each,2.39,NRP,NRP48296,8.80617E+12,Aloe Vera Cleansing Tissue 80 Shts,$95.60 
4500114631,01/31/2024,2024,Q1,01,03/08/2024,KY,1712,00190,32,Each,10.46,NRP,NRP45415,8.80617E+12,Fresh Powdery Sun Stick SPF50 0.71 oz,$334.72 
4500114631,01/31/2024,2024,Q1,01,03/08/2024,KY,1712,00200,48,Each,11.34,NRP,NRP48703,8.80617E+12,Blck Bn Invig Hair Shampoo 10.14 floz,$544.32 
4500114631,01/31/2024,2024,Q1,01,03/08/2024,KY,1712,00210,48,Each,9.59,NRP,NRP48704,8.80617E+12,Blck Bean Invigo Hair Treatment 200ml,$460.32 
4500114631,01/31/2024,2024,Q1,01,03/08/2024,KY,1712,00220,48,Each,13.96,NRP,NRP48695,8.80617E+12,Kombuch Blck Tea Frst Essce 4.73 floz,$670.08 
4500114631,01/31/2024,2024,Q1,01,03/08/2024,KY,1712,00230,48,Each,13.09,NRP,NRP48604,8.80617E+12,Kombuch Blck Tea Treat Amp 1.69 floz,$628.32 
4500114631,01/31/2024,2024,Q1,01,03/08/2024,KY,1712,00240,48,Each,10.9,NRP,NRP48603,8.80617E+12,Kombuch Blck Tea Treat Emul 4.39 floz,$523.20 
4500114631,01/31/2024,2024,Q1,01,03/08/2024,KY,1712,00250,48,Each,12.65,NRP,NRP48605,8.80617E+12,Komb Blck Tea Treat Crm 1.69 floz,$607.20 
4500114631,01/31/2024,2024,Q1,01,03/08/2024,KY,1712,00260,48,Each,5.61,NRP,NRP47275,8.80617E+12,Super Aqua Max Comb Crm 2.70 floz,$269.28 
4500114631,01/31/2024,2024,Q1,01,03/08/2024,KY,1712,00270,48,Each,2.13,NRP,NRP48297,8.80617E+12,Aloe Vera Foam Cleanser 5.07 fl oz,$102.24 
4500114631,01/31/2024,2024,Q1,01,03/08/2024,KY,1712,00280,48,Each,9.88,NRP,NRP46989,8.80617E+12,Snail Solution Emulsion 4.05 fl oz,$474.24 
4500114632,01/31/2024,2024,Q1,01,03/04/2024,CA,1710,00010,72,Each,1.71,NRP,NRP43830,8.80617E+12,Frsh Herb Snail Cleans Foam 5.74 floz,$123.12 
4500114632,01/31/2024,2024,Q1,01,03/04/2024,CA,1710,00020,72,Each,1.71,NRP,NRP43832,8.80617E+12,Frsh Herb Acerol Cleans Foam 5.74 floz,$123.12 
4500114632,01/31/2024,2024,Q1,01,03/04/2024,CA,1710,00030,72,Each,1.71,NRP,NRP43831,8.80617E+12,Frsh Herb Peach Cleans Foam 5.74 floz,$123.12 
4500114632,01/31/2024,2024,Q1,01,03/04/2024,CA,1710,00040,72,Each,1.71,NRP,NRP43829,8.80617E+12,Frsh Herb Aloe Cleans Foam 5.74 floz,$123.12 
4500114632,01/31/2024,2024,Q1,01,03/04/2024,CA,1710,00050,72,Each,4.78,NRP,NRP47070,8.80617E+12,Relf Cre Spot Patch 24-12 MM 36-10 MM,$344.16 
4500114632,01/31/2024,2024,Q1,01,03/04/2024,CA,1710,00060,72,Each,4.78,NRP,NRP48435,8.80617E+12,After Care Spot Patch 60-12 MM,$344.16 
4500114632,01/31/2024,2024,Q1,01,03/04/2024,CA,1710,00070,72,Each,6.53,NRP,NRP48257,8.80617E+12,Green Derma Soothing Cream 100ml,$470.16 
4500114632,01/31/2024,2024,Q1,01,03/04/2024,CA,1710,00080,72,Each,8.71,NRP,NRP48221,8.80617E+12,Green Derma Mild Cica Serum 1.69 fl oz,$627.12 
4500114632,01/31/2024,2024,Q1,01,03/04/2024,CA,1710,00090,72,Each,11.34,NRP,NRP48222,8.80617E+12,Green Derma Mild Cica Cream 6.42 floz,$816.48 
4500114632,01/31/2024,2024,Q1,01,03/04/2024,CA,1710,00100,72,Each,8.28,NRP,NRP48434,8.80617E+12,Real Squeeze Aloe Vera Balm 25g,$596.16 
4500114632,01/31/2024,2024,Q1,01,03/04/2024,CA,1710,00110,72,Each,6.09,NRP,NRP48619,8.80617E+12,Real Squeeze Aloe Vera Eye Serum 15ml,$438.48 
4500114632,01/31/2024,2024,Q1,01,03/04/2024,CA,1710,00120,72,Each,8.28,NRP,NRP47879,8.80617E+12,Real Squeeze Aloe Vera Emulsion 130ml,$596.16 
4500114632,01/31/2024,2024,Q1,01,03/04/2024,CA,1710,00130,72,Each,10.46,NRP,NRP48620,8.80617E+12,Real Sqze Ale Vera Hydro Eye Ptch 60ea,$753.12 
4500114632,01/31/2024,2024,Q1,01,03/04/2024,CA,1710,00140,72,Each,8.28,NRP,NRP47346,8.80617E+12,Shea Butter Moist Steam Crm 3.38 floz,$596.16 
4500114632,01/31/2024,2024,Q1,01,03/04/2024,CA,1710,00150,72,Each,8.28,NRP,NRP47345,8.80617E+12,Shea Butter Ultra Steam Crm 3.38 fl oz,$596.16 
4500114632,01/31/2024,2024,Q1,01,03/04/2024,CA,1710,00160,72,Each,8.28,NRP,NRP47347,8.80617E+12,Shea Butter Fresh Steam Crm 3.38 fl oz,$596.16 
4500114632,01/31/2024,2024,Q1,01,03/04/2024,CA,1710,00170,72,Each,3.46,NRP,NRP47553,8.80617E+12,Body Peel Mist Cotton Scnt 10.14 floz,$249.12 
4500114632,01/31/2024,2024,Q1,01,03/04/2024,CA,1710,00180,60,Each,2.39,NRP,NRP48296,8.80617E+12,Aloe Vera Cleansing Tissue 80 Shts,$143.40 
4500114632,01/31/2024,2024,Q1,01,03/04/2024,CA,1710,00190,48,Each,10.46,NRP,NRP45415,8.80617E+12,Fresh Powdery Sun Stick SPF50 0.71 oz,$502.08 
4500114632,01/31/2024,2024,Q1,01,03/04/2024,CA,1710,00200,72,Each,11.34,NRP,NRP48703,8.80617E+12,Blck Bn Invig Hair Shampoo 10.14 floz,$816.48 
4500114632,01/31/2024,2024,Q1,01,03/04/2024,CA,1710,00210,72,Each,9.59,NRP,NRP48704,8.80617E+12,Blck Bean Invigo Hair Treatment 200ml,$690.48 
4500114632,01/31/2024,2024,Q1,01,03/04/2024,CA,1710,00220,72,Each,13.96,NRP,NRP48695,8.80617E+12,Kombuch Blck Tea Frst Essce 4.73 floz,"$1,005.12 "
4500114632,01/31/2024,2024,Q1,01,03/04/2024,CA,1710,00230,72,Each,13.09,NRP,NRP48604,8.80617E+12,Kombuch Blck Tea Treat Amp 1.69 floz,$942.48 
4500114632,01/31/2024,2024,Q1,01,03/04/2024,CA,1710,00240,72,Each,10.9,NRP,NRP48603,8.80617E+12,Kombuch Blck Tea Treat Emul 4.39 floz,$784.80 
4500114632,01/31/2024,2024,Q1,01,03/04/2024,CA,1710,00250,72,Each,12.65,NRP,NRP48605,8.80617E+12,Komb Blck Tea Treat Crm 1.69 floz,$910.80 
4500114632,01/31/2024,2024,Q1,01,03/04/2024,CA,1710,00260,72,Each,5.61,NRP,NRP47275,8.80617E+12,Super Aqua Max Comb Crm 2.70 floz,$403.92 
4500114632,01/31/2024,2024,Q1,01,03/04/2024,CA,1710,00270,72,Each,2.13,NRP,NRP48297,8.80617E+12,Aloe Vera Foam Cleanser 5.07 fl oz,$153.36 
4500114632,01/31/2024,2024,Q1,01,03/04/2024,CA,1710,00280,72,Each,9.88,NRP,NRP46989,8.80617E+12,Snail Solution Emulsion 4.05 fl oz,$711.36 
4500114871,02/01/2024,2024,Q1,02,03/04/2024,CA,1710,00010,80,Each,19.63,APL,APL22401,8.80401E+12,24K Gold Shot Ampoule 100ml,"$1,570.40 "
4500114871,02/01/2024,2024,Q1,02,03/04/2024,CA,1710,00020,60,Each,6.29,NRP,NRP47193,8.80617E+12,Chamomile Forest Garden DpClnsOil 200ml,$377.40 
4500114871,02/01/2024,2024,Q1,02,03/04/2024,CA,1710,00030,80,Each,2.59,NRP,NRP48295,8.80617E+12,Sooth Moist AloeVera 92 SoothGel 250ml,$207.20 
4500114871,02/01/2024,2024,Q1,02,03/04/2024,CA,1710,00040,100,Each,12.1,APL,APL21699,8.80401E+12,Peptide Shot Ampoule 100ml,"$1,210.00 "
4500114871,02/01/2024,2024,Q1,02,03/04/2024,CA,1710,00050,80,Each,0.45,NRP,NRP45606,8.80617E+12,REAL NATURE OLIVE MASK SHEET 23ml,$36.00 
4500114871,02/01/2024,2024,Q1,02,03/04/2024,CA,1710,00060,48,Each,11.18,NRP,NRP46662,8.80617E+12,VITAPAIR C DARK SPOT SERUM 45ml,$536.64 
4500114871,02/01/2024,2024,Q1,02,03/04/2024,CA,1710,00070,78,Each,6.03,NRP,NRP46863,8.80617E+12,Argan Essential Deep Care Hair Ess 80ml,$470.34 
4500114871,02/01/2024,2024,Q1,02,03/04/2024,CA,1710,00080,48,Each,5.53,NRP,NRP46864,8.80617E+12,Argan Essential Curling Essence 100ml,$265.44 
4500114871,02/01/2024,2024,Q1,02,03/04/2024,CA,1710,00090,36,Each,5.61,NRP,NRP46881,8.80617E+12,SUPER AQUA MAX MOISTURE WATERY CRM 80ml,$201.96 
4500114871,02/01/2024,2024,Q1,02,03/04/2024,CA,1710,00100,30,Each,8.49,NRP,NRP48186,8.80617E+12,Vitapair C Toner 300ml,$254.70 
4500114871,02/01/2024,2024,Q1,02,03/04/2024,CA,1710,00110,72,Each,4.9,NRP,NRP46887,0,Super Aqua Max Dp Moist SleepPack 115ml,$352.80 
4500114871,02/01/2024,2024,Q1,02,03/04/2024,CA,1710,00120,84,Each,10.18,NRP,NRP46988,8.80617E+12,Snail Solution Skin Booster 130ml,$855.12 
4500114871,02/01/2024,2024,Q1,02,03/04/2024,CA,1710,00130,12,Each,19.57,NRP,NRP47941,8.80617E+12,Herbology Molokhia Dp Moist Crm 70ml,$234.84 
4500114871,02/01/2024,2024,Q1,02,03/04/2024,CA,1710,00140,72,Each,15.72,NRP,NRP47021,8.80617E+12,Snail Solution Cream 1.75 fl oz,"$1,131.84 "
4500114871,02/01/2024,2024,Q1,02,03/04/2024,CA,1710,00150,12,Each,2.13,NRP,NRP48298,8.80617E+12,Sooth Moist AloeVeraClnsng GelCrm 150ml,$25.56 
4500114871,02/01/2024,2024,Q1,02,03/04/2024,CA,1710,00160,6,Each,15.86,NRP,NRP47939,8.80617E+12,Herbology WhiteGing Relax BdyCrm 70ml,$95.16 
4500114871,02/01/2024,2024,Q1,02,03/04/2024,CA,1710,00170,110,Each,7.84,TSN,TSN01018,0,TS Chkhan HairColorCream 08YlwBrwn 120g,$862.40 
4500114871,02/01/2024,2024,Q1,02,03/04/2024,CA,1710,00180,200,Each,0.45,NRP,NRP44935,8.80617E+12,REAL NATURE ROYAL JELLY MASK SHEET 23ml,$90.00 
4500114871,02/01/2024,2024,Q1,02,03/04/2024,CA,1710,00190,30,Each,7.84,TSN,TSN01017,8.80962E+12,TS Chkhan HairColorCream 07LtBrwn 120g,$235.20 
4500114871,02/01/2024,2024,Q1,02,03/04/2024,CA,1710,00200,70,Each,7.84,TSN,TSN01014,8.80962E+12,TS Chkhan HairColorCream 05DkBrwn 120g,$548.80 
4500114871,02/01/2024,2024,Q1,02,03/04/2024,CA,1710,00210,30,Each,7.84,TSN,TSN01013,8.80962E+12,TS Chkhan Hair Color Cream 03Black 120g,$235.20 
4500114871,02/01/2024,2024,Q1,02,03/04/2024,CA,1710,00220,30,Each,4.71,NRP,NRP47890,8.80617E+12,Super Aqua Max Soft Peeling Gel 155ml,$141.30 
4500114871,02/01/2024,2024,Q1,02,03/04/2024,CA,1710,00230,60,Each,13,TSN,TSN01035,8.80962E+12,TheTrust TS Shampoo 300g,$780.00 
4500114871,02/01/2024,2024,Q1,02,03/04/2024,CA,1710,00240,48,Each,4.45,NRP,NRP47490,8.80617E+12,Jeju Sparkling Mud Foam Cleanser 150ml,$213.60 
4500114871,02/01/2024,2024,Q1,02,03/04/2024,CA,1710,00250,28,Each,19.56,APL,APL24293,8.80401E+12,Blemi Shot Ampoule 50ml,$547.68 
4500114871,02/01/2024,2024,Q1,02,03/04/2024,CA,1710,00260,12,Each,10.47,APL,APL23941,8.80401E+12,Centel Calming Shot Tner Pad 60pds180ml,$125.64 
4500114871,02/01/2024,2024,Q1,02,03/04/2024,CA,1710,00270,16,Each,15.38,SRI,SRI58874,8.80616E+12,Light It Up Essener 100ml,$246.08 
4500114871,02/01/2024,2024,Q1,02,03/04/2024,CA,1710,00280,120,Each,5.75,APL,APL23866,8.80401E+12,Purifying Shot Pmpkn Enzy PeelGel 100ml,$690.00 
4500114871,02/01/2024,2024,Q1,02,03/04/2024,CA,1710,00290,48,Each,7.36,NRP,NRP47273,8.80617E+12,Super Aqua Max Watery Essence 50ml,$353.28 
4500114871,02/01/2024,2024,Q1,02,03/04/2024,CA,1710,00300,105,Each,4.96,APL,APL23536,8.80401E+12,Hyaluron Shot Eye Cream 25ml,$520.80 
4500114871,02/01/2024,2024,Q1,02,03/04/2024,CA,1710,00310,42,Each,7.35,NRP,NRP47272,8.80617E+12,Super Aqua Max Watery Emulsion 130ml,$308.70 
4500114871,02/01/2024,2024,Q1,02,03/04/2024,CA,1710,00320,1608,Each,2.13,NRP,NRP42037,0,SoothngmoistAloeVera92SoothGel10.56floz,"$3,425.04 "
4500114871,02/01/2024,2024,Q1,02,03/04/2024,CA,1710,00330,39,Each,10.74,APL,APL24520,0,Ceramide Shot Dbl Core MultiBalm 110g,$418.86 
4500114871,02/01/2024,2024,Q1,02,03/04/2024,CA,1710,00340,40,Each,0.45,NRP,NRP44938,8.80617E+12,REAL NATURE TOMATO MASK SHEET 23ml,$18.00 
4500114871,02/01/2024,2024,Q1,02,03/04/2024,CA,1710,00350,160,Each,0.45,NRP,NRP44946,8.80617E+12,REAL NATURE ROSE MASK SHEET 23ml,$72.00 
4500114871,02/01/2024,2024,Q1,02,03/04/2024,CA,1710,00360,84,Each,7.49,APL,APL23223,0,Hyaluron Shot Light Gel Cream 80ml,$629.16 
4500114871,02/01/2024,2024,Q1,02,03/04/2024,CA,1710,00370,80,Each,0.45,NRP,NRP44948,8.80617E+12,REAL NATURE TEA TREE MASK SHEET 23ml,$36.00 
4500114871,02/01/2024,2024,Q1,02,03/04/2024,CA,1710,00380,20,Each,11.7,APL,APL21688,0,Hyaluron Shot Ampoule 100ml,$234.00 
4500114871,02/01/2024,2024,Q1,02,03/04/2024,CA,1710,00390,40,Each,11.7,APL,APL22634,8.80401E+12,Hyaluron Shot light Ampoule 100ml,$468.00 
4500114871,02/01/2024,2024,Q1,02,03/04/2024,CA,1710,00400,30,Each,6.43,NRP,NRP47271,8.80617E+12,Super Aqua Max Watery Toner 150ml,$192.90 
4500114871,02/01/2024,2024,Q1,02,03/04/2024,CA,1710,00410,60,Each,14.87,APL,APL22555,8.80401E+12,Ceramide Shot Ampoule 100ml,$892.20 
4500114872,02/01/2024,2024,Q1,02,03/08/2024,KY,1712,00010,2508,Each,2.13,NRP,NRP42037,0,SoothngmoistAloeVera92SoothGel10.56floz,"$5,342.04 "
4500114872,02/01/2024,2024,Q1,02,03/08/2024,KY,1712,00020,12,Each,1.71,NRP,NRP43829,8.80617E+12,Frsh Herb Aloe Cleans Foam 5.74 floz,$20.52 
4500114872,02/01/2024,2024,Q1,02,03/08/2024,KY,1712,00030,120,Each,0.45,NRP,NRP44946,8.80617E+12,REAL NATURE ROSE MASK SHEET 23ml,$54.00 
4500114872,02/01/2024,2024,Q1,02,03/08/2024,KY,1712,00040,12,Each,1.71,NRP,NRP43830,8.80617E+12,Frsh Herb Snail Cleans Foam 5.74 floz,$20.52 
4500114872,02/01/2024,2024,Q1,02,03/08/2024,KY,1712,00050,12,Each,1.71,NRP,NRP43831,8.80617E+12,Frsh Herb Peach Cleans Foam 5.74 floz,$20.52 
4500114872,02/01/2024,2024,Q1,02,03/08/2024,KY,1712,00060,12,Each,1.71,NRP,NRP43832,8.80617E+12,Frsh Herb Acerol Cleans Foam 5.74 floz,$20.52 
4500114872,02/01/2024,2024,Q1,02,03/08/2024,KY,1712,00070,60,Each,5.75,APL,APL21691,0,Hyaluron Shot Toner 220ml,$345.00 
4500114872,02/01/2024,2024,Q1,02,03/08/2024,KY,1712,00080,20,Each,11.7,APL,APL21688,0,Hyaluron Shot Ampoule 100ml,$234.00 
4500114872,02/01/2024,2024,Q1,02,03/08/2024,KY,1712,00090,120,Each,0.45,NRP,NRP44935,8.80617E+12,REAL NATURE ROYAL JELLY MASK SHEET 23ml,$54.00 
4500114872,02/01/2024,2024,Q1,02,03/08/2024,KY,1712,00100,20,Each,9.8,TSN,TSN01025,8.80962E+12,Premium TS Treatment 200ml,$196.00 
4500114872,02/01/2024,2024,Q1,02,03/08/2024,KY,1712,00110,60,Each,7.84,TSN,TSN01018,0,TS Chkhan HairColorCream 08YlwBrwn 120g,$470.40 
4500114872,02/01/2024,2024,Q1,02,03/08/2024,KY,1712,00120,20,Each,7.84,TSN,TSN01017,8.80962E+12,TS Chkhan HairColorCream 07LtBrwn 120g,$156.80 
4500114872,02/01/2024,2024,Q1,02,03/08/2024,KY,1712,00130,40,Each,7.84,TSN,TSN01014,8.80962E+12,TS Chkhan HairColorCream 05DkBrwn 120g,$313.60 
4500114872,02/01/2024,2024,Q1,02,03/08/2024,KY,1712,00140,40,Each,7.84,TSN,TSN01013,8.80962E+12,TS Chkhan Hair Color Cream 03Black 120g,$313.60 
4500114872,02/01/2024,2024,Q1,02,03/08/2024,KY,1712,00150,56,Each,19.56,APL,APL24293,8.80401E+12,Blemi Shot Ampoule 50ml,"$1,095.36 "
4500114872,02/01/2024,2024,Q1,02,03/08/2024,KY,1712,00160,60,Each,8.26,APL,APL24448,0,Centel Calming Shot Cica Toner 200ml,$495.60 
4500114872,02/01/2024,2024,Q1,02,03/08/2024,KY,1712,00170,80,Each,13,TSN,TSN01035,8.80962E+12,TheTrust TS Shampoo 300g,"$1,040.00 "
4500114872,02/01/2024,2024,Q1,02,03/08/2024,KY,1712,00180,24,Each,10.47,APL,APL23941,8.80401E+12,Centel Calming Shot Tner Pad 60pds180ml,$251.28 
4500114872,02/01/2024,2024,Q1,02,03/08/2024,KY,1712,00190,120,Each,5.75,APL,APL23866,8.80401E+12,Purifying Shot Pmpkn Enzy PeelGel 100ml,$690.00 
4500114872,02/01/2024,2024,Q1,02,03/08/2024,KY,1712,00200,147,Each,4.96,APL,APL23536,8.80401E+12,Hyaluron Shot Eye Cream 25ml,$729.12 
4500114872,02/01/2024,2024,Q1,02,03/08/2024,KY,1712,00210,40,Each,7.93,APL,APL23405,0,Ceramide Shot Cream 50ml,$317.20 
4500114872,02/01/2024,2024,Q1,02,03/08/2024,KY,1712,00220,20,Each,8.53,APL,APL23239,8.80401E+12,Peptide Shot Ample 2X 30ml,$170.60 
4500114872,02/01/2024,2024,Q1,02,03/08/2024,KY,1712,00230,20,Each,14.28,APL,APL23227,8.80401E+12,Centel Calming Shot Ampoule 100ml,$285.60 
4500114872,02/01/2024,2024,Q1,02,03/08/2024,KY,1712,00240,39,Each,10.74,APL,APL24520,0,Ceramide Shot Dbl Core MultiBalm 110g,$418.86 
4500114872,02/01/2024,2024,Q1,02,03/08/2024,KY,1712,00250,84,Each,7.49,APL,APL23223,0,Hyaluron Shot Light Gel Cream 80ml,$629.16 
4500114872,02/01/2024,2024,Q1,02,03/08/2024,KY,1712,00260,80,Each,6.94,APL,APL23017,8.80401E+12,Ceramide Shot Amp Mist 80ml,$555.20 
4500114872,02/01/2024,2024,Q1,02,03/08/2024,KY,1712,00270,60,Each,6.94,APL,APL22641,8.80401E+12,Acne Shot Ampoule 30ml,$416.40 
4500114872,02/01/2024,2024,Q1,02,03/08/2024,KY,1712,00280,60,Each,11.7,APL,APL22634,8.80401E+12,Hyaluron Shot light Ampoule 100ml,$702.00 
4500114872,02/01/2024,2024,Q1,02,03/08/2024,KY,1712,00290,60,Each,14.87,APL,APL22555,8.80401E+12,Ceramide Shot Ampoule 100ml,$892.20 
4500114872,02/01/2024,2024,Q1,02,03/08/2024,KY,1712,00300,120,Each,19.63,APL,APL22401,8.80401E+12,24K Gold Shot Ampoule 100ml,"$2,355.60 "
4500114872,02/01/2024,2024,Q1,02,03/08/2024,KY,1712,00310,40,Each,10.91,APL,APL22249,0,Purifying Shot Toner 600ml,$436.40 
4500114872,02/01/2024,2024,Q1,02,03/08/2024,KY,1712,00320,60,Each,13.88,APL,APL22043,8.80401E+12,VC Shot Ampoule 100ml,$832.80 
4500114872,02/01/2024,2024,Q1,02,03/08/2024,KY,1712,00330,80,Each,8.13,APL,APL22040,8.80401E+12,Peeling Shot Ampoule 30ml,$650.40 
4500114872,02/01/2024,2024,Q1,02,03/08/2024,KY,1712,00340,140,Each,12.1,APL,APL21699,8.80401E+12,Peptide Shot Ampoule 100ml,"$1,694.00 "
4500114872,02/01/2024,2024,Q1,02,03/08/2024,KY,1712,00350,80,Each,6.94,APL,APL21694,8.80401E+12,Hyaluron Shot Cream 60ml,$555.20 
4500114872,02/01/2024,2024,Q1,02,03/08/2024,KY,1712,00360,24,Each,5.75,APL,APL21693,0,Hyaluron Shot Emulsion 130ml,$138.00 
4500114872,02/01/2024,2024,Q1,02,03/08/2024,KY,1712,00370,24,Each,10.46,NRP,NRP45415,8.80617E+12,Fresh Powdery Sun Stick SPF50 0.71 oz,$251.04 
4500114872,02/01/2024,2024,Q1,02,03/08/2024,KY,1712,00380,24,Each,5.61,NRP,NRP46881,8.80617E+12,SUPER AQUA MAX MOISTURE WATERY CRM 80ml,$134.64 
4500114872,02/01/2024,2024,Q1,02,03/08/2024,KY,1712,00390,48,Each,10.18,NRP,NRP46988,8.80617E+12,Snail Solution Skin Booster 130ml,$488.64 
4500114872,02/01/2024,2024,Q1,02,03/08/2024,KY,1712,00400,48,Each,15.72,NRP,NRP47021,8.80617E+12,Snail Solution Cream 1.75 fl oz,$754.56 
4500114872,02/01/2024,2024,Q1,02,03/08/2024,KY,1712,00410,60,Each,6.29,NRP,NRP47193,8.80617E+12,Chamomile Forest Garden DpClnsOil 200ml,$377.40 
4500114872,02/01/2024,2024,Q1,02,03/08/2024,KY,1712,00420,30,Each,6.43,NRP,NRP47271,8.80617E+12,Super Aqua Max Watery Toner 150ml,$192.90 
4500114872,02/01/2024,2024,Q1,02,03/08/2024,KY,1712,00430,36,Each,7.35,NRP,NRP47272,8.80617E+12,Super Aqua Max Watery Emulsion 130ml,$264.60 
4500114872,02/01/2024,2024,Q1,02,03/08/2024,KY,1712,00440,24,Each,7.36,NRP,NRP47273,8.80617E+12,Super Aqua Max Watery Essence 50ml,$176.64 
4500114872,02/01/2024,2024,Q1,02,03/08/2024,KY,1712,00450,18,Each,4.71,NRP,NRP47890,8.80617E+12,Super Aqua Max Soft Peeling Gel 155ml,$84.78 
4500114872,02/01/2024,2024,Q1,02,03/08/2024,KY,1712,00460,12,Each,19.57,NRP,NRP47936,8.80617E+12,Herbology BroccoliSprt Purify Crm 70ml,$234.84 
4500114872,02/01/2024,2024,Q1,02,03/08/2024,KY,1712,00470,12,Each,19.57,NRP,NRP47937,8.80617E+12,Herbology Onion Recov Crm 70ml,$234.84 
4500114872,02/01/2024,2024,Q1,02,03/08/2024,KY,1712,00480,12,Each,15.86,NRP,NRP47939,8.80617E+12,Herbology WhiteGing Relax BdyCrm 70ml,$190.32 
4500114872,02/01/2024,2024,Q1,02,03/08/2024,KY,1712,00490,6,Each,19.57,NRP,NRP47938,8.80617E+12,Herbology Mallow Sens Crm 70ml,$117.42 
4500114872,02/01/2024,2024,Q1,02,03/08/2024,KY,1712,00500,12,Each,19.57,NRP,NRP47941,8.80617E+12,Herbology Molokhia Dp Moist Crm 70ml,$234.84 
4500114872,02/01/2024,2024,Q1,02,03/08/2024,KY,1712,00510,12,Each,15.86,NRP,NRP47942,8.80617E+12,Herbology Lav FootCrm 70ml,$190.32 
4500114872,02/01/2024,2024,Q1,02,03/08/2024,KY,1712,00520,312,Each,2.59,NRP,NRP48295,8.80617E+12,Sooth Moist AloeVera 92 SoothGel 250ml,$808.08 
4500114872,02/01/2024,2024,Q1,02,03/08/2024,KY,1712,00530,10,Each,2.39,NRP,NRP48296,8.80617E+12,Aloe Vera Cleansing Tissue 80 Shts,$23.90 
4500114872,02/01/2024,2024,Q1,02,03/08/2024,KY,1712,00540,12,Each,2.13,NRP,NRP48297,8.80617E+12,Aloe Vera Foam Cleanser 5.07 fl oz,$25.56 
4500114872,02/01/2024,2024,Q1,02,03/08/2024,KY,1712,00550,12,Each,10.46,NRP,NRP48620,8.80617E+12,Real Sqze Ale Vera Hydro Eye Ptch 60ea,$125.52 
4500114872,02/01/2024,2024,Q1,02,03/08/2024,KY,1712,00560,12,Each,11.34,NRP,NRP48703,8.80617E+12,Blck Bn Invig Hair Shampoo 10.14 floz,$136.08 
4500114872,02/01/2024,2024,Q1,02,03/08/2024,KY,1712,00570,12,Each,9.59,NRP,NRP48704,8.80617E+12,Blck Bean Invigo Hair Treatment 200ml,$115.08 
4500114872,02/01/2024,2024,Q1,02,03/08/2024,KY,1712,00580,54,Each,14.52,SRI,SRI55258,8.80616E+12,Enriched By Nature Cream 50ml,$784.08 
4500114872,02/01/2024,2024,Q1,02,03/08/2024,KY,1712,00590,20,Each,11.96,SRI,SRI55290,8.80616E+12,Calm Me Down Cream 50ml,$239.20 
4500114872,02/01/2024,2024,Q1,02,03/08/2024,KY,1712,00600,36,Each,16.23,SRI,SRI77910,8.80919E+12,All Your Love Body Cream 300ml,$584.28 
4500114872,02/01/2024,2024,Q1,02,03/08/2024,KY,1712,00610,60,Each,11.53,SRI,SRI99760,8.80908E+12,Organic Hand Lip Care Set 50ml4g,$691.80 
4500114872,02/01/2024,2024,Q1,02,03/08/2024,KY,1712,00620,32,Each,9.4,SRI,SRI99712,8.80908E+12,Feel So Fresh Toner 150ml,$300.80 
4500114872,02/01/2024,2024,Q1,02,03/08/2024,KY,1712,00630,60,Each,13.67,SRI,SRI99710,8.80908E+12,Deep In A Barrier Cream 50ml,$820.20 
4500114872,02/01/2024,2024,Q1,02,03/08/2024,KY,1712,00640,32,Each,9.4,SRI,SRI99706,8.80908E+12,Day By Day Cleansing Gel 150ml,$300.80 
4500114872,02/01/2024,2024,Q1,02,03/08/2024,KY,1712,00650,54,Each,14.52,SRI,SRI77911,8.80919E+12,Have A Fresh Day Body Wash 300ml,$784.08 
4500118211,02/21/2024,2024,Q1,02,03/29/2024,KY,1712,00010,80,Each,6.94,APL,APL24095,8.80401E+12,Centel Calming Shot Firs GelClnsr 150ml,$555.20 
4500118211,02/21/2024,2024,Q1,02,03/29/2024,KY,1712,00020,96,Each,5.75,APL,APL23865,8.80401E+12,Purifying Shot Cream Cleanser 150ml,$552.00 
4500118212,02/21/2024,2024,Q1,02,03/25/2024,CA,1710,00010,120,Each,6.94,APL,APL24095,8.80401E+12,Centel Calming Shot Firs GelClnsr 150ml,$832.80 
4500118212,02/21/2024,2024,Q1,02,03/25/2024,CA,1710,00020,144,Each,5.75,APL,APL23865,8.80401E+12,Purifying Shot Cream Cleanser 150ml,$828.00 
4500119599,02/28/2024,2024,Q1,02,03/29/2024,CA,1710,00010,48,Each,6.09,NRP,NRP48619,8.80617E+12,Real Squeeze Aloe Vera Eye Serum 15ml,$292.32 
4500119599,02/28/2024,2024,Q1,02,03/29/2024,CA,1710,00020,48,Each,12.65,NRP,NRP48605,8.80617E+12,Komb Blck Tea Treat Crm 1.69 floz,$607.20 
4500119599,02/28/2024,2024,Q1,02,03/29/2024,CA,1710,00030,48,Each,13.09,NRP,NRP48604,8.80617E+12,Kombuch Blck Tea Treat Amp 1.69 floz,$628.32 
4500119599,02/28/2024,2024,Q1,02,03/29/2024,CA,1710,00040,48,Each,10.9,NRP,NRP48603,8.80617E+12,Kombuch Blck Tea Treat Emul 4.39 floz,$523.20 
4500119599,02/28/2024,2024,Q1,02,03/29/2024,CA,1710,00050,48,Each,4.78,NRP,NRP48435,8.80617E+12,After Care Spot Patch 60-12 MM,$229.44 
4500119599,02/28/2024,2024,Q1,02,03/29/2024,CA,1710,00060,84,Each,8.28,NRP,NRP48434,8.80617E+12,Real Squeeze Aloe Vera Balm 25g,$695.52 
4500119599,02/28/2024,2024,Q1,02,03/29/2024,CA,1710,00070,48,Each,4.78,NRP,NRP47070,8.80617E+12,Relf Cre Spot Patch 24-12 MM 36-10 MM,$229.44 
4500119599,02/28/2024,2024,Q1,02,03/29/2024,CA,1710,00080,48,Each,15.72,NRP,NRP47021,8.80617E+12,Snail Solution Cream 1.75 fl oz,$754.56 
4500119599,02/28/2024,2024,Q1,02,03/29/2024,CA,1710,00090,48,Each,9.88,NRP,NRP46989,8.80617E+12,Snail Solution Emulsion 4.05 fl oz,$474.24 
4500119599,02/28/2024,2024,Q1,02,03/29/2024,CA,1710,00100,144,Each,10.18,NRP,NRP46988,8.80617E+12,Snail Solution Skin Booster 130ml,"$1,465.92 "
4500119599,02/28/2024,2024,Q1,02,03/29/2024,CA,1710,00110,132,Each,4.9,NRP,NRP46887,0,Super Aqua Max Dp Moist SleepPack 115ml,$646.80 
4500119599,02/28/2024,2024,Q1,02,03/29/2024,CA,1710,00120,12,Each,5.61,NRP,NRP46881,8.80617E+12,SUPER AQUA MAX MOISTURE WATERY CRM 80ml,$67.32 
4500119599,02/28/2024,2024,Q1,02,03/29/2024,CA,1710,00130,56,Each,6.53,NRP,NRP46868,8.80617E+12,Argan Essential Deep Care Cond 300ml,$365.68 
4500119599,02/28/2024,2024,Q1,02,03/29/2024,CA,1710,00140,184,Each,6.53,NRP,NRP46867,8.80617E+12,Argan Essential Deep Care Shampoo 300ml,"$1,201.52 "
4500119599,02/28/2024,2024,Q1,02,03/29/2024,CA,1710,00150,72,Each,4.42,NRP,NRP46865,8.80617E+12,Argan Essential Moist Hair Mist 220ml,$318.24 
4500119599,02/28/2024,2024,Q1,02,03/29/2024,CA,1710,00160,24,Each,11.18,NRP,NRP46662,8.80617E+12,VITAPAIR C DARK SPOT SERUM 45ml,$268.32 
4500119599,02/28/2024,2024,Q1,02,03/29/2024,CA,1710,00170,48,Each,10.46,NRP,NRP48620,8.80617E+12,Real Sqze Ale Vera Hydro Eye Ptch 60ea,$502.08 
4500119599,02/28/2024,2024,Q1,02,03/29/2024,CA,1710,00180,48,Each,4.45,NRP,NRP47490,8.80617E+12,Jeju Sparkling Mud Foam Cleanser 150ml,$213.60 
4500119599,02/28/2024,2024,Q1,02,03/29/2024,CA,1710,00190,48,Each,8.28,NRP,NRP47347,8.80617E+12,Shea Butter Fresh Steam Crm 3.38 fl oz,$397.44 
4500119599,02/28/2024,2024,Q1,02,03/29/2024,CA,1710,00200,48,Each,8.28,NRP,NRP47346,8.80617E+12,Shea Butter Moist Steam Crm 3.38 floz,$397.44 
4500119599,02/28/2024,2024,Q1,02,03/29/2024,CA,1710,00210,48,Each,8.28,NRP,NRP47345,8.80617E+12,Shea Butter Ultra Steam Crm 3.38 fl oz,$397.44 
4500119599,02/28/2024,2024,Q1,02,03/29/2024,CA,1710,00220,48,Each,5.61,NRP,NRP47275,8.80617E+12,Super Aqua Max Comb Crm 2.70 floz,$269.28 
4500119599,02/28/2024,2024,Q1,02,03/29/2024,CA,1710,00230,18,Each,6.43,NRP,NRP47271,8.80617E+12,Super Aqua Max Watery Toner 150ml,$115.74 
4500119599,02/28/2024,2024,Q1,02,03/29/2024,CA,1710,00240,48,Each,3.46,NRP,NRP47553,8.80617E+12,Body Peel Mist Cotton Scnt 10.14 floz,$166.08 
4500119599,02/28/2024,2024,Q1,02,03/29/2024,CA,1710,00250,48,Each,8.28,NRP,NRP47879,8.80617E+12,Real Squeeze Aloe Vera Emulsion 130ml,$397.44 
4500119599,02/28/2024,2024,Q1,02,03/29/2024,CA,1710,00260,13,Each,10.74,APL,APL24520,0,Ceramide Shot Dbl Core MultiBalm 110g,$139.62 
4500119599,02/28/2024,2024,Q1,02,03/29/2024,CA,1710,00270,90,Each,7.84,TSN,TSN01014,8.80962E+12,TS Chkhan HairColorCream 05DkBrwn 120g,$705.60 
4500119599,02/28/2024,2024,Q1,02,03/29/2024,CA,1710,00280,150,Each,7.84,TSN,TSN01018,0,TS Chkhan HairColorCream 08YlwBrwn 120g,"$1,176.00 "
4500119599,02/28/2024,2024,Q1,02,03/29/2024,CA,1710,00290,18,Each,4.71,NRP,NRP47890,8.80617E+12,Super Aqua Max Soft Peeling Gel 155ml,$84.78 
4500119599,02/28/2024,2024,Q1,02,03/29/2024,CA,1710,00300,48,Each,8.71,NRP,NRP48221,8.80617E+12,Green Derma Mild Cica Serum 1.69 fl oz,$418.08 
4500119599,02/28/2024,2024,Q1,02,03/29/2024,CA,1710,00310,48,Each,11.34,NRP,NRP48222,8.80617E+12,Green Derma Mild Cica Cream 6.42 floz,$544.32 
4500119599,02/28/2024,2024,Q1,02,03/29/2024,CA,1710,00320,48,Each,6.53,NRP,NRP48257,8.80617E+12,Green Derma Soothing Cream 100ml,$313.44 
4500119599,02/28/2024,2024,Q1,02,03/29/2024,CA,1710,00330,36,Each,8.49,NRP,NRP48264,8.80617E+12,Vitapair C Vitamin Peeling Gel 120ml,$305.64 
4500119599,02/28/2024,2024,Q1,02,03/29/2024,CA,1710,00340,40,Each,2.39,NRP,NRP48296,8.80617E+12,Aloe Vera Cleansing Tissue 80 Shts,$95.60 
4500119599,02/28/2024,2024,Q1,02,03/29/2024,CA,1710,00350,48,Each,2.13,NRP,NRP48297,8.80617E+12,Aloe Vera Foam Cleanser 5.07 fl oz,$102.24 
4500119599,02/28/2024,2024,Q1,02,03/29/2024,CA,1710,00360,108,Each,6.29,NRP,NRP47193,8.80617E+12,Chamomile Forest Garden DpClnsOil 200ml,$679.32 
4500119599,02/28/2024,2024,Q1,02,03/29/2024,CA,1710,00370,30,Each,6.1,NRP,NRP47192,8.80617E+12,Calendula Forest GardnDpClnsngOil 200ml,$183.00 
4500119599,02/28/2024,2024,Q1,02,03/29/2024,CA,1710,00380,60,Each,2.13,NRP,NRP48298,8.80617E+12,Sooth Moist AloeVeraClnsng GelCrm 150ml,$127.80 
4500119599,02/28/2024,2024,Q1,02,03/29/2024,CA,1710,00390,40,Each,7.93,APL,APL23405,0,Ceramide Shot Cream 50ml,$317.20 
4500119599,02/28/2024,2024,Q1,02,03/29/2024,CA,1710,00400,84,Each,7.49,APL,APL23223,0,Hyaluron Shot Light Gel Cream 80ml,$629.16 
4500119599,02/28/2024,2024,Q1,02,03/29/2024,CA,1710,00410,48,Each,9.59,NRP,NRP48704,8.80617E+12,Blck Bean Invigo Hair Treatment 200ml,$460.32 
4500119599,02/28/2024,2024,Q1,02,03/29/2024,CA,1710,00420,48,Each,11.34,NRP,NRP48703,8.80617E+12,Blck Bn Invig Hair Shampoo 10.14 floz,$544.32 
4500119599,02/28/2024,2024,Q1,02,03/29/2024,CA,1710,00430,48,Each,13.96,NRP,NRP48695,8.80617E+12,Kombuch Blck Tea Frst Essce 4.73 floz,$670.08 
4500119599,02/28/2024,2024,Q1,02,03/29/2024,CA,1710,00440,80,Each,0.45,NRP,NRP45606,8.80617E+12,REAL NATURE OLIVE MASK SHEET 23ml,$36.00 
4500119599,02/28/2024,2024,Q1,02,03/29/2024,CA,1710,00450,120,Each,7.59,PIT,PIT10035,8.80956E+12,GrnDeep FoamCl  5.07 flo,$910.80 
4500119599,02/28/2024,2024,Q1,02,03/29/2024,CA,1710,00460,120,Each,12,PIT,PIT10214,0,Dermide Balancing Barr Balm 2.02 fl oz,"$1,440.00 "
4500119599,02/28/2024,2024,Q1,02,03/29/2024,CA,1710,00470,144,Each,8.98,PIT,PIT10038,8.80956E+12,Deep Sea Pure WtrCrm 1.7 floz,"$1,293.12 "
4500119599,02/28/2024,2024,Q1,02,03/29/2024,CA,1710,00480,20,Each,11.96,SRI,SRI55290,8.80616E+12,Calm Me Down Cream 50ml,$239.20 
4500119599,02/28/2024,2024,Q1,02,03/29/2024,CA,1710,00490,120,Each,9.63,PIT,PIT10039,8.80956E+12,SeaBuckthorn V  1.7 floz,"$1,155.60 "
4500119599,02/28/2024,2024,Q1,02,03/29/2024,CA,1710,00500,18,Each,14.52,SRI,SRI55258,8.80616E+12,Enriched By Nature Cream 50ml,$261.36 
4500119599,02/28/2024,2024,Q1,02,03/29/2024,CA,1710,00510,168,Each,9.64,PIT,PIT10082,8.80956E+12,Centella Unscented Mini Kit 3pc,"$1,619.52 "
4500119599,02/28/2024,2024,Q1,02,03/29/2024,CA,1710,00520,60,Each,9.92,PIT,PIT10213,8.80956E+12,Dermd Cica Barrier Sleep Pack2.7 fl oz,$595.20 
4500119599,02/28/2024,2024,Q1,02,03/29/2024,CA,1710,00530,240,Each,5.2,PIT,PIT10063,8.80956E+12,DefenceBrrier   5.07 flo,"$1,248.00 "
4500119599,02/28/2024,2024,Q1,02,03/29/2024,CA,1710,00540,32,Each,9.4,SRI,SRI99712,8.80908E+12,Feel So Fresh Toner 150ml,$300.80 
4500119599,02/28/2024,2024,Q1,02,03/29/2024,CA,1710,00550,44,Each,5.13,SRI,SRI99720,8.80908E+12,More Than Lip Balm 4g,$225.72 
4500119599,02/28/2024,2024,Q1,02,03/29/2024,CA,1710,00560,45,Each,11.06,PIT,PIT10065,8.80956E+12,DermHA-3 Serum 50ml,$497.70 
4500119599,02/28/2024,2024,Q1,02,03/29/2024,CA,1710,00570,72,Each,12,PIT,PIT10096,8.80956E+12,DAILY GOTO SUNSCREEN 60ml,$864.00 
4500119599,02/28/2024,2024,Q1,02,03/29/2024,CA,1710,00580,24,Each,11.53,SRI,SRI99733,8.80908E+12,Organic Start Trav Kit 30ml20ml30ml7ml,$276.72 
4500119599,02/28/2024,2024,Q1,02,03/29/2024,CA,1710,00590,240,Each,9.92,PIT,PIT10201,8.80956E+12,Galacto Niacin 97 Power Essence 2 fl oz,"$2,380.80 "
4500119599,02/28/2024,2024,Q1,02,03/29/2024,CA,1710,00600,81,Each,6.26,PIT,PIT10098,0,Inner Green Reusabl Cottn Rounds 10pads,$507.06 
4500119599,02/28/2024,2024,Q1,02,03/29/2024,CA,1710,00610,162,Each,9.92,PIT,PIT10200,8.80956E+12,FermCmplx94 Boosting Essence 5.07 fl oz,"$1,607.04 "
4500119599,02/28/2024,2024,Q1,02,03/29/2024,CA,1710,00620,70,Each,6.08,PIT,PIT10068,8.80956E+12,Cica Clrng BB CrmSPF38PA#271.0floz,$425.60 
4500119599,02/28/2024,2024,Q1,02,03/29/2024,CA,1710,00630,20,Each,11.53,SRI,SRI99760,8.80908E+12,Organic Hand Lip Care Set 50ml4g,$230.60 
4500119599,02/28/2024,2024,Q1,02,03/29/2024,CA,1710,00640,126,Each,9.57,PIT,PIT10100,8.80956E+12,CENTELLA GREEN LEVEL CALM TONER 200ml,"$1,205.82 "
4500119599,02/28/2024,2024,Q1,02,03/29/2024,CA,1710,00650,135,Each,6.6,PIT,PIT10102,8.80956E+12,CENTELLA UNSCENTED EYE CREAM 30ml,$891.00 
4500119599,02/28/2024,2024,Q1,02,03/29/2024,CA,1710,00660,525,Each,6.08,PIT,PIT10069,8.80956E+12,Cica Clrng BB CrmSPF38PA#231.0floz,"$3,192.00 "
4500119599,02/28/2024,2024,Q1,02,03/29/2024,CA,1710,00670,210,Each,6.08,PIT,PIT10070,8.80956E+12,Cica Clring BB CrmSPF38PA#211.0floz,"$1,276.80 "
4500119599,02/28/2024,2024,Q1,02,03/29/2024,CA,1710,00680,24,Each,4.18,PIT,PIT10075,8.80956E+12,Bamboo Charcoal Konjac Sponge 1pc,$100.32 
4500119599,02/28/2024,2024,Q1,02,03/29/2024,CA,1710,00690,72,Each,9.63,PIT,PIT10072,8.80956E+12,Pure VtmnCSrm  2 floz,$693.36 
4500119599,02/28/2024,2024,Q1,02,03/29/2024,CA,1710,00700,40,Each,10.18,PIT,PIT10144,8.80956E+12,B5 Panthenol Rebarrier Cream 2.7 fl oz,$407.20 
4500119599,02/28/2024,2024,Q1,02,03/29/2024,CA,1710,00710,40,Each,7.29,PIT,PIT10105,8.80956E+12,OATIN CALMING GEL CREAM 100ml,$291.60 
4500119599,02/28/2024,2024,Q1,02,03/29/2024,CA,1710,00720,24,Each,4.18,PIT,PIT10074,8.80956E+12,Jeju Volcanic Scoria Konjac Sponge 1pc,$100.32 
4500119599,02/28/2024,2024,Q1,02,03/29/2024,CA,1710,00730,175,Each,5.47,PIT,PIT10141,8.80956E+12,CICA CLEARING BBCRM 13 NEUTRALIVORY 1oz,$957.25 
4500119599,02/28/2024,2024,Q1,02,03/29/2024,CA,1710,00740,120,Each,4.46,PIT,PIT10033,8.80956E+12,Care RcvryCica  51 Ptch,$535.20 
4500119599,02/28/2024,2024,Q1,02,03/29/2024,CA,1710,00750,64,Each,9.4,SRI,SRI99705,8.80908E+12,Time Is Running Out Mist 100ml,$601.60 
4500119599,02/28/2024,2024,Q1,02,03/29/2024,CA,1710,00760,18,Each,10.38,PIT,PIT10276,8.80956E+12,Clear Code Superfruit Cleanser 150 ml,$186.84 
4500119599,02/28/2024,2024,Q1,02,03/29/2024,CA,1710,00770,32,Each,10.46,NRP,NRP45415,8.80617E+12,Fresh Powdery Sun Stick SPF50 0.71 oz,$334.72 
4500119599,02/28/2024,2024,Q1,02,03/29/2024,CA,1710,00780,48,Each,10.25,SRI,SRI99708,8.80908E+12,Cleanse Me Softly Milk Cleanser 200ml,$492.00 
4500119599,02/28/2024,2024,Q1,02,03/29/2024,CA,1710,00790,30,Each,10.95,PIT,PIT10265,8.80956E+12,DeepSea Droplet Serum SnowMushroom 30ml,$328.50 
4500119599,02/28/2024,2024,Q1,02,03/29/2024,CA,1710,00800,63,Each,12,PIT,PIT10260,8.80956E+12,Daily Soft Touch Sunscreen 2.02 fl oz,$756.00 
4500119599,02/28/2024,2024,Q1,02,03/29/2024,CA,1710,00810,48,Each,1.71,NRP,NRP43832,8.80617E+12,Frsh Herb Acerol Cleans Foam 5.74 floz,$82.08 
4500119599,02/28/2024,2024,Q1,02,03/29/2024,CA,1710,00820,28,Each,12.53,PIT,PIT10257,8.80956E+12,Oatin Intense Cream 5.07 fl oz,$350.84 
4500119599,02/28/2024,2024,Q1,02,03/29/2024,CA,1710,00830,42,Each,11.48,PIT,PIT10256,8.80956E+12,Oatin Silky Toner 6.76 fl oz,$482.16 
4500119599,02/28/2024,2024,Q1,02,03/29/2024,CA,1710,00840,48,Each,1.71,NRP,NRP43831,8.80617E+12,Frsh Herb Peach Cleans Foam 5.74 floz,$82.08 
4500119599,02/28/2024,2024,Q1,02,03/29/2024,CA,1710,00850,108,Each,9.93,PIT,PIT10253,8.80956E+12,From Green Cleansing Oil 6.76 fl oz,"$1,072.44 "
4500119599,02/28/2024,2024,Q1,02,03/29/2024,CA,1710,00860,72,Each,10.63,PIT,PIT10247,8.80956E+12,Centella Unscented Recovery Cream 50ml,$765.36 
4500119599,02/28/2024,2024,Q1,02,03/29/2024,CA,1710,00870,48,Each,1.71,NRP,NRP43830,8.80617E+12,Frsh Herb Snail Cleans Foam 5.74 floz,$82.08 
4500119599,02/28/2024,2024,Q1,02,03/29/2024,CA,1710,00880,96,Each,9.26,PIT,PIT10246,8.80956E+12,Centella Green Lev Rcov Crm 1.69 fl oz,$888.96 
4500119599,02/28/2024,2024,Q1,02,03/29/2024,CA,1710,00890,42,Each,13.52,PIT,PIT10236,8.80956E+12,Bakuch Tmlss Blm Rev Serum 1.01 fl oz,$567.84 
4500119599,02/28/2024,2024,Q1,02,03/29/2024,CA,1710,00900,48,Each,1.71,NRP,NRP43829,8.80617E+12,Frsh Herb Aloe Cleans Foam 5.74 floz,$82.08 
4500119599,02/28/2024,2024,Q1,02,03/29/2024,CA,1710,00910,12,Each,2.96,NRP,NRP42355,8.80617E+12,BAMBOO CHARCOAL MUD PACK 150g,$35.52 
4500119599,02/28/2024,2024,Q1,02,03/29/2024,CA,1710,00920,120,Each,9.26,PIT,PIT10014,8.80956E+12,Centella Grn LevelBuffet Srm 2 floz,"$1,111.20 "
4500119599,02/28/2024,2024,Q1,02,03/29/2024,CA,1710,00930,80,Each,11.43,PIT,PIT10229,0,Weekend Getaway Kit 4 Piece 80ml,$914.40 
4500119599,02/28/2024,2024,Q1,02,03/29/2024,CA,1710,00940,135,Each,6.61,PIT,PIT10015,8.80956E+12,Centella Grn LevelEyeCrm 1 floz,$892.35 
4500119599,02/28/2024,2024,Q1,02,03/29/2024,CA,1710,00950,280,Each,9.26,PIT,PIT10031,8.80956E+12,Centella Unscnt Srm 2 floz,"$2,592.80 "
4500119600,02/28/2024,2024,Q1,02,03/29/2024,KY,1712,00010,40,Each,11.7,APL,APL21688,0,Hyaluron Shot Ampoule 100ml,$468.00 
4500119600,02/28/2024,2024,Q1,02,04/04/2024,KY,1712,00020,84,Each,9.64,PIT,PIT10082,8.80956E+12,Centella Unscented Mini Kit 3pc,$809.76 
4500119600,02/28/2024,2024,Q1,02,03/29/2024,KY,1712,00030,36,Each,7.69,SRI,SRI77899,8.80919E+12,Let Me Refresh Foam Cleanser 120ml,$276.84 
4500119600,02/28/2024,2024,Q1,02,04/04/2024,KY,1712,00040,198,Each,9.57,PIT,PIT10100,8.80956E+12,CENTELLA GREEN LEVEL CALM TONER 200ml,"$1,894.86 "
4500119600,02/28/2024,2024,Q1,02,03/29/2024,KY,1712,00050,40,Each,5.75,APL,APL21691,0,Hyaluron Shot Toner 220ml,$230.00 
4500119600,02/28/2024,2024,Q1,02,03/29/2024,KY,1712,00060,32,Each,15.38,SRI,SRI58874,8.80616E+12,Light It Up Essener 100ml,$492.16 
4500119600,02/28/2024,2024,Q1,02,03/29/2024,KY,1712,00070,40,Each,6.94,APL,APL21694,8.80401E+12,Hyaluron Shot Cream 60ml,$277.60 
4500119600,02/28/2024,2024,Q1,02,03/29/2024,KY,1712,00080,48,Each,9.4,SRI,SRI58863,8.80616E+12,Falling Into The Rose Mist 100ml,$451.20 
4500119600,02/28/2024,2024,Q1,02,04/04/2024,KY,1712,00090,135,Each,6.6,PIT,PIT10102,8.80956E+12,CENTELLA UNSCENTED EYE CREAM 30ml,$891.00 
4500119600,02/28/2024,2024,Q1,02,03/29/2024,KY,1712,00100,60,Each,12.1,APL,APL21699,8.80401E+12,Peptide Shot Ampoule 100ml,$726.00 
4500119600,02/28/2024,2024,Q1,02,03/29/2024,KY,1712,00110,20,Each,11.96,SRI,SRI55290,8.80616E+12,Calm Me Down Cream 50ml,$239.20 
4500119600,02/28/2024,2024,Q1,02,03/29/2024,KY,1712,00120,20,Each,8.13,APL,APL22040,8.80401E+12,Peeling Shot Ampoule 30ml,$162.60 
4500119600,02/28/2024,2024,Q1,02,03/29/2024,KY,1712,00130,132,Each,9.59,NRP,NRP48704,8.80617E+12,Blck Bean Invigo Hair Treatment 200ml,"$1,265.88 "
4500119600,02/28/2024,2024,Q1,02,03/29/2024,KY,1712,00140,72,Each,10.38,PIT,PIT10276,8.80956E+12,Clear Code Superfruit Cleanser 150 ml,$747.36 
4500119600,02/28/2024,2024,Q1,02,03/29/2024,KY,1712,00150,120,Each,11.34,NRP,NRP48703,8.80617E+12,Blck Bn Invig Hair Shampoo 10.14 floz,"$1,360.80 "
4500119600,02/28/2024,2024,Q1,02,03/29/2024,KY,1712,00160,42,Each,10.43,PIT,PIT10273,8.80956E+12,Clear Code Superfruit Serum 30 ml,$438.06 
4500119600,02/28/2024,2024,Q1,02,03/29/2024,KY,1712,00170,15,Each,10.95,PIT,PIT10265,8.80956E+12,DeepSea Droplet Serum SnowMushroom 30ml,$164.25 
4500119600,02/28/2024,2024,Q1,02,04/04/2024,KY,1712,00180,63,Each,12,PIT,PIT10260,8.80956E+12,Daily Soft Touch Sunscreen 2.02 fl oz,$756.00 
4500119600,02/28/2024,2024,Q1,02,04/04/2024,KY,1712,00190,240,Each,9.26,PIT,PIT10246,8.80956E+12,Centella Green Lev Rcov Crm 1.69 fl oz,"$2,222.40 "
4500119600,02/28/2024,2024,Q1,02,04/04/2024,KY,1712,00200,96,Each,11.43,PIT,PIT10229,0,Weekend Getaway Kit 4 Piece 80ml,"$1,097.28 "
4500119600,02/28/2024,2024,Q1,02,04/04/2024,KY,1712,00210,32,Each,6.16,PIT,PIT10221,8.80956E+12,Restore Cleansing Bar 3.52 oz,$197.12 
4500119600,02/28/2024,2024,Q1,02,04/04/2024,KY,1712,00220,32,Each,6.16,PIT,PIT10220,8.80956E+12,Refresh Cleansing Bar 3.52 oz,$197.12 
4500119600,02/28/2024,2024,Q1,02,04/04/2024,KY,1712,00230,40,Each,12,PIT,PIT10214,0,Dermide Balancing Barr Balm 2.02 fl oz,$480.00 
4500119600,02/28/2024,2024,Q1,02,03/29/2024,KY,1712,00240,36,Each,13.96,NRP,NRP48695,8.80617E+12,Kombuch Blck Tea Frst Essce 4.73 floz,$502.56 
4500119600,02/28/2024,2024,Q1,02,04/04/2024,KY,1712,00250,80,Each,9.92,PIT,PIT10213,8.80956E+12,Dermd Cica Barrier Sleep Pack2.7 fl oz,$793.60 
4500119600,02/28/2024,2024,Q1,02,03/29/2024,KY,1712,00260,132,Each,10.46,NRP,NRP48620,8.80617E+12,Real Sqze Ale Vera Hydro Eye Ptch 60ea,"$1,380.72 "
4500119600,02/28/2024,2024,Q1,02,03/29/2024,KY,1712,00270,108,Each,6.09,NRP,NRP48619,8.80617E+12,Real Squeeze Aloe Vera Eye Serum 15ml,$657.72 
4500119600,02/28/2024,2024,Q1,02,04/04/2024,KY,1712,00280,132,Each,12,PIT,PIT10212,8.80956E+12,Dermide Relf Barrier Msturiz 3.38 fl oz,"$1,584.00 "
4500119600,02/28/2024,2024,Q1,02,03/29/2024,KY,1712,00290,36,Each,12.65,NRP,NRP48605,8.80617E+12,Komb Blck Tea Treat Crm 1.69 floz,$455.40 
4500119600,02/28/2024,2024,Q1,02,04/04/2024,KY,1712,00300,160,Each,9.92,PIT,PIT10201,8.80956E+12,Galacto Niacin 97 Power Essence 2 fl oz,"$1,587.20 "
4500119600,02/28/2024,2024,Q1,02,03/29/2024,KY,1712,00310,36,Each,13.09,NRP,NRP48604,8.80617E+12,Kombuch Blck Tea Treat Amp 1.69 floz,$471.24 
4500119600,02/28/2024,2024,Q1,02,03/29/2024,KY,1712,00320,36,Each,10.9,NRP,NRP48603,8.80617E+12,Kombuch Blck Tea Treat Emul 4.39 floz,$392.40 
4500119600,02/28/2024,2024,Q1,02,03/29/2024,KY,1712,00330,108,Each,4.78,NRP,NRP48435,8.80617E+12,After Care Spot Patch 60-12 MM,$516.24 
4500119600,02/28/2024,2024,Q1,02,04/04/2024,KY,1712,00340,15,Each,9.29,PIT,PIT10184,8.80956E+12,Hydrop Sweet Gel Mask 3.52 fl oz,$139.35 
4500119600,02/28/2024,2024,Q1,02,03/29/2024,KY,1712,00350,72,Each,8.28,NRP,NRP48434,8.80617E+12,Real Squeeze Aloe Vera Balm 25g,$596.16 
4500119600,02/28/2024,2024,Q1,02,04/04/2024,KY,1712,00360,45,Each,9.29,PIT,PIT10183,0,Bentolin Pore Clay Mask 4.23 oz,$418.05 
4500119600,02/28/2024,2024,Q1,02,04/04/2024,KY,1712,00370,400,Each,10.18,PIT,PIT10144,8.80956E+12,B5 Panthenol Rebarrier Cream 2.7 fl oz,"$4,072.00 "
4500119600,02/28/2024,2024,Q1,02,04/04/2024,KY,1712,00380,175,Each,5.47,PIT,PIT10142,8.80956E+12,CICA CLEARING BBCRM 15 ROSE IVORY 1oz,$957.25 
4500119600,02/28/2024,2024,Q1,02,04/04/2024,KY,1712,00390,245,Each,5.47,PIT,PIT10141,8.80956E+12,CICA CLEARING BBCRM 13 NEUTRALIVORY 1oz,"$1,340.15 "
4500119600,02/28/2024,2024,Q1,02,03/29/2024,KY,1712,00400,20,Each,14.87,APL,APL22555,8.80401E+12,Ceramide Shot Ampoule 100ml,$297.40 
4500119600,02/28/2024,2024,Q1,02,04/04/2024,KY,1712,00410,30,Each,11.06,PIT,PIT10065,8.80956E+12,DermHA-3 Serum 50ml,$331.80 
4500119600,02/28/2024,2024,Q1,02,03/29/2024,KY,1712,00420,36,Each,8.28,NRP,NRP47346,8.80617E+12,Shea Butter Moist Steam Crm 3.38 floz,$298.08 
4500119600,02/28/2024,2024,Q1,02,03/29/2024,KY,1712,00430,36,Each,8.28,NRP,NRP47345,8.80617E+12,Shea Butter Ultra Steam Crm 3.38 fl oz,$298.08 
4500119600,02/28/2024,2024,Q1,02,04/04/2024,KY,1712,00440,264,Each,5.2,PIT,PIT10063,8.80956E+12,DefenceBrrier   5.07 flo,"$1,372.80 "
4500119600,02/28/2024,2024,Q1,02,03/29/2024,KY,1712,00450,36,Each,5.61,NRP,NRP47275,8.80617E+12,Super Aqua Max Comb Crm 2.70 floz,$201.96 
4500119600,02/28/2024,2024,Q1,02,04/04/2024,KY,1712,00460,12,Each,7.36,NRP,NRP47273,8.80617E+12,Super Aqua Max Watery Essence 50ml,$88.32 
4500119600,02/28/2024,2024,Q1,02,04/04/2024,KY,1712,00470,192,Each,9.63,PIT,PIT10039,8.80956E+12,SeaBuckthorn V  1.7 floz,"$1,848.96 "
4500119600,02/28/2024,2024,Q1,02,04/04/2024,KY,1712,00480,60,Each,6.29,NRP,NRP47193,8.80617E+12,Chamomile Forest Garden DpClnsOil 200ml,$377.40 
4500119600,02/28/2024,2024,Q1,02,04/04/2024,KY,1712,00490,336,Each,8.98,PIT,PIT10038,8.80956E+12,Deep Sea Pure WtrCrm 1.7 floz,"$3,017.28 "
4500119600,02/28/2024,2024,Q1,02,04/04/2024,KY,1712,00500,144,Each,7.59,PIT,PIT10035,8.80956E+12,GrnDeep FoamCl  5.07 flo,"$1,092.96 "
4500119600,02/28/2024,2024,Q1,02,04/04/2024,KY,1712,00510,120,Each,4.46,PIT,PIT10033,8.80956E+12,Care RcvryCica  51 Ptch,$535.20 
4500119600,02/28/2024,2024,Q1,02,04/04/2024,KY,1712,00520,480,Each,9.26,PIT,PIT10031,8.80956E+12,Centella Unscnt Srm 2 floz,"$4,444.80 "
4500119600,02/28/2024,2024,Q1,02,04/04/2024,KY,1712,00530,270,Each,6.61,PIT,PIT10015,8.80956E+12,Centella Grn LevelEyeCrm 1 floz,"$1,784.70 "
4500119600,02/28/2024,2024,Q1,02,04/04/2024,KY,1712,00540,200,Each,9.26,PIT,PIT10014,8.80956E+12,Centella Grn LevelBuffet Srm 2 floz,"$1,852.00 "
4500119600,02/28/2024,2024,Q1,02,04/04/2024,KY,1712,00550,36,Each,2.96,NRP,NRP42355,8.80617E+12,BAMBOO CHARCOAL MUD PACK 150g,$106.56 
4500119600,02/28/2024,2024,Q1,02,03/29/2024,KY,1712,00560,132,Each,1.71,NRP,NRP43829,8.80617E+12,Frsh Herb Aloe Cleans Foam 5.74 floz,$225.72 
4500119600,02/28/2024,2024,Q1,02,03/29/2024,KY,1712,00570,108,Each,4.78,NRP,NRP47070,8.80617E+12,Relf Cre Spot Patch 24-12 MM 36-10 MM,$516.24 
4500119600,02/28/2024,2024,Q1,02,03/29/2024,KY,1712,00580,36,Each,15.72,NRP,NRP47021,8.80617E+12,Snail Solution Cream 1.75 fl oz,$565.92 
4500119600,02/28/2024,2024,Q1,02,03/29/2024,KY,1712,00590,132,Each,1.71,NRP,NRP43830,8.80617E+12,Frsh Herb Snail Cleans Foam 5.74 floz,$225.72 
4500119600,02/28/2024,2024,Q1,02,03/29/2024,KY,1712,00600,36,Each,9.88,NRP,NRP46989,8.80617E+12,Snail Solution Emulsion 4.05 fl oz,$355.68 
4500119600,02/28/2024,2024,Q1,02,03/29/2024,KY,1712,00610,132,Each,1.71,NRP,NRP43831,8.80617E+12,Frsh Herb Peach Cleans Foam 5.74 floz,$225.72 
4500119600,02/28/2024,2024,Q1,02,04/04/2024,KY,1712,00620,30,Each,4.9,NRP,NRP46887,0,Super Aqua Max Dp Moist SleepPack 115ml,$147.00 
4500119600,02/28/2024,2024,Q1,02,04/04/2024,KY,1712,00630,48,Each,5.61,NRP,NRP46881,8.80617E+12,SUPER AQUA MAX MOISTURE WATERY CRM 80ml,$269.28 
4500119600,02/28/2024,2024,Q1,02,03/29/2024,KY,1712,00640,132,Each,1.71,NRP,NRP43832,8.80617E+12,Frsh Herb Acerol Cleans Foam 5.74 floz,$225.72 
4500119600,02/28/2024,2024,Q1,02,04/04/2024,KY,1712,00650,200,Each,0.45,NRP,NRP44935,8.80617E+12,REAL NATURE ROYAL JELLY MASK SHEET 23ml,$90.00 
4500119600,02/28/2024,2024,Q1,02,04/04/2024,KY,1712,00660,160,Each,0.45,NRP,NRP44946,8.80617E+12,REAL NATURE ROSE MASK SHEET 23ml,$72.00 
4500119600,02/28/2024,2024,Q1,02,04/04/2024,KY,1712,00670,40,Each,4.42,NRP,NRP46865,8.80617E+12,Argan Essential Moist Hair Mist 220ml,$176.80 
4500119600,02/28/2024,2024,Q1,02,04/04/2024,KY,1712,00680,18,Each,5.53,NRP,NRP46864,8.80617E+12,Argan Essential Curling Essence 100ml,$99.54 
4500119600,02/28/2024,2024,Q1,02,04/04/2024,KY,1712,00690,30,Each,7.08,NRP,NRP46862,8.80617E+12,Argan Essen Hair NoWash Treatmnt 160ml,$212.40 
4500119600,02/28/2024,2024,Q1,02,03/29/2024,KY,1712,00700,128,Each,10.46,NRP,NRP45415,8.80617E+12,Fresh Powdery Sun Stick SPF50 0.71 oz,"$1,338.88 "
4500119600,02/28/2024,2024,Q1,02,04/04/2024,KY,1712,00710,280,Each,0.45,NRP,NRP45606,8.80617E+12,REAL NATURE OLIVE MASK SHEET 23ml,$126.00 
4500119600,02/28/2024,2024,Q1,02,03/29/2024,KY,1712,00720,36,Each,8.28,NRP,NRP47347,8.80617E+12,Shea Butter Fresh Steam Crm 3.38 fl oz,$298.08 
4500119600,02/28/2024,2024,Q1,02,03/29/2024,KY,1712,00730,40,Each,11.7,APL,APL22634,8.80401E+12,Hyaluron Shot light Ampoule 100ml,$468.00 
4500119600,02/28/2024,2024,Q1,02,03/29/2024,KY,1712,00740,84,Each,7.49,APL,APL23223,0,Hyaluron Shot Light Gel Cream 80ml,$629.16 
4500119600,02/28/2024,2024,Q1,02,03/29/2024,KY,1712,00750,40,Each,8.53,APL,APL23239,8.80401E+12,Peptide Shot Ample 2X 30ml,$341.20 
4500119600,02/28/2024,2024,Q1,02,03/29/2024,KY,1712,00760,100,Each,7.93,APL,APL23405,0,Ceramide Shot Cream 50ml,$793.00 
4500119600,02/28/2024,2024,Q1,02,03/29/2024,KY,1712,00770,240,Each,5.75,APL,APL23865,8.80401E+12,Purifying Shot Cream Cleanser 150ml,"$1,380.00 "
4500119600,02/28/2024,2024,Q1,02,03/29/2024,KY,1712,00780,40,Each,5.75,APL,APL23866,8.80401E+12,Purifying Shot Pmpkn Enzy PeelGel 100ml,$230.00 
4500119600,02/28/2024,2024,Q1,02,03/29/2024,KY,1712,00790,200,Each,6.94,APL,APL24095,8.80401E+12,Centel Calming Shot Firs GelClnsr 150ml,"$1,388.00 "
4500119600,02/28/2024,2024,Q1,02,03/29/2024,KY,1712,00800,20,Each,8.26,APL,APL24448,0,Centel Calming Shot Cica Toner 200ml,$165.20 
4500119600,02/28/2024,2024,Q1,02,04/04/2024,KY,1712,00810,60,Each,2.47,NRP,NRP48361,8.80617E+12,SoothMoist AloeVera92 SoothGelMst 155ml,$148.20 
4500119600,02/28/2024,2024,Q1,02,04/04/2024,KY,1712,00820,36,Each,2.13,NRP,NRP48298,8.80617E+12,Sooth Moist AloeVeraClnsng GelCrm 150ml,$76.68 
4500119600,02/28/2024,2024,Q1,02,03/29/2024,KY,1712,00830,80,Each,10.25,SRI,SRI99708,8.80908E+12,Cleanse Me Softly Milk Cleanser 200ml,$820.00 
4500119600,02/28/2024,2024,Q1,02,03/29/2024,KY,1712,00840,132,Each,2.13,NRP,NRP48297,8.80617E+12,Aloe Vera Foam Cleanser 5.07 fl oz,$281.16 
4500119600,02/28/2024,2024,Q1,02,03/29/2024,KY,1712,00850,100,Each,2.39,NRP,NRP48296,8.80617E+12,Aloe Vera Cleansing Tissue 80 Shts,$239.00 
4500119600,02/28/2024,2024,Q1,02,03/29/2024,KY,1712,00860,66,Each,5.13,SRI,SRI99720,8.80908E+12,More Than Lip Balm 4g,$338.58 
4500119600,02/28/2024,2024,Q1,02,03/29/2024,KY,1712,00870,20,Each,7.69,SRI,SRI99757,8.80908E+12,Back To My Memories Handcream  50ml,$153.80 
4500119600,02/28/2024,2024,Q1,02,03/29/2024,KY,1712,00880,32,Each,10.25,SRI,SRI99761,8.80908E+12,Cleanse Me SoftlyMilkClnsr Citrus 200ml,$328.00 
4500119600,02/28/2024,2024,Q1,02,04/04/2024,KY,1712,00890,48,Each,4.18,PIT,PIT10075,8.80956E+12,Bamboo Charcoal Konjac Sponge 1pc,$200.64 
4500119600,02/28/2024,2024,Q1,02,03/29/2024,KY,1712,00900,36,Each,6.53,NRP,NRP48257,8.80617E+12,Green Derma Soothing Cream 100ml,$235.08 
4500119600,02/28/2024,2024,Q1,02,03/29/2024,KY,1712,00910,36,Each,11.34,NRP,NRP48222,8.80617E+12,Green Derma Mild Cica Cream 6.42 floz,$408.24 
4500119600,02/28/2024,2024,Q1,02,04/04/2024,KY,1712,00920,36,Each,4.18,PIT,PIT10074,8.80956E+12,Jeju Volcanic Scoria Konjac Sponge 1pc,$150.48 
4500119600,02/28/2024,2024,Q1,02,03/29/2024,KY,1712,00930,108,Each,8.71,NRP,NRP48221,8.80617E+12,Green Derma Mild Cica Serum 1.69 fl oz,$940.68 
4500119600,02/28/2024,2024,Q1,02,04/04/2024,KY,1712,00940,24,Each,4.71,NRP,NRP47890,8.80617E+12,Super Aqua Max Soft Peeling Gel 155ml,$113.04 
4500119600,02/28/2024,2024,Q1,02,04/04/2024,KY,1712,00950,156,Each,9.63,PIT,PIT10072,8.80956E+12,Pure VtmnCSrm  2 floz,"$1,502.28 "
4500119600,02/28/2024,2024,Q1,02,03/29/2024,KY,1712,00960,70,Each,7.84,TSN,TSN01018,0,TS Chkhan HairColorCream 08YlwBrwn 120g,$548.80 
4500119600,02/28/2024,2024,Q1,02,03/29/2024,KY,1712,00970,30,Each,7.84,TSN,TSN01014,8.80962E+12,TS Chkhan HairColorCream 05DkBrwn 120g,$235.20 
4500119600,02/28/2024,2024,Q1,02,03/29/2024,KY,1712,00980,26,Each,10.74,APL,APL24520,0,Ceramide Shot Dbl Core MultiBalm 110g,$279.24 
4500119600,02/28/2024,2024,Q1,02,03/29/2024,KY,1712,00990,36,Each,8.28,NRP,NRP47879,8.80617E+12,Real Squeeze Aloe Vera Emulsion 130ml,$298.08 
4500119600,02/28/2024,2024,Q1,02,04/04/2024,KY,1712,01000,175,Each,6.08,PIT,PIT10068,8.80956E+12,Cica Clrng BB CrmSPF38PA#271.0floz,"$1,064.00 "
4500119600,02/28/2024,2024,Q1,02,03/29/2024,KY,1712,01010,36,Each,3.46,NRP,NRP47553,8.80617E+12,Body Peel Mist Cotton Scnt 10.14 floz,$124.56 
4500119600,02/28/2024,2024,Q1,02,04/04/2024,KY,1712,01020,72,Each,4.45,NRP,NRP47490,8.80617E+12,Jeju Sparkling Mud Foam Cleanser 150ml,$320.40 
4500119600,02/28/2024,2024,Q1,02,04/04/2024,KY,1712,01030,42,Each,11.9,PIT,PIT10066,8.80956E+12,DermHA-3 Liquid 200ml,$499.80 
4500119997,03/01/2024,2024,Q1,03,04/09/2024,KY,1712,00010,64,Each,5.42,NRP,NRP46220,8.80617E+12,Collagen Skin Elasticity Ampoule 30 ml,$346.88 
4500119997,03/01/2024,2024,Q1,03,04/09/2024,KY,1712,00020,64,Each,5.42,NRP,NRP46222,8.80617E+12,Vitamin E Glossy Skin Ampoule 30 ml,$346.88 
4500119997,03/01/2024,2024,Q1,03,04/09/2024,KY,1712,00030,64,Each,5.42,NRP,NRP46216,8.80617E+12,Niacinamide Luminous Skin Ampoule 30 ml,$346.88 
4500119997,03/01/2024,2024,Q1,03,04/09/2024,KY,1712,00040,64,Each,5.42,NRP,NRP46214,8.80617E+12,Tea Tree Pore Care Ampoule 30 ml,$346.88 
4500119998,03/01/2024,2024,Q1,03,04/03/2024,CA,1710,00010,96,Each,5.42,NRP,NRP46220,8.80617E+12,Collagen Skin Elasticity Ampoule 30 ml,$520.32 
4500119998,03/01/2024,2024,Q1,03,04/03/2024,CA,1710,00020,96,Each,5.42,NRP,NRP46222,8.80617E+12,Vitamin E Glossy Skin Ampoule 30 ml,$520.32 
4500119998,03/01/2024,2024,Q1,03,04/03/2024,CA,1710,00030,96,Each,5.42,NRP,NRP46216,8.80617E+12,Niacinamide Luminous Skin Ampoule 30 ml,$520.32 
4500119998,03/01/2024,2024,Q1,03,04/03/2024,CA,1710,00040,96,Each,5.42,NRP,NRP46214,8.80617E+12,Tea Tree Pore Care Ampoule 30 ml,$520.32 
4500120964,03/06/2024,2024,Q1,03,04/05/2024,CA,1710,00010,100,Each,7.84,TSN,TSN01018,0,TS Chkhan HairColorCream 08YlwBrwn 120g,$784.00 
4500120964,03/06/2024,2024,Q1,03,04/05/2024,CA,1710,00020,60,Each,10.4,MUZ,MUZ58036,8.80984E+12,Objct Liq Lip Tnt 016 After .20 floz,$624.00 
4500120964,03/06/2024,2024,Q1,03,04/05/2024,CA,1710,00030,80,Each,12,PIT,PIT10214,0,Dermide Balancing Barr Balm 2.02 fl oz,$960.00 
4500120964,03/06/2024,2024,Q1,03,04/05/2024,CA,1710,00040,60,Each,10.4,MUZ,MUZ58055,8.80984E+12,Fitting Flush 05 Find 5 g,$624.00 
4500120964,03/06/2024,2024,Q1,03,04/05/2024,CA,1710,00050,60,Each,10.4,MUZ,MUZ58033,8.80984E+12,Objct Liq Lip Tnt 013 Appeal .20 floz,$624.00 
4500120964,03/06/2024,2024,Q1,03,04/05/2024,CA,1710,00060,60,Each,12.48,MUZ,MUZ58061,8.80984E+12,Fitting Highlighter Fabulous 5 g,$748.80 
4500120964,03/06/2024,2024,Q1,03,04/05/2024,CA,1710,00070,60,Each,13,MUZ,MUZ58072,8.80984E+12,Moodwear Blur Lipstick 002 Maxi 4 g,$780.00 
4500120964,03/06/2024,2024,Q1,03,04/05/2024,CA,1710,00080,60,Each,10.4,MUZ,MUZ58032,8.80984E+12,Objct Liq Lip Tnt 012 Symbol .20 floz,$624.00 
4500120964,03/06/2024,2024,Q1,03,04/05/2024,CA,1710,00090,60,Each,13,MUZ,MUZ58076,8.80984E+12,Moodwear Blur Lipstick 006 Ruffle 4 g,$780.00 
4500120964,03/06/2024,2024,Q1,03,04/05/2024,CA,1710,00100,60,Each,13,MUZ,MUZ58077,8.80984E+12,Moodwear Blur Lipstick 007 Hippy 4 g,$780.00 
4500120964,03/06/2024,2024,Q1,03,04/05/2024,CA,1710,00110,40,Each,10.4,MUZ,MUZ58028,8.80984E+12,Icy Glow 08 Deserve 0.18 fl oz,$416.00 
4500120964,03/06/2024,2024,Q1,03,04/05/2024,CA,1710,00120,60,Each,13,MUZ,MUZ58078,8.80984E+12,Moodwear Blur Lipstick 008 Revenge 4 g,$780.00 
4500120964,03/06/2024,2024,Q1,03,04/05/2024,CA,1710,00130,40,Each,10.4,MUZ,MUZ58027,8.80984E+12,Icy Glow 07 Purity 0.18 fl oz,$416.00 
4500120964,03/06/2024,2024,Q1,03,04/05/2024,CA,1710,00140,72,Each,24.4,MUZ,MUZ58082,8.80984E+12,Sleek Matt Cushion N21 30 g,"$1,756.80 "
4500120964,03/06/2024,2024,Q1,03,04/05/2024,CA,1710,00150,72,Each,24.4,MUZ,MUZ58083,8.80984E+12,Sleek Matt Cushion N23 30 g,"$1,756.80 "
4500120964,03/06/2024,2024,Q1,03,04/05/2024,CA,1710,00160,40,Each,10.4,MUZ,MUZ58026,8.80984E+12,Icy Glow 06 Cheshire 0.18 fl oz,$416.00 
4500120964,03/06/2024,2024,Q1,03,04/05/2024,CA,1710,00170,72,Each,24.4,MUZ,MUZ58084,8.80984E+12,Sleek Matt Cushion N25 30 g,"$1,756.80 "
4500120964,03/06/2024,2024,Q1,03,04/05/2024,CA,1710,00180,48,Each,9.63,PIT,PIT10072,8.80956E+12,Pure VtmnCSrm  2 floz,$462.24 
4500120964,03/06/2024,2024,Q1,03,04/05/2024,CA,1710,00190,60,Each,10.4,MUZ,MUZ58037,8.80984E+12,Objct Liq Lip Tnt 017 Softie .20 floz,$624.00 
4500120964,03/06/2024,2024,Q1,03,04/05/2024,CA,1710,00200,60,Each,10.4,MUZ,MUZ58053,8.80984E+12,Fitting Flush 03 Ecstasy 5 g,$624.00 
4500120964,03/06/2024,2024,Q1,03,04/05/2024,CA,1710,00210,21,Each,11.9,PIT,PIT10066,8.80956E+12,DermHA-3 Liquid 200ml,$249.90 
4500120964,03/06/2024,2024,Q1,03,04/05/2024,CA,1710,00220,60,Each,10.4,MUZ,MUZ58052,8.80984E+12,Fitting Flush 02 Kinda 5 g,$624.00 
4500120964,03/06/2024,2024,Q1,03,04/05/2024,CA,1710,00230,60,Each,10.4,MUZ,MUZ58051,8.80984E+12,Fitting Flush 01 Odd 5 g,$624.00 
4500120964,03/06/2024,2024,Q1,03,04/05/2024,CA,1710,00240,60,Each,10.4,MUZ,MUZ58047,8.80984E+12,Objct Mat Lip Tnt 007 Rare.20 floz,$624.00 
4500120964,03/06/2024,2024,Q1,03,04/05/2024,CA,1710,00250,60,Each,10.4,MUZ,MUZ58038,8.80984E+12,Objct Liq Lip Tnt 018 Knockout .20 floz,$624.00 
4500120964,03/06/2024,2024,Q1,03,04/05/2024,CA,1710,00260,60,Each,10.4,MUZ,MUZ58045,8.80984E+12,Objct Mat Lip Tnt 005 Diva .20 floz,$624.00 
4500120964,03/06/2024,2024,Q1,03,04/05/2024,CA,1710,00270,60,Each,10.4,MUZ,MUZ58044,8.80984E+12,Objct Mat Lip Tnt  004 Celeb .20 floz,$624.00 
4500120964,03/06/2024,2024,Q1,03,04/05/2024,CA,1710,00280,60,Each,10.4,MUZ,MUZ58005,8.80984E+12,Objct Liq Lip Tnt 005 Stunning .20 floz,$624.00 
4500120964,03/06/2024,2024,Q1,03,04/05/2024,CA,1710,00290,60,Each,10.4,MUZ,MUZ58043,8.80984E+12,Objct Mat Lip Tnt 003 Posh .20 floz,$624.00 
4500120964,03/06/2024,2024,Q1,03,04/05/2024,CA,1710,00300,60,Each,10.4,MUZ,MUZ58006,8.80984E+12,Objct Liq Lip Tnt 006 Notable .20 floz,$624.00 
4500120964,03/06/2024,2024,Q1,03,04/05/2024,CA,1710,00310,60,Each,10.4,MUZ,MUZ58009,8.80984E+12,Objct Liq Lip Tnt 009 Percept .20 floz,$624.00 
4500120964,03/06/2024,2024,Q1,03,04/05/2024,CA,1710,00320,60,Each,10.4,MUZ,MUZ58041,8.80984E+12,Objct Mat Lip Tnt 001 Signatre .20 floz,$624.00 
4500120964,03/06/2024,2024,Q1,03,04/05/2024,CA,1710,00330,60,Each,10.4,MUZ,MUZ58040,8.80984E+12,Objct Liq Lip Tnt 020 Pleasure .20 floz,$624.00 
4500120964,03/06/2024,2024,Q1,03,04/05/2024,CA,1710,00340,40,Each,10.4,MUZ,MUZ58021,8.80984E+12,Icy Glow 01 Vague 0.18 fl oz,$416.00 
4500120964,03/06/2024,2024,Q1,03,04/05/2024,CA,1710,00350,40,Each,10.4,MUZ,MUZ58025,8.80984E+12,Icy Glow 05 Temping 0.18 fl oz,$416.00 
4500120964,03/06/2024,2024,Q1,03,04/05/2024,CA,1710,00360,8,Each,2.59,NRP,NRP48295,8.80617E+12,Sooth Moist AloeVera 92 SoothGel 250ml,$20.72 
4500120964,03/06/2024,2024,Q1,03,04/05/2024,CA,1710,00370,96,Each,2.13,NRP,NRP48297,8.80617E+12,Aloe Vera Foam Cleanser 5.07 fl oz,$204.48 
4500120964,03/06/2024,2024,Q1,03,04/05/2024,CA,1710,00380,48,Each,2.47,NRP,NRP48361,8.80617E+12,SoothMoist AloeVera92 SoothGelMst 155ml,$118.56 
4500120964,03/06/2024,2024,Q1,03,04/05/2024,CA,1710,00390,40,Each,10.4,MUZ,MUZ58024,8.80984E+12,Icy Glow 04 Wonder 0.18 fl oz,$416.00 
4500120964,03/06/2024,2024,Q1,03,04/05/2024,CA,1710,00400,60,Each,10.4,MUZ,MUZ58002,8.80984E+12,Objct Liq Lip Tnt 002 Sequence .20 floz,$624.00 
4500120964,03/06/2024,2024,Q1,03,04/05/2024,CA,1710,00410,6,Each,7.08,NRP,NRP46862,8.80617E+12,Argan Essen Hair NoWash Treatmnt 160ml,$42.48 
4500120964,03/06/2024,2024,Q1,03,04/05/2024,CA,1710,00420,84,Each,7.49,APL,APL23223,0,Hyaluron Shot Light Gel Cream 80ml,$629.16 
4500120964,03/06/2024,2024,Q1,03,04/05/2024,CA,1710,00430,48,Each,9.26,PIT,PIT10246,8.80956E+12,Centella Green Lev Rcov Crm 1.69 fl oz,$444.48 
4500120964,03/06/2024,2024,Q1,03,04/05/2024,CA,1710,00440,100,Each,6.94,APL,APL24095,8.80401E+12,Centel Calming Shot Firs GelClnsr 150ml,$694.00 
4500120964,03/06/2024,2024,Q1,03,04/05/2024,CA,1710,00450,120,Each,5.75,APL,APL23865,8.80401E+12,Purifying Shot Cream Cleanser 150ml,$690.00 
4500120964,03/06/2024,2024,Q1,03,04/05/2024,CA,1710,00460,54,Each,10.63,PIT,PIT10247,8.80956E+12,Centella Unscented Recovery Cream 50ml,$574.02 
4500120964,03/06/2024,2024,Q1,03,04/05/2024,CA,1710,00470,56,Each,10.46,NRP,NRP45415,8.80617E+12,Fresh Powdery Sun Stick SPF50 0.71 oz,$585.76 
4500120964,03/06/2024,2024,Q1,03,04/05/2024,CA,1710,00480,20,Each,7.93,APL,APL23405,0,Ceramide Shot Cream 50ml,$158.60 
4500120964,03/06/2024,2024,Q1,03,04/05/2024,CA,1710,00490,36,Each,4.45,NRP,NRP47490,8.80617E+12,Jeju Sparkling Mud Foam Cleanser 150ml,$160.20 
4500120965,03/06/2024,2024,Q1,03,04/05/2024,KY,1712,00010,36,Each,15.72,NRP,NRP47021,8.80617E+12,Snail Solution Cream 1.75 fl oz,$565.92 
4500120965,03/06/2024,2024,Q1,03,04/11/2024,KY,1712,00020,18,Each,4.71,NRP,NRP47890,8.80617E+12,Super Aqua Max Soft Peeling Gel 155ml,$84.78 
4500120965,03/06/2024,2024,Q1,03,04/11/2024,KY,1712,00030,45,Each,10.4,MUZ,MUZ58037,8.80984E+12,Objct Liq Lip Tnt 017 Softie .20 floz,$468.00 
4500120965,03/06/2024,2024,Q1,03,04/11/2024,KY,1712,00040,35,Each,8.61,PIT,PIT10037,8.80956E+12,BHADead Skn Mo  3.38 flo,$301.35 
4500120965,03/06/2024,2024,Q1,03,04/11/2024,KY,1712,00050,24,Each,2.59,NRP,NRP48295,8.80617E+12,Sooth Moist AloeVera 92 SoothGel 250ml,$62.16 
4500120965,03/06/2024,2024,Q1,03,04/11/2024,KY,1712,00060,45,Each,10.4,MUZ,MUZ58002,8.80984E+12,Objct Liq Lip Tnt 002 Sequence .20 floz,$468.00 
4500120965,03/06/2024,2024,Q1,03,04/11/2024,KY,1712,00070,45,Each,10.4,MUZ,MUZ58038,8.80984E+12,Objct Liq Lip Tnt 018 Knockout .20 floz,$468.00 
4500120965,03/06/2024,2024,Q1,03,04/11/2024,KY,1712,00080,45,Each,10.4,MUZ,MUZ58005,8.80984E+12,Objct Liq Lip Tnt 005 Stunning .20 floz,$468.00 
4500120965,03/06/2024,2024,Q1,03,04/05/2024,KY,1712,00090,42,Each,10.43,PIT,PIT10273,8.80956E+12,Clear Code Superfruit Serum 30 ml,$438.06 
4500120965,03/06/2024,2024,Q1,03,04/11/2024,KY,1712,00100,45,Each,10.4,MUZ,MUZ58006,8.80984E+12,Objct Liq Lip Tnt 006 Notable .20 floz,$468.00 
4500120965,03/06/2024,2024,Q1,03,04/11/2024,KY,1712,00110,56,Each,12.53,PIT,PIT10257,8.80956E+12,Oatin Intense Cream 5.07 fl oz,$701.68 
4500120965,03/06/2024,2024,Q1,03,04/11/2024,KY,1712,00120,54,Each,9.93,PIT,PIT10253,8.80956E+12,From Green Cleansing Oil 6.76 fl oz,$536.22 
4500120965,03/06/2024,2024,Q1,03,04/11/2024,KY,1712,00130,45,Each,10.4,MUZ,MUZ58009,8.80984E+12,Objct Liq Lip Tnt 009 Percept .20 floz,$468.00 
4500120965,03/06/2024,2024,Q1,03,04/11/2024,KY,1712,00140,384,Each,9.26,PIT,PIT10246,8.80956E+12,Centella Green Lev Rcov Crm 1.69 fl oz,"$3,555.84 "
4500120965,03/06/2024,2024,Q1,03,04/05/2024,KY,1712,00150,40,Each,8.26,APL,APL24448,0,Centel Calming Shot Cica Toner 200ml,$330.40 
4500120965,03/06/2024,2024,Q1,03,04/11/2024,KY,1712,00160,30,Each,10.4,MUZ,MUZ58026,8.80984E+12,Icy Glow 06 Cheshire 0.18 fl oz,$312.00 
4500120965,03/06/2024,2024,Q1,03,04/11/2024,KY,1712,00170,16,Each,5.42,NRP,NRP46214,8.80617E+12,Tea Tree Pore Care Ampoule 30 ml,$86.72 
4500120965,03/06/2024,2024,Q1,03,04/11/2024,KY,1712,00180,30,Each,10.4,MUZ,MUZ58027,8.80984E+12,Icy Glow 07 Purity 0.18 fl oz,$312.00 
4500120965,03/06/2024,2024,Q1,03,04/05/2024,KY,1712,00190,84,Each,7.49,APL,APL23223,0,Hyaluron Shot Light Gel Cream 80ml,$629.16 
4500120965,03/06/2024,2024,Q1,03,04/11/2024,KY,1712,00200,30,Each,10.4,MUZ,MUZ58028,8.80984E+12,Icy Glow 08 Deserve 0.18 fl oz,$312.00 
4500120965,03/06/2024,2024,Q1,03,04/05/2024,KY,1712,00210,40,Each,19.63,APL,APL22401,8.80401E+12,24K Gold Shot Ampoule 100ml,$785.20 
4500120965,03/06/2024,2024,Q1,03,04/05/2024,KY,1712,00220,20,Each,8.13,APL,APL22040,8.80401E+12,Peeling Shot Ampoule 30ml,$162.60 
4500120965,03/06/2024,2024,Q1,03,04/05/2024,KY,1712,00230,24,Each,5.75,APL,APL21693,0,Hyaluron Shot Emulsion 130ml,$138.00 
4500120965,03/06/2024,2024,Q1,03,04/11/2024,KY,1712,00240,45,Each,10.4,MUZ,MUZ58032,8.80984E+12,Objct Liq Lip Tnt 012 Symbol .20 floz,$468.00 
4500120965,03/06/2024,2024,Q1,03,04/11/2024,KY,1712,00250,16,Each,5.42,NRP,NRP46216,8.80617E+12,Niacinamide Luminous Skin Ampoule 30 ml,$86.72 
4500120965,03/06/2024,2024,Q1,03,04/11/2024,KY,1712,00260,16,Each,5.42,NRP,NRP46220,8.80617E+12,Collagen Skin Elasticity Ampoule 30 ml,$86.72 
4500120965,03/06/2024,2024,Q1,03,04/11/2024,KY,1712,00270,16,Each,5.42,NRP,NRP46222,8.80617E+12,Vitamin E Glossy Skin Ampoule 30 ml,$86.72 
4500120965,03/06/2024,2024,Q1,03,04/11/2024,KY,1712,00280,36,Each,11.18,NRP,NRP46662,8.80617E+12,VITAPAIR C DARK SPOT SERUM 45ml,$402.48 
4500120965,03/06/2024,2024,Q1,03,04/11/2024,KY,1712,00290,45,Each,9.29,PIT,PIT10183,0,Bentolin Pore Clay Mask 4.23 oz,$418.05 
4500120965,03/06/2024,2024,Q1,03,04/11/2024,KY,1712,00300,220,Each,10.18,PIT,PIT10144,8.80956E+12,B5 Panthenol Rebarrier Cream 2.7 fl oz,"$2,239.60 "
4500120965,03/06/2024,2024,Q1,03,04/11/2024,KY,1712,00310,35,Each,5.47,PIT,PIT10143,8.80956E+12,CICA CLEARING BBCRM 31 DEEP WARM 1oz,$191.45 
4500120965,03/06/2024,2024,Q1,03,04/11/2024,KY,1712,00320,48,Each,12,PIT,PIT10096,8.80956E+12,DAILY GOTO SUNSCREEN 60ml,$576.00 
4500120965,03/06/2024,2024,Q1,03,04/11/2024,KY,1712,00330,45,Each,10.4,MUZ,MUZ58033,8.80984E+12,Objct Liq Lip Tnt 013 Appeal .20 floz,$468.00 
4500120965,03/06/2024,2024,Q1,03,04/11/2024,KY,1712,00340,40,Each,12,PIT,PIT10214,0,Dermide Balancing Barr Balm 2.02 fl oz,$480.00 
4500120965,03/06/2024,2024,Q1,03,04/11/2024,KY,1712,00350,45,Each,10.4,MUZ,MUZ58036,8.80984E+12,Objct Liq Lip Tnt 016 After .20 floz,$468.00 
4500120965,03/06/2024,2024,Q1,03,04/11/2024,KY,1712,00360,80,Each,11.43,PIT,PIT10229,0,Weekend Getaway Kit 4 Piece 80ml,$914.40 
4500120965,03/06/2024,2024,Q1,03,04/11/2024,KY,1712,00370,245,Each,6.08,PIT,PIT10069,8.80956E+12,Cica Clrng BB CrmSPF38PA#231.0floz,"$1,489.60 "
4500120965,03/06/2024,2024,Q1,03,04/11/2024,KY,1712,00380,45,Each,10.4,MUZ,MUZ58055,8.80984E+12,Fitting Flush 05 Find 5 g,$468.00 
4500120965,03/06/2024,2024,Q1,03,04/11/2024,KY,1712,00390,45,Each,12.48,MUZ,MUZ58061,8.80984E+12,Fitting Highlighter Fabulous 5 g,$561.60 
4500120965,03/06/2024,2024,Q1,03,04/11/2024,KY,1712,00400,45,Each,13,MUZ,MUZ58072,8.80984E+12,Moodwear Blur Lipstick 002 Maxi 4 g,$585.00 
4500120965,03/06/2024,2024,Q1,03,04/11/2024,KY,1712,00410,45,Each,13,MUZ,MUZ58076,8.80984E+12,Moodwear Blur Lipstick 006 Ruffle 4 g,$585.00 
4500120965,03/06/2024,2024,Q1,03,04/11/2024,KY,1712,00420,45,Each,13,MUZ,MUZ58077,8.80984E+12,Moodwear Blur Lipstick 007 Hippy 4 g,$585.00 
4500120965,03/06/2024,2024,Q1,03,04/11/2024,KY,1712,00430,45,Each,13,MUZ,MUZ58078,8.80984E+12,Moodwear Blur Lipstick 008 Revenge 4 g,$585.00 
4500120965,03/06/2024,2024,Q1,03,04/05/2024,KY,1712,00440,16,Each,10.25,SRI,SRI99708,8.80908E+12,Cleanse Me Softly Milk Cleanser 200ml,$164.00 
4500120965,03/06/2024,2024,Q1,03,04/11/2024,KY,1712,00450,54,Each,24.4,MUZ,MUZ58082,8.80984E+12,Sleek Matt Cushion N21 30 g,"$1,317.60 "
4500120965,03/06/2024,2024,Q1,03,04/11/2024,KY,1712,00460,54,Each,24.4,MUZ,MUZ58083,8.80984E+12,Sleek Matt Cushion N23 30 g,"$1,317.60 "
4500120965,03/06/2024,2024,Q1,03,04/11/2024,KY,1712,00470,54,Each,24.4,MUZ,MUZ58084,8.80984E+12,Sleek Matt Cushion N25 30 g,"$1,317.60 "
4500120965,03/06/2024,2024,Q1,03,04/11/2024,KY,1712,00480,30,Each,10.4,MUZ,MUZ58025,8.80984E+12,Icy Glow 05 Temping 0.18 fl oz,$312.00 
4500120965,03/06/2024,2024,Q1,03,04/11/2024,KY,1712,00490,30,Each,10.4,MUZ,MUZ58024,8.80984E+12,Icy Glow 04 Wonder 0.18 fl oz,$312.00 
4500120965,03/06/2024,2024,Q1,03,04/11/2024,KY,1712,00500,30,Each,10.4,MUZ,MUZ58021,8.80984E+12,Icy Glow 01 Vague 0.18 fl oz,$312.00 
4500120965,03/06/2024,2024,Q1,03,04/11/2024,KY,1712,00510,45,Each,10.4,MUZ,MUZ58053,8.80984E+12,Fitting Flush 03 Ecstasy 5 g,$468.00 
4500120965,03/06/2024,2024,Q1,03,04/11/2024,KY,1712,00520,45,Each,10.4,MUZ,MUZ58052,8.80984E+12,Fitting Flush 02 Kinda 5 g,$468.00 
4500120965,03/06/2024,2024,Q1,03,04/11/2024,KY,1712,00530,45,Each,10.4,MUZ,MUZ58051,8.80984E+12,Fitting Flush 01 Odd 5 g,$468.00 
4500120965,03/06/2024,2024,Q1,03,04/11/2024,KY,1712,00540,45,Each,10.4,MUZ,MUZ58047,8.80984E+12,Objct Mat Lip Tnt 007 Rare.20 floz,$468.00 
4500120965,03/06/2024,2024,Q1,03,04/11/2024,KY,1712,00550,45,Each,10.4,MUZ,MUZ58045,8.80984E+12,Objct Mat Lip Tnt 005 Diva .20 floz,$468.00 
4500120965,03/06/2024,2024,Q1,03,04/11/2024,KY,1712,00560,45,Each,10.4,MUZ,MUZ58044,8.80984E+12,Objct Mat Lip Tnt  004 Celeb .20 floz,$468.00 
4500120965,03/06/2024,2024,Q1,03,04/11/2024,KY,1712,00570,45,Each,10.4,MUZ,MUZ58043,8.80984E+12,Objct Mat Lip Tnt 003 Posh .20 floz,$468.00 
4500120965,03/06/2024,2024,Q1,03,04/11/2024,KY,1712,00580,45,Each,10.4,MUZ,MUZ58041,8.80984E+12,Objct Mat Lip Tnt 001 Signatre .20 floz,$468.00 
4500120965,03/06/2024,2024,Q1,03,04/11/2024,KY,1712,00590,45,Each,10.4,MUZ,MUZ58040,8.80984E+12,Objct Liq Lip Tnt 020 Pleasure .20 floz,$468.00 
4500121311,03/08/2024,2024,Q1,03,04/16/2024,KY,1712,00010,60,Each,10.4,MUZ,MUZ58041,8.80984E+12,Objct Mat Lip Tnt 001 Signatre .20 floz,$624.00 
4500121311,03/08/2024,2024,Q1,03,04/16/2024,KY,1712,00020,60,Each,10.4,MUZ,MUZ58043,8.80984E+12,Objct Mat Lip Tnt 003 Posh .20 floz,$624.00 
4500121311,03/08/2024,2024,Q1,03,04/16/2024,KY,1712,00030,60,Each,10.4,MUZ,MUZ58051,8.80984E+12,Fitting Flush 01 Odd 5 g,$624.00 
4500121311,03/08/2024,2024,Q1,03,04/16/2024,KY,1712,00040,60,Each,12.48,MUZ,MUZ58061,8.80984E+12,Fitting Highlighter Fabulous 5 g,$748.80 
4500121311,03/08/2024,2024,Q1,03,04/16/2024,KY,1712,00050,60,Each,10.4,MUZ,MUZ58052,8.80984E+12,Fitting Flush 02 Kinda 5 g,$624.00 
4500121311,03/08/2024,2024,Q1,03,04/16/2024,KY,1712,00060,40,Each,10.4,MUZ,MUZ58025,8.80984E+12,Icy Glow 05 Temping 0.18 fl oz,$416.00 
4500121311,03/08/2024,2024,Q1,03,04/16/2024,KY,1712,00070,60,Each,13,MUZ,MUZ58072,8.80984E+12,Moodwear Blur Lipstick 002 Maxi 4 g,$780.00 
4500121311,03/08/2024,2024,Q1,03,04/16/2024,KY,1712,00080,60,Each,13,MUZ,MUZ58076,8.80984E+12,Moodwear Blur Lipstick 006 Ruffle 4 g,$780.00 
4500121311,03/08/2024,2024,Q1,03,04/16/2024,KY,1712,00090,60,Each,10.4,MUZ,MUZ58047,8.80984E+12,Objct Mat Lip Tnt 007 Rare.20 floz,$624.00 
4500121311,03/08/2024,2024,Q1,03,04/16/2024,KY,1712,00100,60,Each,10.4,MUZ,MUZ58055,8.80984E+12,Fitting Flush 05 Find 5 g,$624.00 
4500121311,03/08/2024,2024,Q1,03,04/16/2024,KY,1712,00110,60,Each,10.4,MUZ,MUZ58038,8.80984E+12,Objct Liq Lip Tnt 018 Knockout .20 floz,$624.00 
4500121311,03/08/2024,2024,Q1,03,04/16/2024,KY,1712,00120,40,Each,10.4,MUZ,MUZ58021,8.80984E+12,Icy Glow 01 Vague 0.18 fl oz,$416.00 
4500121311,03/08/2024,2024,Q1,03,04/16/2024,KY,1712,00130,40,Each,10.4,MUZ,MUZ58024,8.80984E+12,Icy Glow 04 Wonder 0.18 fl oz,$416.00 
4500121311,03/08/2024,2024,Q1,03,04/16/2024,KY,1712,00140,40,Each,10.4,MUZ,MUZ58026,8.80984E+12,Icy Glow 06 Cheshire 0.18 fl oz,$416.00 
4500121311,03/08/2024,2024,Q1,03,04/16/2024,KY,1712,00150,40,Each,10.4,MUZ,MUZ58027,8.80984E+12,Icy Glow 07 Purity 0.18 fl oz,$416.00 
4500121311,03/08/2024,2024,Q1,03,04/16/2024,KY,1712,00160,40,Each,10.4,MUZ,MUZ58028,8.80984E+12,Icy Glow 08 Deserve 0.18 fl oz,$416.00 
4500121311,03/08/2024,2024,Q1,03,04/16/2024,KY,1712,00170,60,Each,10.4,MUZ,MUZ58002,8.80984E+12,Objct Liq Lip Tnt 002 Sequence .20 floz,$624.00 
4500121311,03/08/2024,2024,Q1,03,04/16/2024,KY,1712,00180,60,Each,10.4,MUZ,MUZ58005,8.80984E+12,Objct Liq Lip Tnt 005 Stunning .20 floz,$624.00 
4500121311,03/08/2024,2024,Q1,03,04/16/2024,KY,1712,00190,60,Each,10.4,MUZ,MUZ58006,8.80984E+12,Objct Liq Lip Tnt 006 Notable .20 floz,$624.00 
4500121311,03/08/2024,2024,Q1,03,04/16/2024,KY,1712,00200,60,Each,10.4,MUZ,MUZ58009,8.80984E+12,Objct Liq Lip Tnt 009 Percept .20 floz,$624.00 
4500121311,03/08/2024,2024,Q1,03,04/16/2024,KY,1712,00210,60,Each,10.4,MUZ,MUZ58032,8.80984E+12,Objct Liq Lip Tnt 012 Symbol .20 floz,$624.00 
4500121311,03/08/2024,2024,Q1,03,04/16/2024,KY,1712,00220,60,Each,10.4,MUZ,MUZ58033,8.80984E+12,Objct Liq Lip Tnt 013 Appeal .20 floz,$624.00 
4500121311,03/08/2024,2024,Q1,03,04/16/2024,KY,1712,00230,60,Each,10.4,MUZ,MUZ58040,8.80984E+12,Objct Liq Lip Tnt 020 Pleasure .20 floz,$624.00 
4500121311,03/08/2024,2024,Q1,03,04/16/2024,KY,1712,00240,60,Each,13,MUZ,MUZ58077,8.80984E+12,Moodwear Blur Lipstick 007 Hippy 4 g,$780.00 
4500121311,03/08/2024,2024,Q1,03,04/16/2024,KY,1712,00250,60,Each,13,MUZ,MUZ58078,8.80984E+12,Moodwear Blur Lipstick 008 Revenge 4 g,$780.00 
4500121311,03/08/2024,2024,Q1,03,04/16/2024,KY,1712,00260,72,Each,24.4,MUZ,MUZ58081,8.80984E+12,Sleek Matt Cushion N19 30 g,"$1,756.80 "
4500121311,03/08/2024,2024,Q1,03,04/16/2024,KY,1712,00270,72,Each,24.4,MUZ,MUZ58082,8.80984E+12,Sleek Matt Cushion N21 30 g,"$1,756.80 "
4500121311,03/08/2024,2024,Q1,03,04/16/2024,KY,1712,00280,72,Each,24.4,MUZ,MUZ58083,8.80984E+12,Sleek Matt Cushion N23 30 g,"$1,756.80 "
4500121311,03/08/2024,2024,Q1,03,04/16/2024,KY,1712,00290,72,Each,24.4,MUZ,MUZ58084,8.80984E+12,Sleek Matt Cushion N25 30 g,"$1,756.80 "
4500121311,03/08/2024,2024,Q1,03,04/16/2024,KY,1712,00300,60,Each,10.4,MUZ,MUZ58036,8.80984E+12,Objct Liq Lip Tnt 016 After .20 floz,$624.00 
4500121312,03/08/2024,2024,Q1,03,04/10/2024,CA,1710,00010,90,Each,10.4,MUZ,MUZ58041,8.80984E+12,Objct Mat Lip Tnt 001 Signatre .20 floz,$936.00 
4500121312,03/08/2024,2024,Q1,03,04/10/2024,CA,1710,00020,90,Each,10.4,MUZ,MUZ58043,8.80984E+12,Objct Mat Lip Tnt 003 Posh .20 floz,$936.00 
4500121312,03/08/2024,2024,Q1,03,04/10/2024,CA,1710,00030,90,Each,10.4,MUZ,MUZ58051,8.80984E+12,Fitting Flush 01 Odd 5 g,$936.00 
4500121312,03/08/2024,2024,Q1,03,04/10/2024,CA,1710,00040,90,Each,12.48,MUZ,MUZ58061,8.80984E+12,Fitting Highlighter Fabulous 5 g,"$1,123.20 "
4500121312,03/08/2024,2024,Q1,03,04/10/2024,CA,1710,00050,90,Each,10.4,MUZ,MUZ58052,8.80984E+12,Fitting Flush 02 Kinda 5 g,$936.00 
4500121312,03/08/2024,2024,Q1,03,04/10/2024,CA,1710,00060,60,Each,10.4,MUZ,MUZ58025,8.80984E+12,Icy Glow 05 Temping 0.18 fl oz,$624.00 
4500121312,03/08/2024,2024,Q1,03,04/10/2024,CA,1710,00070,90,Each,13,MUZ,MUZ58072,8.80984E+12,Moodwear Blur Lipstick 002 Maxi 4 g,"$1,170.00 "
4500121312,03/08/2024,2024,Q1,03,04/10/2024,CA,1710,00080,90,Each,13,MUZ,MUZ58076,8.80984E+12,Moodwear Blur Lipstick 006 Ruffle 4 g,"$1,170.00 "
4500121312,03/08/2024,2024,Q1,03,04/10/2024,CA,1710,00090,90,Each,10.4,MUZ,MUZ58047,8.80984E+12,Objct Mat Lip Tnt 007 Rare.20 floz,$936.00 
4500121312,03/08/2024,2024,Q1,03,04/10/2024,CA,1710,00100,90,Each,10.4,MUZ,MUZ58055,8.80984E+12,Fitting Flush 05 Find 5 g,$936.00 
4500121312,03/08/2024,2024,Q1,03,04/10/2024,CA,1710,00110,90,Each,10.4,MUZ,MUZ58038,8.80984E+12,Objct Liq Lip Tnt 018 Knockout .20 floz,$936.00 
4500121312,03/08/2024,2024,Q1,03,04/10/2024,CA,1710,00120,60,Each,10.4,MUZ,MUZ58021,8.80984E+12,Icy Glow 01 Vague 0.18 fl oz,$624.00 
4500121312,03/08/2024,2024,Q1,03,04/10/2024,CA,1710,00130,60,Each,10.4,MUZ,MUZ58024,8.80984E+12,Icy Glow 04 Wonder 0.18 fl oz,$624.00 
4500121312,03/08/2024,2024,Q1,03,04/10/2024,CA,1710,00140,60,Each,10.4,MUZ,MUZ58026,8.80984E+12,Icy Glow 06 Cheshire 0.18 fl oz,$624.00 
4500121312,03/08/2024,2024,Q1,03,04/10/2024,CA,1710,00150,60,Each,10.4,MUZ,MUZ58027,8.80984E+12,Icy Glow 07 Purity 0.18 fl oz,$624.00 
4500121312,03/08/2024,2024,Q1,03,04/10/2024,CA,1710,00160,60,Each,10.4,MUZ,MUZ58028,8.80984E+12,Icy Glow 08 Deserve 0.18 fl oz,$624.00 
4500121312,03/08/2024,2024,Q1,03,04/10/2024,CA,1710,00170,90,Each,10.4,MUZ,MUZ58002,8.80984E+12,Objct Liq Lip Tnt 002 Sequence .20 floz,$936.00 
4500121312,03/08/2024,2024,Q1,03,04/10/2024,CA,1710,00180,90,Each,10.4,MUZ,MUZ58005,8.80984E+12,Objct Liq Lip Tnt 005 Stunning .20 floz,$936.00 
4500121312,03/08/2024,2024,Q1,03,04/10/2024,CA,1710,00190,90,Each,10.4,MUZ,MUZ58006,8.80984E+12,Objct Liq Lip Tnt 006 Notable .20 floz,$936.00 
4500121312,03/08/2024,2024,Q1,03,04/10/2024,CA,1710,00200,90,Each,10.4,MUZ,MUZ58009,8.80984E+12,Objct Liq Lip Tnt 009 Percept .20 floz,$936.00 
4500121312,03/08/2024,2024,Q1,03,04/10/2024,CA,1710,00210,90,Each,10.4,MUZ,MUZ58032,8.80984E+12,Objct Liq Lip Tnt 012 Symbol .20 floz,$936.00 
4500121312,03/08/2024,2024,Q1,03,04/10/2024,CA,1710,00220,90,Each,10.4,MUZ,MUZ58033,8.80984E+12,Objct Liq Lip Tnt 013 Appeal .20 floz,$936.00 
4500121312,03/08/2024,2024,Q1,03,04/10/2024,CA,1710,00230,90,Each,10.4,MUZ,MUZ58040,8.80984E+12,Objct Liq Lip Tnt 020 Pleasure .20 floz,$936.00 
4500121312,03/08/2024,2024,Q1,03,04/10/2024,CA,1710,00240,90,Each,13,MUZ,MUZ58077,8.80984E+12,Moodwear Blur Lipstick 007 Hippy 4 g,"$1,170.00 "
4500121312,03/08/2024,2024,Q1,03,04/10/2024,CA,1710,00250,90,Each,13,MUZ,MUZ58078,8.80984E+12,Moodwear Blur Lipstick 008 Revenge 4 g,"$1,170.00 "
4500121312,03/08/2024,2024,Q1,03,04/10/2024,CA,1710,00260,108,Each,24.4,MUZ,MUZ58081,8.80984E+12,Sleek Matt Cushion N19 30 g,"$2,635.20 "
4500121312,03/08/2024,2024,Q1,03,04/10/2024,CA,1710,00270,108,Each,24.4,MUZ,MUZ58082,8.80984E+12,Sleek Matt Cushion N21 30 g,"$2,635.20 "
4500121312,03/08/2024,2024,Q1,03,04/10/2024,CA,1710,00280,108,Each,24.4,MUZ,MUZ58083,8.80984E+12,Sleek Matt Cushion N23 30 g,"$2,635.20 "
4500121312,03/08/2024,2024,Q1,03,04/10/2024,CA,1710,00290,108,Each,24.4,MUZ,MUZ58084,8.80984E+12,Sleek Matt Cushion N25 30 g,"$2,635.20 "
4500121312,03/08/2024,2024,Q1,03,04/10/2024,CA,1710,00300,90,Each,10.4,MUZ,MUZ58036,8.80984E+12,Objct Liq Lip Tnt 016 After .20 floz,$936.00 
4500122010,03/14/2024,2024,Q1,03,04/15/2024,CA,1710,00010,80,Each,5.75,APL,APL23866,8.80401E+12,Purifying Shot Pmpkn Enzy PeelGel 100ml,$460.00 
4500122010,03/14/2024,2024,Q1,03,04/15/2024,CA,1710,00020,84,Each,4.96,APL,APL23536,8.80401E+12,Hyaluron Shot Eye Cream 25ml,$416.64 
4500122010,03/14/2024,2024,Q1,03,04/15/2024,CA,1710,00030,40,Each,7.93,APL,APL23405,0,Ceramide Shot Cream 50ml,$317.20 
4500122010,03/14/2024,2024,Q1,03,04/15/2024,CA,1710,00040,84,Each,7.49,APL,APL23223,0,Hyaluron Shot Light Gel Cream 80ml,$629.16 
4500122010,03/14/2024,2024,Q1,03,04/15/2024,CA,1710,00050,20,Each,14.87,APL,APL22555,8.80401E+12,Ceramide Shot Ampoule 100ml,$297.40 
4500122010,03/14/2024,2024,Q1,03,04/15/2024,CA,1710,00060,20,Each,19.63,APL,APL22401,8.80401E+12,24K Gold Shot Ampoule 100ml,$392.60 
4500122010,03/14/2024,2024,Q1,03,04/15/2024,CA,1710,00070,60,Each,12.1,APL,APL21699,8.80401E+12,Peptide Shot Ampoule 100ml,$726.00 
4500122010,03/14/2024,2024,Q1,03,04/15/2024,CA,1710,00080,100,Each,7.84,TSN,TSN01018,0,TS Chkhan HairColorCream 08YlwBrwn 120g,$784.00 
4500122010,03/14/2024,2024,Q1,03,04/15/2024,CA,1710,00090,24,Each,2.47,NRP,NRP48361,8.80617E+12,SoothMoist AloeVera92 SoothGelMst 155ml,$59.28 
4500122010,03/14/2024,2024,Q1,03,04/15/2024,CA,1710,00100,80,Each,2.39,NRP,NRP48296,8.80617E+12,Aloe Vera Cleansing Tissue 80 Shts,$191.20 
4500122010,03/14/2024,2024,Q1,03,04/15/2024,CA,1710,00110,24,Each,6.53,NRP,NRP48257,8.80617E+12,Green Derma Soothing Cream 100ml,$156.72 
4500122010,03/14/2024,2024,Q1,03,04/15/2024,CA,1710,00120,36,Each,11.34,NRP,NRP48222,8.80617E+12,Green Derma Mild Cica Cream 6.42 floz,$408.24 
4500122010,03/14/2024,2024,Q1,03,04/15/2024,CA,1710,00130,72,Each,8.71,NRP,NRP48221,8.80617E+12,Green Derma Mild Cica Serum 1.69 fl oz,$627.12 
4500122010,03/14/2024,2024,Q1,03,04/15/2024,CA,1710,00140,36,Each,3.46,NRP,NRP47553,8.80617E+12,Body Peel Mist Cotton Scnt 10.14 floz,$124.56 
4500122010,03/14/2024,2024,Q1,03,04/15/2024,CA,1710,00150,60,Each,4.45,NRP,NRP47490,8.80617E+12,Jeju Sparkling Mud Foam Cleanser 150ml,$267.00 
4500122010,03/14/2024,2024,Q1,03,04/15/2024,CA,1710,00160,36,Each,8.28,NRP,NRP47347,8.80617E+12,Shea Butter Fresh Steam Crm 3.38 fl oz,$298.08 
4500122010,03/14/2024,2024,Q1,03,04/15/2024,CA,1710,00170,36,Each,8.28,NRP,NRP47345,8.80617E+12,Shea Butter Ultra Steam Crm 3.38 fl oz,$298.08 
4500122010,03/14/2024,2024,Q1,03,04/15/2024,CA,1710,00180,48,Each,5.61,NRP,NRP47275,8.80617E+12,Super Aqua Max Comb Crm 2.70 floz,$269.28 
4500122010,03/14/2024,2024,Q1,03,04/15/2024,CA,1710,00190,84,Each,4.78,NRP,NRP47070,8.80617E+12,Relf Cre Spot Patch 24-12 MM 36-10 MM,$401.52 
4500122010,03/14/2024,2024,Q1,03,04/15/2024,CA,1710,00200,48,Each,15.72,NRP,NRP47021,8.80617E+12,Snail Solution Cream 1.75 fl oz,$754.56 
4500122010,03/14/2024,2024,Q1,03,04/15/2024,CA,1710,00210,36,Each,9.88,NRP,NRP46989,8.80617E+12,Snail Solution Emulsion 4.05 fl oz,$355.68 
4500122010,03/14/2024,2024,Q1,03,04/15/2024,CA,1710,00220,36,Each,5.61,NRP,NRP46881,8.80617E+12,SUPER AQUA MAX MOISTURE WATERY CRM 80ml,$201.96 
4500122010,03/14/2024,2024,Q1,03,04/15/2024,CA,1710,00230,18,Each,6.03,NRP,NRP46863,8.80617E+12,Argan Essential Deep Care Hair Ess 80ml,$108.54 
4500122010,03/14/2024,2024,Q1,03,04/15/2024,CA,1710,00240,24,Each,11.18,NRP,NRP46662,8.80617E+12,VITAPAIR C DARK SPOT SERUM 45ml,$268.32 
4500122010,03/14/2024,2024,Q1,03,04/15/2024,CA,1710,00250,80,Each,0.45,NRP,NRP45607,8.80617E+12,REAL NATURE SHEA BUTTER MASK SHEET 23ml,$36.00 
4500122010,03/14/2024,2024,Q1,03,04/15/2024,CA,1710,00260,80,Each,0.45,NRP,NRP44946,8.80617E+12,REAL NATURE ROSE MASK SHEET 23ml,$36.00 
4500122010,03/14/2024,2024,Q1,03,04/15/2024,CA,1710,00270,40,Each,0.45,NRP,NRP44938,8.80617E+12,REAL NATURE TOMATO MASK SHEET 23ml,$18.00 
4500122010,03/14/2024,2024,Q1,03,04/15/2024,CA,1710,00280,80,Each,0.45,NRP,NRP44935,8.80617E+12,REAL NATURE ROYAL JELLY MASK SHEET 23ml,$36.00 
4500122010,03/14/2024,2024,Q1,03,04/15/2024,CA,1710,00290,36,Each,1.71,NRP,NRP43832,8.80617E+12,Frsh Herb Acerol Cleans Foam 5.74 floz,$61.56 
4500122010,03/14/2024,2024,Q1,03,04/15/2024,CA,1710,00300,36,Each,1.71,NRP,NRP43831,8.80617E+12,Frsh Herb Peach Cleans Foam 5.74 floz,$61.56 
4500122010,03/14/2024,2024,Q1,03,04/15/2024,CA,1710,00310,36,Each,1.71,NRP,NRP43830,8.80617E+12,Frsh Herb Snail Cleans Foam 5.74 floz,$61.56 
4500122010,03/14/2024,2024,Q1,03,04/15/2024,CA,1710,00320,36,Each,1.71,NRP,NRP43829,8.80617E+12,Frsh Herb Aloe Cleans Foam 5.74 floz,$61.56 
4500122010,03/14/2024,2024,Q1,03,04/15/2024,CA,1710,00330,48,Each,8.28,NRP,NRP48434,8.80617E+12,Real Squeeze Aloe Vera Balm 25g,$397.44 
4500122010,03/14/2024,2024,Q1,03,04/15/2024,CA,1710,00340,84,Each,4.78,NRP,NRP48435,8.80617E+12,After Care Spot Patch 60-12 MM,$401.52 
4500122010,03/14/2024,2024,Q1,03,04/15/2024,CA,1710,00350,24,Each,12.65,NRP,NRP48605,8.80617E+12,Komb Blck Tea Treat Crm 1.69 floz,$303.60 
4500122010,03/14/2024,2024,Q1,03,04/15/2024,CA,1710,00360,72,Each,6.09,NRP,NRP48619,8.80617E+12,Real Squeeze Aloe Vera Eye Serum 15ml,$438.48 
4500122010,03/14/2024,2024,Q1,03,04/15/2024,CA,1710,00370,84,Each,10.46,NRP,NRP48620,8.80617E+12,Real Sqze Ale Vera Hydro Eye Ptch 60ea,$878.64 
4500122010,03/14/2024,2024,Q1,03,04/15/2024,CA,1710,00380,84,Each,11.34,NRP,NRP48703,8.80617E+12,Blck Bn Invig Hair Shampoo 10.14 floz,$952.56 
4500122010,03/14/2024,2024,Q1,03,04/15/2024,CA,1710,00390,84,Each,9.59,NRP,NRP48704,8.80617E+12,Blck Bean Invigo Hair Treatment 200ml,$805.56 
4500122010,03/14/2024,2024,Q1,03,04/15/2024,CA,1710,00400,45,Each,4.96,PIT,PIT10015,8.80956E+12,Centella Grn LevelEyeCrm 1 floz,$223.20 
4500122010,03/14/2024,2024,Q1,03,04/15/2024,CA,1710,00410,35,Each,8.61,PIT,PIT10037,8.80956E+12,BHADead Skn Mo  3.38 flo,$301.35 
4500122010,03/14/2024,2024,Q1,03,04/15/2024,CA,1710,00420,80,Each,12,PIT,PIT10214,0,Dermide Balancing Barr Balm 2.02 fl oz,$960.00 
4500122010,03/14/2024,2024,Q1,03,04/15/2024,CA,1710,00430,16,Each,11.43,PIT,PIT10229,0,Weekend Getaway Kit 4 Piece 80ml,$182.88 
4500122010,03/14/2024,2024,Q1,03,04/15/2024,CA,1710,00440,20,Each,11.53,SRI,SRI99760,8.80908E+12,Organic Hand Lip Care Set 50ml4g,$230.60 
4500122010,03/14/2024,2024,Q1,03,04/15/2024,CA,1710,00450,16,Each,10.25,SRI,SRI99708,8.80908E+12,Cleanse Me Softly Milk Cleanser 200ml,$164.00 
4500122010,03/14/2024,2024,Q1,03,04/15/2024,CA,1710,00460,36,Each,16.23,SRI,SRI77910,8.80919E+12,All Your Love Body Cream 300ml,$584.28 
4500122069,03/14/2024,2024,Q1,03,04/19/2024,KY,1712,00010,20,Each,10.18,PIT,PIT10144,8.80956E+12,B5 Panthenol Rebarrier Cream 2.7 fl oz,$203.60 
4500122069,03/14/2024,2024,Q1,03,04/19/2024,KY,1712,00020,45,Each,9.29,PIT,PIT10183,0,Bentolin Pore Clay Mask 4.23 oz,$418.05 
4500122069,03/14/2024,2024,Q1,03,04/19/2024,KY,1712,00030,40,Each,12,PIT,PIT10214,0,Dermide Balancing Barr Balm 2.02 fl oz,$480.00 
4500122069,03/14/2024,2024,Q1,03,04/19/2024,KY,1712,00040,112,Each,11.43,PIT,PIT10229,0,Weekend Getaway Kit 4 Piece 80ml,"$1,280.16 "
4500122069,03/14/2024,2024,Q1,03,04/19/2024,KY,1712,00050,15,Each,10.18,PIT,PIT10230,8.80956E+12,Breeze Water Gel Cream 2.7 fl oz,$152.70 
4500122069,03/14/2024,2024,Q1,03,04/19/2024,KY,1712,00060,84,Each,13.52,PIT,PIT10236,8.80956E+12,Bakuch Tmlss Blm Rev Serum 1.01 fl oz,"$1,135.68 "
4500122069,03/14/2024,2024,Q1,03,04/15/2024,KY,1712,00070,60,Each,9.8,TSN,TSN01025,8.80962E+12,Premium TS Treatment 200ml,$588.00 
4500122069,03/14/2024,2024,Q1,03,04/15/2024,KY,1712,00080,40,Each,7.84,TSN,TSN01017,8.80962E+12,TS Chkhan HairColorCream 07LtBrwn 120g,$313.60 
4500122069,03/14/2024,2024,Q1,03,04/15/2024,KY,1712,00090,80,Each,7.84,TSN,TSN01014,8.80962E+12,TS Chkhan HairColorCream 05DkBrwn 120g,$627.20 
4500122069,03/14/2024,2024,Q1,03,04/15/2024,KY,1712,00100,20,Each,7.84,TSN,TSN01013,8.80962E+12,TS Chkhan Hair Color Cream 03Black 120g,$156.80 
4500122069,03/14/2024,2024,Q1,03,04/15/2024,KY,1712,00110,80,Each,12.1,APL,APL21699,8.80401E+12,Peptide Shot Ampoule 100ml,$968.00 
4500122069,03/14/2024,2024,Q1,03,04/15/2024,KY,1712,00120,40,Each,13.88,APL,APL22043,8.80401E+12,VC Shot Ampoule 100ml,$555.20 
4500122069,03/14/2024,2024,Q1,03,04/15/2024,KY,1712,00130,20,Each,10.91,APL,APL22249,0,Purifying Shot Toner 600ml,$218.20 
4500122069,03/14/2024,2024,Q1,03,04/19/2024,KY,1712,00140,90,Each,4.88,PIT,PIT10102,8.80956E+12,CENTELLA UNSCENTED EYE CREAM 30ml,$439.20 
4500122069,03/14/2024,2024,Q1,03,04/15/2024,KY,1712,00150,32,Each,9.4,SRI,SRI99705,8.80908E+12,Time Is Running Out Mist 100ml,$300.80 
4500122069,03/14/2024,2024,Q1,03,04/15/2024,KY,1712,00160,24,Each,5.75,APL,APL21693,0,Hyaluron Shot Emulsion 130ml,$138.00 
4500122069,03/14/2024,2024,Q1,03,04/15/2024,KY,1712,00170,40,Each,5.75,APL,APL21691,0,Hyaluron Shot Toner 220ml,$230.00 
4500122069,03/14/2024,2024,Q1,03,04/19/2024,KY,1712,00180,84,Each,7.23,PIT,PIT10082,8.80956E+12,Centella Unscented Mini Kit 3pc,$607.32 
4500122069,03/14/2024,2024,Q1,03,04/19/2024,KY,1712,00190,42,Each,11.9,PIT,PIT10066,8.80956E+12,DermHA-3 Liquid 200ml,$499.80 
4500122069,03/14/2024,2024,Q1,03,04/19/2024,KY,1712,00200,45,Each,11.06,PIT,PIT10065,8.80956E+12,DermHA-3 Serum 50ml,$497.70 
4500122069,03/14/2024,2024,Q1,03,04/19/2024,KY,1712,00210,288,Each,5.2,PIT,PIT10063,8.80956E+12,DefenceBrrier   5.07 flo,"$1,497.60 "
4500122069,03/14/2024,2024,Q1,03,04/15/2024,KY,1712,00220,18,Each,24.4,MUZ,MUZ58081,8.80984E+12,Sleek Matt Cushion N19 30 g,$439.20 
4500122069,03/14/2024,2024,Q1,03,04/19/2024,KY,1712,00230,90,Each,4.96,PIT,PIT10015,8.80956E+12,Centella Grn LevelEyeCrm 1 floz,$446.40 
4500122069,03/14/2024,2024,Q1,03,04/19/2024,KY,1712,00240,80,Each,0.45,NRP,NRP44948,8.80617E+12,REAL NATURE TEA TREE MASK SHEET 23ml,$36.00 
4500122069,03/14/2024,2024,Q1,03,04/19/2024,KY,1712,00250,120,Each,0.45,NRP,NRP45607,8.80617E+12,REAL NATURE SHEA BUTTER MASK SHEET 23ml,$54.00 
4500122069,03/14/2024,2024,Q1,03,04/15/2024,KY,1712,00260,112,Each,5.42,NRP,NRP46214,8.80617E+12,Tea Tree Pore Care Ampoule 30 ml,$607.04 
4500122069,03/14/2024,2024,Q1,03,04/15/2024,KY,1712,00270,112,Each,5.42,NRP,NRP46216,8.80617E+12,Niacinamide Luminous Skin Ampoule 30 ml,$607.04 
4500122069,03/14/2024,2024,Q1,03,04/19/2024,KY,1712,00280,30,Each,4.71,NRP,NRP47890,8.80617E+12,Super Aqua Max Soft Peeling Gel 155ml,$141.30 
4500122069,03/14/2024,2024,Q1,03,04/15/2024,KY,1712,00290,36,Each,5.61,NRP,NRP47275,8.80617E+12,Super Aqua Max Comb Crm 2.70 floz,$201.96 
4500122069,03/14/2024,2024,Q1,03,04/19/2024,KY,1712,00300,6,Each,6.8,NRP,NRP47937,8.80617E+12,Herbology Onion Recov Crm 70ml,$40.80 
4500122069,03/14/2024,2024,Q1,03,04/19/2024,KY,1712,00310,12,Each,7.36,NRP,NRP47273,8.80617E+12,Super Aqua Max Watery Essence 50ml,$88.32 
4500122069,03/14/2024,2024,Q1,03,04/19/2024,KY,1712,00320,18,Each,7.35,NRP,NRP47272,8.80617E+12,Super Aqua Max Watery Emulsion 130ml,$132.30 
4500122069,03/14/2024,2024,Q1,03,04/19/2024,KY,1712,00330,18,Each,6.43,NRP,NRP47271,8.80617E+12,Super Aqua Max Watery Toner 150ml,$115.74 
4500122069,03/14/2024,2024,Q1,03,04/15/2024,KY,1712,00340,48,Each,15.72,NRP,NRP47021,8.80617E+12,Snail Solution Cream 1.75 fl oz,$754.56 
4500122069,03/14/2024,2024,Q1,03,04/19/2024,KY,1712,00350,36,Each,2.47,NRP,NRP48361,8.80617E+12,SoothMoist AloeVera92 SoothGelMst 155ml,$88.92 
4500122069,03/14/2024,2024,Q1,03,04/19/2024,KY,1712,00360,48,Each,10.18,NRP,NRP46988,8.80617E+12,Snail Solution Skin Booster 130ml,$488.64 
4500122069,03/14/2024,2024,Q1,03,04/19/2024,KY,1712,00370,30,Each,4.9,NRP,NRP46887,0,Super Aqua Max Dp Moist SleepPack 115ml,$147.00 
4500122069,03/14/2024,2024,Q1,03,04/19/2024,KY,1712,00380,30,Each,6.03,NRP,NRP46863,8.80617E+12,Argan Essential Deep Care Hair Ess 80ml,$180.90 
4500122069,03/14/2024,2024,Q1,03,04/15/2024,KY,1712,00390,112,Each,5.42,NRP,NRP46222,8.80617E+12,Vitamin E Glossy Skin Ampoule 30 ml,$607.04 
4500122069,03/14/2024,2024,Q1,03,04/15/2024,KY,1712,00400,112,Each,5.42,NRP,NRP46220,8.80617E+12,Collagen Skin Elasticity Ampoule 30 ml,$607.04 
4500122069,03/14/2024,2024,Q1,03,04/19/2024,KY,1712,00410,42,Each,12,PIT,PIT10260,8.80956E+12,Daily Soft Touch Sunscreen 2.02 fl oz,$504.00 
4500122069,03/14/2024,2024,Q1,03,04/19/2024,KY,1712,00420,108,Each,9.93,PIT,PIT10253,8.80956E+12,From Green Cleansing Oil 6.76 fl oz,"$1,072.44 "
4500122069,03/14/2024,2024,Q1,03,04/19/2024,KY,1712,00430,336,Each,6.95,PIT,PIT10246,8.80956E+12,Centella Green Lev Rcov Crm 1.69 fl oz,"$2,335.20 "
4500122069,03/14/2024,2024,Q1,03,04/15/2024,KY,1712,00440,20,Each,8.26,APL,APL24448,0,Centel Calming Shot Cica Toner 200ml,$165.20 
4500122069,03/14/2024,2024,Q1,03,04/15/2024,KY,1712,00450,56,Each,19.56,APL,APL24293,8.80401E+12,Blemi Shot Ampoule 50ml,"$1,095.36 "
4500122069,03/14/2024,2024,Q1,03,04/15/2024,KY,1712,00460,36,Each,10.47,APL,APL23941,8.80401E+12,Centel Calming Shot Tner Pad 60pds180ml,$376.92 
4500122069,03/14/2024,2024,Q1,03,04/15/2024,KY,1712,00470,120,Each,5.75,APL,APL23866,8.80401E+12,Purifying Shot Pmpkn Enzy PeelGel 100ml,$690.00 
4500122069,03/14/2024,2024,Q1,03,04/15/2024,KY,1712,00480,126,Each,4.96,APL,APL23536,8.80401E+12,Hyaluron Shot Eye Cream 25ml,$624.96 
4500122069,03/14/2024,2024,Q1,03,04/15/2024,KY,1712,00490,40,Each,8.53,APL,APL23239,8.80401E+12,Peptide Shot Ample 2X 30ml,$341.20 
4500122069,03/14/2024,2024,Q1,03,04/15/2024,KY,1712,00500,20,Each,14.28,APL,APL23227,8.80401E+12,Centel Calming Shot Ampoule 100ml,$285.60 
4500122069,03/14/2024,2024,Q1,03,04/15/2024,KY,1712,00510,84,Each,7.49,APL,APL23223,0,Hyaluron Shot Light Gel Cream 80ml,$629.16 
4500122069,03/14/2024,2024,Q1,03,04/15/2024,KY,1712,00520,80,Each,6.94,APL,APL23017,8.80401E+12,Ceramide Shot Amp Mist 80ml,$555.20 
4500122069,03/14/2024,2024,Q1,03,04/15/2024,KY,1712,00530,60,Each,14.87,APL,APL22555,8.80401E+12,Ceramide Shot Ampoule 100ml,$892.20 
4500122069,03/14/2024,2024,Q1,03,04/15/2024,KY,1712,00540,120,Each,19.63,APL,APL22401,8.80401E+12,24K Gold Shot Ampoule 100ml,"$2,355.60 "
4500122530,03/19/2024,2024,Q1,03,04/19/2024,KY,1712,00010,165,Each,10.4,MUZ,MUZ58037,8.80984E+12,Objct Liq Lip Tnt 017 Softie .20 floz,"$1,716.00 "
4500122530,03/19/2024,2024,Q1,03,04/19/2024,KY,1712,00020,150,Each,10.4,MUZ,MUZ58053,8.80984E+12,Fitting Blush 03 Ecstasy 5 g,"$1,560.00 "
4500122530,03/19/2024,2024,Q1,03,04/19/2024,KY,1712,00030,165,Each,10.4,MUZ,MUZ58044,8.80984E+12,Objct Mat Lip Tnt  004 Celeb .20 floz,"$1,716.00 "
4500122530,03/19/2024,2024,Q1,03,04/19/2024,KY,1712,00040,165,Each,10.4,MUZ,MUZ58045,8.80984E+12,Objct Mat Lip Tnt 005 Diva .20 floz,"$1,716.00 "
4500122530,03/19/2024,2024,Q1,03,04/19/2024,KY,1712,00050,1548,Each,2.13,NRP,NRP48814,8.80617E+12,NRP Aloe Vera Watery Gel 300ml,"$3,297.24 "
4500122531,03/19/2024,2024,Q1,03,04/19/2024,CA,1710,00010,90,Each,10.4,MUZ,MUZ58037,8.80984E+12,Objct Liq Lip Tnt 017 Softie .20 floz,$936.00 
4500122531,03/19/2024,2024,Q1,03,04/19/2024,CA,1710,00020,90,Each,10.4,MUZ,MUZ58053,8.80984E+12,Fitting Blush 03 Ecstasy 5 g,$936.00 
4500122531,03/19/2024,2024,Q1,03,04/19/2024,CA,1710,00030,90,Each,10.4,MUZ,MUZ58044,8.80984E+12,Objct Mat Lip Tnt  004 Celeb .20 floz,$936.00 
4500122531,03/19/2024,2024,Q1,03,04/19/2024,CA,1710,00040,90,Each,10.4,MUZ,MUZ58045,8.80984E+12,Objct Mat Lip Tnt 005 Diva .20 floz,$936.00 
4500122531,03/19/2024,2024,Q1,03,04/19/2024,CA,1710,00050,456,Each,2.13,NRP,NRP48814,8.80617E+12,NRP Aloe Vera Watery Gel 300ml,$971.28 
4500124240,03/28/2024,2024,Q1,03,04/29/2024,KY,1712,00010,40,Each,4.48,NRP,NRP47492,8.80617E+12,Jeju Spark Enrich Facial Clnsr 300ml,$179.20 
4500124240,03/28/2024,2024,Q1,03,04/29/2024,KY,1712,00020,48,Each,3.46,NRP,NRP47551,8.80617E+12,Body Peeling Mist Phyto Scent 300 ml,$166.08 
4500124240,03/28/2024,2024,Q1,03,04/29/2024,KY,1712,00030,48,Each,3.46,NRP,NRP47552,8.80617E+12,Body Peeling Mist Peach Scent 300 ml,$166.08 
4500124241,03/28/2024,2024,Q1,03,04/29/2024,CA,1710,00010,60,Each,4.48,NRP,NRP47492,8.80617E+12,Jeju Spark Enrich Facial Clnsr 300ml,$268.80 
4500124241,03/28/2024,2024,Q1,03,04/29/2024,CA,1710,00020,72,Each,3.46,NRP,NRP47551,8.80617E+12,Body Peeling Mist Phyto Scent 300 ml,$249.12 
4500124241,03/28/2024,2024,Q1,03,04/29/2024,CA,1710,00030,72,Each,3.46,NRP,NRP47552,8.80617E+12,Body Peeling Mist Peach Scent 300 ml,$249.12 
4500126069,04/09/2024,2024,Q2,04,05/09/2024,CA,1710,00010,32,Each,9.4,SRI,SRI99706,8.80908E+12,Day By Day Cleansing Gel 150ml,$300.80 
4500126069,04/09/2024,2024,Q2,04,05/09/2024,CA,1710,00020,12,Each,11.53,SRI,SRI99733,8.80908E+12,Organic Start Trav Kit 30ml20ml30ml7ml,$138.36 
4500126069,04/09/2024,2024,Q2,04,05/09/2024,CA,1710,00030,18,Each,14.52,SRI,SRI55258,8.80616E+12,Enriched By Nature Cream 50ml,$261.36 
4500126069,04/09/2024,2024,Q2,04,05/09/2024,CA,1710,00040,14,Each,12.53,PIT,PIT10257,8.80956E+12,Oatin Intense Cream 5.07 fl oz,$175.42 
4500126069,04/09/2024,2024,Q2,04,05/09/2024,CA,1710,00050,40,Each,10.18,PIT,PIT10144,8.80956E+12,B5 Panthenol Rebarrier Cream 2.7 fl oz,$407.20 
4500126069,04/09/2024,2024,Q2,04,05/09/2024,CA,1710,00060,50,Each,7.29,PIT,PIT10105,8.80956E+12,OATIN CALMING GEL CREAM 100ml,$364.50 
4500126069,04/09/2024,2024,Q2,04,05/09/2024,CA,1710,00070,20,Each,7.93,APL,APL23405,0,Ceramide Shot Cream 50ml,$158.60 
4500126069,04/09/2024,2024,Q2,04,05/09/2024,CA,1710,00080,45,Each,4.88,PIT,PIT10102,8.80956E+12,CENTELLA UNSCENTED EYE CREAM 30ml,$219.60 
4500126069,04/09/2024,2024,Q2,04,05/09/2024,CA,1710,00090,24,Each,12,PIT,PIT10096,8.80956E+12,DAILY GOTO SUNSCREEN 60ml,$288.00 
4500126069,04/09/2024,2024,Q2,04,05/09/2024,CA,1710,00100,20,Each,5.75,APL,APL21691,0,Hyaluron Shot Toner 220ml,$115.00 
4500126069,04/09/2024,2024,Q2,04,05/09/2024,CA,1710,00110,20,Each,6.94,APL,APL21694,8.80401E+12,Hyaluron Shot Cream 60ml,$138.80 
4500126069,04/09/2024,2024,Q2,04,05/09/2024,CA,1710,00120,180,Each,6.95,PIT,PIT10031,8.80956E+12,Centella Unscnt Srm 2 floz,"$1,251.00 "
4500126069,04/09/2024,2024,Q2,04,05/09/2024,CA,1710,00130,12,Each,7.08,NRP,NRP46862,8.80617E+12,Argan Essen Hair NoWash Treatmnt 160ml,$84.96 
4500126069,04/09/2024,2024,Q2,04,05/09/2024,CA,1710,00140,32,Each,4.42,NRP,NRP46865,8.80617E+12,Argan Essential Moist Hair Mist 220ml,$141.44 
4500126069,04/09/2024,2024,Q2,04,05/09/2024,CA,1710,00150,72,Each,6.53,NRP,NRP46867,8.80617E+12,Argan Essential Deep Care Shampoo 300ml,$470.16 
4500126069,04/09/2024,2024,Q2,04,05/09/2024,CA,1710,00160,20,Each,14.87,APL,APL22555,8.80401E+12,Ceramide Shot Ampoule 100ml,$297.40 
4500126069,04/09/2024,2024,Q2,04,05/09/2024,CA,1710,00170,20,Each,6.94,APL,APL22641,8.80401E+12,Acne Shot Ampoule 30ml,$138.80 
4500126069,04/09/2024,2024,Q2,04,05/09/2024,CA,1710,00180,16,Each,2.59,NRP,NRP48295,8.80617E+12,Sooth Moist AloeVera 92 SoothGel 250ml,$41.44 
4500126069,04/09/2024,2024,Q2,04,05/09/2024,CA,1710,00190,84,Each,7.49,APL,APL23223,0,Hyaluron Shot Light Gel Cream 80ml,$629.16 
4500126069,04/09/2024,2024,Q2,04,05/09/2024,CA,1710,00200,36,Each,15.72,NRP,NRP47021,8.80617E+12,Snail Solution Cream 1.75 fl oz,$565.92 
4500126069,04/09/2024,2024,Q2,04,05/09/2024,CA,1710,00210,12,Each,6.1,NRP,NRP47192,8.80617E+12,Calendula Forest GardnDpClnsngOil 200ml,$73.20 
4500126070,04/09/2024,2024,Q2,04,05/09/2024,KY,1712,00010,48,Each,5.75,APL,APL21693,0,Hyaluron Shot Emulsion 130ml,$276.00 
4500126070,04/09/2024,2024,Q2,04,05/09/2024,KY,1712,00020,60,Each,5.75,APL,APL21691,0,Hyaluron Shot Toner 220ml,$345.00 
4500126070,04/09/2024,2024,Q2,04,05/09/2024,KY,1712,00030,20,Each,11.7,APL,APL21688,0,Hyaluron Shot Ampoule 100ml,$234.00 
4500126070,04/09/2024,2024,Q2,04,05/09/2024,KY,1712,00040,20,Each,6.94,APL,APL21694,8.80401E+12,Hyaluron Shot Cream 60ml,$138.80 
4500126070,04/09/2024,2024,Q2,04,05/09/2024,KY,1712,00050,24,Each,10.47,APL,APL23941,8.80401E+12,Centel Calming Shot Tner Pad 60pds180ml,$251.28 
4500126070,04/09/2024,2024,Q2,04,05/09/2024,KY,1712,00060,13,Each,10.74,APL,APL24520,0,Ceramide Shot Dbl Core MultiBalm 110g,$139.62 
4500126070,04/09/2024,2024,Q2,04,05/09/2024,KY,1712,00070,20,Each,10.91,APL,APL22249,0,Purifying Shot Toner 600ml,$218.20 
4500126070,04/09/2024,2024,Q2,04,05/09/2024,KY,1712,00080,40,Each,14.87,APL,APL22555,8.80401E+12,Ceramide Shot Ampoule 100ml,$594.80 
4500126070,04/09/2024,2024,Q2,04,05/09/2024,KY,1712,00090,80,Each,7.93,APL,APL23405,0,Ceramide Shot Cream 50ml,$634.40 
4500126070,04/09/2024,2024,Q2,04,05/09/2024,KY,1712,00100,20,Each,6.94,APL,APL22641,8.80401E+12,Acne Shot Ampoule 30ml,$138.80 
4500126070,04/09/2024,2024,Q2,04,05/09/2024,KY,1712,00110,84,Each,7.49,APL,APL23223,0,Hyaluron Shot Light Gel Cream 80ml,$629.16 
4500126070,04/09/2024,2024,Q2,04,05/09/2024,KY,1712,00120,32,Each,5.42,NRP,NRP46216,8.80617E+12,Niacinamide Luminous Skin Ampoule 30 ml,$173.44 
4500126070,04/09/2024,2024,Q2,04,05/09/2024,KY,1712,00130,32,Each,5.42,NRP,NRP46220,8.80617E+12,Collagen Skin Elasticity Ampoule 30 ml,$173.44 
4500126070,04/09/2024,2024,Q2,04,05/09/2024,KY,1712,00140,32,Each,5.42,NRP,NRP46222,8.80617E+12,Vitamin E Glossy Skin Ampoule 30 ml,$173.44 
4500126070,04/09/2024,2024,Q2,04,05/15/2024,KY,1712,00150,24,Each,7.08,NRP,NRP46862,8.80617E+12,Argan Essen Hair NoWash Treatmnt 160ml,$169.92 
4500126070,04/09/2024,2024,Q2,04,05/15/2024,KY,1712,00160,36,Each,6.03,NRP,NRP46863,8.80617E+12,Argan Essential Deep Care Hair Ess 80ml,$217.08 
4500126070,04/09/2024,2024,Q2,04,05/15/2024,KY,1712,00170,24,Each,5.53,NRP,NRP46864,8.80617E+12,Argan Essential Curling Essence 100ml,$132.72 
4500126070,04/09/2024,2024,Q2,04,05/15/2024,KY,1712,00180,72,Each,4.42,NRP,NRP46865,8.80617E+12,Argan Essential Moist Hair Mist 220ml,$318.24 
4500126070,04/09/2024,2024,Q2,04,05/15/2024,KY,1712,00190,24,Each,6.53,NRP,NRP46868,8.80617E+12,Argan Essential Deep Care Cond 300ml,$156.72 
4500126070,04/09/2024,2024,Q2,04,05/09/2024,KY,1712,00200,12,Each,15.72,NRP,NRP47021,8.80617E+12,Snail Solution Cream 1.75 fl oz,$188.64 
4500126070,04/09/2024,2024,Q2,04,05/15/2024,KY,1712,00210,60,Each,6.29,NRP,NRP47193,8.80617E+12,Chamomile Forest Garden DpClnsOil 200ml,$377.40 
4500126070,04/09/2024,2024,Q2,04,05/09/2024,KY,1712,00220,48,Each,5.61,NRP,NRP47275,8.80617E+12,Super Aqua Max Comb Crm 2.70 floz,$269.28 
4500126070,04/09/2024,2024,Q2,04,05/09/2024,KY,1712,00230,72,Each,8.28,NRP,NRP47345,8.80617E+12,Shea Butter Ultra Steam Crm 3.38 fl oz,$596.16 
4500126070,04/09/2024,2024,Q2,04,05/09/2024,KY,1712,00240,36,Each,8.28,NRP,NRP47346,8.80617E+12,Shea Butter Moist Steam Crm 3.38 floz,$298.08 
4500126070,04/09/2024,2024,Q2,04,05/15/2024,KY,1712,00250,60,Each,4.45,NRP,NRP47490,8.80617E+12,Jeju Sparkling Mud Foam Cleanser 150ml,$267.00 
4500126070,04/09/2024,2024,Q2,04,05/09/2024,KY,1712,00260,72,Each,3.46,NRP,NRP47553,8.80617E+12,Body Peel Mist Cotton Scnt 10.14 floz,$249.12 
4500126070,04/09/2024,2024,Q2,04,05/09/2024,KY,1712,00270,60,Each,8.28,NRP,NRP47879,8.80617E+12,Real Squeeze Aloe Vera Emulsion 130ml,$496.80 
4500126070,04/09/2024,2024,Q2,04,05/15/2024,KY,1712,00280,12,Each,6.8,NRP,NRP47938,8.80617E+12,Herbology Mallow Sens Crm 70ml,$81.60 
4500126070,04/09/2024,2024,Q2,04,05/15/2024,KY,1712,00290,18,Each,6.8,NRP,NRP47941,8.80617E+12,Herbology Molokhia Dp Moist Crm 70ml,$122.40 
4500126070,04/09/2024,2024,Q2,04,05/15/2024,KY,1712,00300,12,Each,6.8,NRP,NRP47942,8.80617E+12,Herbology Lav FootCrm 70ml,$81.60 
4500126070,04/09/2024,2024,Q2,04,05/15/2024,KY,1712,00310,36,Each,8.49,NRP,NRP48186,8.80617E+12,Vitapair C Toner 300ml,$305.64 
4500126070,04/09/2024,2024,Q2,04,05/09/2024,KY,1712,00320,36,Each,6.53,NRP,NRP48257,8.80617E+12,Green Derma Soothing Cream 100ml,$235.08 
4500126070,04/09/2024,2024,Q2,04,05/15/2024,KY,1712,00330,296,Each,2.59,NRP,NRP48295,8.80617E+12,Sooth Moist AloeVera 92 SoothGel 250ml,$766.64 
4500126070,04/09/2024,2024,Q2,04,05/09/2024,KY,1712,00340,80,Each,2.39,NRP,NRP48296,8.80617E+12,Aloe Vera Cleansing Tissue 80 Shts,$191.20 
4500126070,04/09/2024,2024,Q2,04,05/09/2024,KY,1712,00350,84,Each,2.13,NRP,NRP48297,8.80617E+12,Aloe Vera Foam Cleanser 5.07 fl oz,$178.92 
4500126070,04/09/2024,2024,Q2,04,05/15/2024,KY,1712,00360,36,Each,2.13,NRP,NRP48298,8.80617E+12,Sooth Moist AloeVeraClnsng GelCrm 150ml,$76.68 
4500126070,04/09/2024,2024,Q2,04,05/15/2024,KY,1712,00370,36,Each,2.47,NRP,NRP48361,8.80617E+12,SoothMoist AloeVera92 SoothGelMst 155ml,$88.92 
4500126070,04/09/2024,2024,Q2,04,05/09/2024,KY,1712,00380,36,Each,6.09,NRP,NRP48619,8.80617E+12,Real Squeeze Aloe Vera Eye Serum 15ml,$219.24 
4500126070,04/09/2024,2024,Q2,04,05/09/2024,KY,1712,00390,36,Each,13.96,NRP,NRP48695,8.80617E+12,Kombuch Blck Tea Frst Essce 4.73 floz,$502.56 
4500126070,04/09/2024,2024,Q2,04,05/09/2024,KY,1712,00400,72,Each,11.34,NRP,NRP48703,8.80617E+12,Blck Bn Invig Hair Shampoo 10.14 floz,$816.48 
4500126070,04/09/2024,2024,Q2,04,05/09/2024,KY,1712,00410,72,Each,24.4,MUZ,MUZ58081,8.80984E+12,Sleek Matt Cushion N19 30 g,"$1,756.80 "
4500126070,04/09/2024,2024,Q2,04,05/09/2024,KY,1712,00420,45,Each,12.48,MUZ,MUZ58061,8.80984E+12,Fitting Highlighter Fabulous 5 g,$561.60 
4500126070,04/09/2024,2024,Q2,04,05/09/2024,KY,1712,00430,45,Each,10.4,MUZ,MUZ58047,8.80984E+12,Objct Mat Lip Tnt 007 Rare.20 floz,$468.00 
4500126070,04/09/2024,2024,Q2,04,05/09/2024,KY,1712,00440,30,Each,10.4,MUZ,MUZ58005,8.80984E+12,Objct Liq Lip Tnt 005 Stunning .20 floz,$312.00 
4500126070,04/09/2024,2024,Q2,04,05/09/2024,KY,1712,00450,20,Each,10.4,MUZ,MUZ58024,8.80984E+12,Icy Glow 04 Wonder 0.18 fl oz,$208.00 
4500126070,04/09/2024,2024,Q2,04,05/09/2024,KY,1712,00460,20,Each,10.4,MUZ,MUZ58025,8.80984E+12,Icy Glow 05 Temping 0.18 fl oz,$208.00 
4500126070,04/09/2024,2024,Q2,04,05/09/2024,KY,1712,00470,20,Each,10.4,MUZ,MUZ58026,8.80984E+12,Icy Glow 06 Cheshire 0.18 fl oz,$208.00 
4500126070,04/09/2024,2024,Q2,04,05/09/2024,KY,1712,00480,10,Each,10.4,MUZ,MUZ58028,8.80984E+12,Icy Glow 08 Deserve 0.18 fl oz,$104.00 
4500126070,04/09/2024,2024,Q2,04,05/09/2024,KY,1712,00490,60,Each,10.4,MUZ,MUZ58041,8.80984E+12,Objct Mat Lip Tnt 001 Signatre .20 floz,$624.00 
4500126070,04/09/2024,2024,Q2,04,05/09/2024,KY,1712,00500,75,Each,10.4,MUZ,MUZ58043,8.80984E+12,Objct Mat Lip Tnt 003 Posh .20 floz,$780.00 
4500126070,04/09/2024,2024,Q2,04,05/09/2024,KY,1712,00510,30,Each,10.4,MUZ,MUZ58044,8.80984E+12,Objct Mat Lip Tnt  004 Celeb .20 floz,$312.00 
4500126070,04/09/2024,2024,Q2,04,05/09/2024,KY,1712,00520,30,Each,10.4,MUZ,MUZ58045,8.80984E+12,Objct Mat Lip Tnt 005 Diva .20 floz,$312.00 
4500126070,04/09/2024,2024,Q2,04,05/09/2024,KY,1712,00530,16,Each,10.25,SRI,SRI99761,8.80908E+12,Cleanse Me SoftlyMilkClnsr Citrus 200ml,$164.00 
4500126070,04/09/2024,2024,Q2,04,05/15/2024,KY,1712,00540,54,Each,6.26,PIT,PIT10098,0,Inner Green Reusabl Cottn Rounds 10pads,$338.04 
4500126070,04/09/2024,2024,Q2,04,05/15/2024,KY,1712,00550,48,Each,12,PIT,PIT10096,8.80956E+12,DAILY GOTO SUNSCREEN 60ml,$576.00 
4500126070,04/09/2024,2024,Q2,04,05/15/2024,KY,1712,00560,12,Each,4.18,PIT,PIT10074,8.80956E+12,Jeju Volcanic Scoria Konjac Sponge 1pc,$50.16 
4500126070,04/09/2024,2024,Q2,04,05/15/2024,KY,1712,00570,60,Each,9.63,PIT,PIT10072,8.80956E+12,Pure VtmnCSrm  2 floz,$577.80 
4500126070,04/09/2024,2024,Q2,04,05/15/2024,KY,1712,00580,210,Each,6.08,PIT,PIT10070,8.80956E+12,Cica Clring BB CrmSPF38PA#211.0floz,"$1,276.80 "
4500126070,04/09/2024,2024,Q2,04,05/15/2024,KY,1712,00590,140,Each,6.08,PIT,PIT10069,8.80956E+12,Cica Clrng BB CrmSPF38PA#231.0floz,$851.20 
4500126070,04/09/2024,2024,Q2,04,05/15/2024,KY,1712,00600,456,Each,5.2,PIT,PIT10063,8.80956E+12,DefenceBrrier   5.07 flo,"$2,371.20 "
4500126070,04/09/2024,2024,Q2,04,05/15/2024,KY,1712,00610,48,Each,9.63,PIT,PIT10039,8.80956E+12,SeaBuckthorn V  1.7 floz,$462.24 
4500126070,04/09/2024,2024,Q2,04,05/15/2024,KY,1712,00620,192,Each,8.98,PIT,PIT10038,8.80956E+12,Deep Sea Pure WtrCrm 1.7 floz,"$1,724.16 "
4500126070,04/09/2024,2024,Q2,04,05/15/2024,KY,1712,00630,120,Each,7.59,PIT,PIT10035,8.80956E+12,GrnDeep FoamCl  5.07 flo,$910.80 
4500126070,04/09/2024,2024,Q2,04,05/15/2024,KY,1712,00640,120,Each,4.46,PIT,PIT10033,8.80956E+12,Care RcvryCica  51 Ptch,$535.20 
4500126070,04/09/2024,2024,Q2,04,05/15/2024,KY,1712,00650,560,Each,6.95,PIT,PIT10031,8.80956E+12,Centella Unscnt Srm 2 floz,"$3,892.00 "
4500126070,04/09/2024,2024,Q2,04,05/09/2024,KY,1712,00660,20,Each,7.69,SRI,SRI99757,8.80908E+12,Back To My Memories Handcream  50ml,$153.80 
4500126070,04/09/2024,2024,Q2,04,05/09/2024,KY,1712,00670,24,Each,11.53,SRI,SRI99733,8.80908E+12,Organic Start Trav Kit 30ml20ml30ml7ml,$276.72 
4500126070,04/09/2024,2024,Q2,04,05/09/2024,KY,1712,00680,16,Each,9.4,SRI,SRI99712,8.80908E+12,Feel So Fresh Toner 150ml,$150.40 
4500126070,04/09/2024,2024,Q2,04,05/15/2024,KY,1712,00690,90,Each,7.18,PIT,PIT10100,8.80956E+12,CENTELLA GREEN LEVEL CALM TONER 200ml,$646.20 
4500126070,04/09/2024,2024,Q2,04,05/15/2024,KY,1712,00700,90,Each,4.88,PIT,PIT10102,8.80956E+12,CENTELLA UNSCENTED EYE CREAM 30ml,$439.20 
4500126070,04/09/2024,2024,Q2,04,05/15/2024,KY,1712,00710,70,Each,5.47,PIT,PIT10143,8.80956E+12,CICA CLEARING BBCRM 31 DEEP WARM 1oz,$382.90 
4500126070,04/09/2024,2024,Q2,04,05/15/2024,KY,1712,00720,15,Each,9.29,PIT,PIT10184,8.80956E+12,Hydrop Sweet Gel Mask 3.52 fl oz,$139.35 
4500126070,04/09/2024,2024,Q2,04,05/15/2024,KY,1712,00730,160,Each,9.92,PIT,PIT10201,8.80956E+12,Galacto Niacin 97 Power Essence 2 fl oz,"$1,587.20 "
4500126070,04/09/2024,2024,Q2,04,05/09/2024,KY,1712,00740,16,Each,5.42,NRP,NRP46214,8.80617E+12,Tea Tree Pore Care Ampoule 30 ml,$86.72 
4500126070,04/09/2024,2024,Q2,04,05/15/2024,KY,1712,00750,40,Each,0.45,NRP,NRP44948,8.80617E+12,REAL NATURE TEA TREE MASK SHEET 23ml,$18.00 
4500126070,04/09/2024,2024,Q2,04,05/15/2024,KY,1712,00760,40,Each,0.45,NRP,NRP44946,8.80617E+12,REAL NATURE ROSE MASK SHEET 23ml,$18.00 
4500126070,04/09/2024,2024,Q2,04,05/15/2024,KY,1712,00770,120,Each,0.45,NRP,NRP44938,8.80617E+12,REAL NATURE TOMATO MASK SHEET 23ml,$54.00 
4500126070,04/09/2024,2024,Q2,04,05/09/2024,KY,1712,00780,36,Each,1.71,NRP,NRP43832,8.80617E+12,Frsh Herb Acerol Cleans Foam 5.74 floz,$61.56 
4500126070,04/09/2024,2024,Q2,04,05/09/2024,KY,1712,00790,48,Each,1.71,NRP,NRP43831,8.80617E+12,Frsh Herb Peach Cleans Foam 5.74 floz,$82.08 
4500126070,04/09/2024,2024,Q2,04,05/09/2024,KY,1712,00800,36,Each,1.71,NRP,NRP43830,8.80617E+12,Frsh Herb Snail Cleans Foam 5.74 floz,$61.56 
4500126070,04/09/2024,2024,Q2,04,05/09/2024,KY,1712,00810,84,Each,1.71,NRP,NRP43829,8.80617E+12,Frsh Herb Aloe Cleans Foam 5.74 floz,$143.64 
4500126070,04/09/2024,2024,Q2,04,05/09/2024,KY,1712,00820,20,Each,11.96,SRI,SRI55290,8.80616E+12,Calm Me Down Cream 50ml,$239.20 
4500126070,04/09/2024,2024,Q2,04,05/09/2024,KY,1712,00830,32,Each,11.96,SRI,SRI55330,8.80616E+12,Fresh Moment Cleansing Oil 200ml,$382.72 
4500126070,04/09/2024,2024,Q2,04,05/09/2024,KY,1712,00840,32,Each,9.4,SRI,SRI99705,8.80908E+12,Time Is Running Out Mist 100ml,$300.80 
4500126070,04/09/2024,2024,Q2,04,05/09/2024,KY,1712,00850,48,Each,9.4,SRI,SRI99706,8.80908E+12,Day By Day Cleansing Gel 150ml,$451.20 
4500126070,04/09/2024,2024,Q2,04,05/09/2024,KY,1712,00860,30,Each,10.95,PIT,PIT10265,8.80956E+12,DeepSea Droplet Serum SnowMushroom 30ml,$328.50 
4500126070,04/09/2024,2024,Q2,04,05/15/2024,KY,1712,00870,42,Each,12,PIT,PIT10260,8.80956E+12,Daily Soft Touch Sunscreen 2.02 fl oz,$504.00 
4500126070,04/09/2024,2024,Q2,04,05/15/2024,KY,1712,00880,84,Each,12.53,PIT,PIT10257,8.80956E+12,Oatin Intense Cream 5.07 fl oz,"$1,052.52 "
4500126070,04/09/2024,2024,Q2,04,05/15/2024,KY,1712,00890,24,Each,9.93,PIT,PIT10253,8.80956E+12,From Green Cleansing Oil 6.76 fl oz,$238.32 
4500126070,04/09/2024,2024,Q2,04,05/09/2024,KY,1712,00900,144,Each,7.44,PIT,PIT10247,8.80956E+12,Centella Unscented Recovery Cream 50ml,"$1,071.36 "
4500126070,04/09/2024,2024,Q2,04,05/15/2024,KY,1712,00910,96,Each,6.95,PIT,PIT10246,8.80956E+12,Centella Green Lev Rcov Crm 1.69 fl oz,$667.20 
4500126070,04/09/2024,2024,Q2,04,05/15/2024,KY,1712,00920,42,Each,13.52,PIT,PIT10236,8.80956E+12,Bakuch Tmlss Blm Rev Serum 1.01 fl oz,$567.84 
4500126070,04/09/2024,2024,Q2,04,05/15/2024,KY,1712,00930,90,Each,9.92,PIT,PIT10213,8.80956E+12,Dermd Cica Barrier Sleep Pack2.7 fl oz,$892.80 
4500127019,04/16/2024,2024,Q2,04,06/17/2024,CA,1710,00010,120,Each,3.24,HBF,HBF94449,8.80962E+12,HBAF Honey Butter Almond 120 g,$388.80 
4500127019,04/16/2024,2024,Q2,04,06/17/2024,CA,1710,00020,120,Each,3.24,HBF,HBF94450,8.80962E+12,HBAF Wasabi Almond 120 g,$388.80 
4500127019,04/16/2024,2024,Q2,04,06/17/2024,CA,1710,00030,120,Each,3.24,HBF,HBF94451,8.80962E+12,HBAF Baked Corn Almond 120 g,$388.80 
4500127019,04/16/2024,2024,Q2,04,06/17/2024,CA,1710,00040,120,Each,3.24,HBF,HBF94201,8.80962E+12,HBAF Caramel Salt Almond & Pretzel 120g,$388.80 
4500127019,04/16/2024,2024,Q2,04,06/17/2024,CA,1710,00050,120,Each,3.24,HBF,HBF94477,8.80962E+12,HBAF Hot & Spicy Chicken Almond 120 g,$388.80 
4500127019,04/16/2024,2024,Q2,04,06/17/2024,CA,1710,00060,120,Each,3.24,HBF,HBF94494,8.80962E+12,HBAF Garlic Bread Almond 120 g,$388.80 
4500127019,04/16/2024,2024,Q2,04,06/17/2024,CA,1710,00070,120,Each,3.24,HBF,HBF94533,8.80962E+12,HBAF Laver Almond 120 g,$388.80 
4500127019,04/16/2024,2024,Q2,04,06/17/2024,CA,1710,00080,120,Each,3.24,HBF,HBF94478,8.80962E+12,HBAF Tteokbokki Almond 120 g,$388.80 
4500127019,04/16/2024,2024,Q2,04,06/17/2024,CA,1710,00090,120,Each,3.24,HBF,HBF94493,8.80962E+12,HBAF Cheongyang Mayo Almond 120 g,$388.80 
4500127019,04/16/2024,2024,Q2,04,06/17/2024,CA,1710,00100,120,Each,3.24,HBF,HBF94578,8.80962E+12,HBAF Roasted Onion Almond 120 g,$388.80 
4500127020,04/16/2024,2024,Q2,04,06/17/2024,KY,1712,00010,60,Each,3.24,HBF,HBF94449,8.80962E+12,HBAF Honey Butter Almond 120 g,$194.40 
4500127020,04/16/2024,2024,Q2,04,06/17/2024,KY,1712,00020,60,Each,3.24,HBF,HBF94450,8.80962E+12,HBAF Wasabi Almond 120 g,$194.40 
4500127020,04/16/2024,2024,Q2,04,06/17/2024,KY,1712,00030,60,Each,3.24,HBF,HBF94451,8.80962E+12,HBAF Baked Corn Almond 120 g,$194.40 
4500127020,04/16/2024,2024,Q2,04,06/17/2024,KY,1712,00040,60,Each,3.24,HBF,HBF94201,8.80962E+12,HBAF Caramel Salt Almond & Pretzel 120g,$194.40 
4500127020,04/16/2024,2024,Q2,04,06/17/2024,KY,1712,00050,60,Each,3.24,HBF,HBF94477,8.80962E+12,HBAF Hot & Spicy Chicken Almond 120 g,$194.40 
4500127020,04/16/2024,2024,Q2,04,06/17/2024,KY,1712,00060,60,Each,3.24,HBF,HBF94494,8.80962E+12,HBAF Garlic Bread Almond 120 g,$194.40 
4500127020,04/16/2024,2024,Q2,04,06/17/2024,KY,1712,00070,60,Each,3.24,HBF,HBF94533,8.80962E+12,HBAF Laver Almond 120 g,$194.40 
4500127020,04/16/2024,2024,Q2,04,06/17/2024,KY,1712,00080,60,Each,3.24,HBF,HBF94478,8.80962E+12,HBAF Tteokbokki Almond 120 g,$194.40 
4500127020,04/16/2024,2024,Q2,04,06/17/2024,KY,1712,00090,60,Each,3.24,HBF,HBF94493,8.80962E+12,HBAF Cheongyang Mayo Almond 120 g,$194.40 
4500127020,04/16/2024,2024,Q2,04,06/17/2024,KY,1712,00100,60,Each,3.24,HBF,HBF94578,8.80962E+12,HBAF Roasted Onion Almond 120 g,$194.40 
4500128764,04/25/2024,2024,Q2,04,05/28/2024,CA,1710,00020,20,Each,11.53,SRI,SRI99760,8.80908E+12,Organic Hand Lip Care Set 50ml4g,$230.60 
4500128764,04/25/2024,2024,Q2,04,05/28/2024,CA,1710,00030,20,Each,7.69,SRI,SRI99757,8.80908E+12,Back To My Memories Handcream  50ml,$153.80 
4500128764,04/25/2024,2024,Q2,04,05/28/2024,CA,1710,00040,32,Each,4.42,NRP,NRP46865,8.80617E+12,Argan Essential Moist Hair Mist 220ml,$141.44 
4500128764,04/25/2024,2024,Q2,04,05/28/2024,CA,1710,00050,48,Each,6.53,NRP,NRP46867,8.80617E+12,Argan Essential Deep Care Shampoo 300ml,$313.44 
4500128764,04/25/2024,2024,Q2,04,05/28/2024,CA,1710,00060,24,Each,15.72,NRP,NRP47021,8.80617E+12,Snail Solution Cream 1.75 fl oz,$377.28 
4500128764,04/25/2024,2024,Q2,04,05/28/2024,CA,1710,00070,12,Each,6.1,NRP,NRP47192,8.80617E+12,Calendula Forest GardnDpClnsngOil 200ml,$73.20 
4500128764,04/25/2024,2024,Q2,04,05/28/2024,CA,1710,00080,24,Each,2.59,NRP,NRP48295,8.80617E+12,Sooth Moist AloeVera 92 SoothGel 250ml,$62.16 
4500128764,04/25/2024,2024,Q2,04,05/28/2024,CA,1710,00090,36,Each,2.13,NRP,NRP48297,8.80617E+12,Aloe Vera Foam Cleanser 5.07 fl oz,$76.68 
4500128764,04/25/2024,2024,Q2,04,05/28/2024,CA,1710,00100,24,Each,2.13,NRP,NRP48298,8.80617E+12,Sooth Moist AloeVeraClnsng GelCrm 150ml,$51.12 
4500128764,04/25/2024,2024,Q2,04,05/28/2024,CA,1710,00110,24,Each,2.47,NRP,NRP48361,8.80617E+12,SoothMoist AloeVera92 SoothGelMst 155ml,$59.28 
4500128764,04/25/2024,2024,Q2,04,05/28/2024,CA,1710,00120,36,Each,7.69,SRI,SRI77899,8.80919E+12,Let Me Refresh Foam Cleanser 120ml,$276.84 
4500128764,04/25/2024,2024,Q2,04,05/28/2024,CA,1710,00130,20,Each,11.96,SRI,SRI55290,8.80616E+12,Calm Me Down Cream 50ml,$239.20 
4500128764,04/25/2024,2024,Q2,04,05/28/2024,CA,1710,00140,18,Each,14.52,SRI,SRI55258,8.80616E+12,Enriched By Nature Cream 50ml,$261.36 
4500128764,04/25/2024,2024,Q2,04,05/28/2024,CA,1710,00150,120,Each,4.46,PIT,PIT10033,8.80956E+12,Care RcvryCica  51 Ptch,$535.20 
4500128764,04/25/2024,2024,Q2,04,05/28/2024,CA,1710,00160,42,Each,12,PIT,PIT10260,8.80956E+12,Daily Soft Touch Sunscreen 2.02 fl oz,$504.00 
4500128764,04/25/2024,2024,Q2,04,05/28/2024,CA,1710,00170,72,Each,8.98,PIT,PIT10038,8.80956E+12,Deep Sea Pure WtrCrm 1.7 floz,$646.56 
4500128764,04/25/2024,2024,Q2,04,05/28/2024,CA,1710,00180,14,Each,12.53,PIT,PIT10257,8.80956E+12,Oatin Intense Cream 5.07 fl oz,$175.42 
4500128764,04/25/2024,2024,Q2,04,05/28/2024,CA,1710,00190,48,Each,6.95,PIT,PIT10246,8.80956E+12,Centella Green Lev Rcov Crm 1.69 fl oz,$333.60 
4500128764,04/25/2024,2024,Q2,04,05/28/2024,CA,1710,00200,30,Each,9.29,PIT,PIT10184,8.80956E+12,Hydrop Sweet Gel Mask 3.52 fl oz,$278.70 
4500128764,04/25/2024,2024,Q2,04,05/28/2024,CA,1710,00210,75,Each,7.29,PIT,PIT10105,8.80956E+12,OATIN CALMING GEL CREAM 100ml,$546.75 
4500128764,04/25/2024,2024,Q2,04,05/28/2024,CA,1710,00220,45,Each,4.88,PIT,PIT10102,8.80956E+12,CENTELLA UNSCENTED EYE CREAM 30ml,$219.60 
4500128764,04/25/2024,2024,Q2,04,05/28/2024,CA,1710,00230,18,Each,7.18,PIT,PIT10100,8.80956E+12,CENTELLA GREEN LEVEL CALM TONER 200ml,$129.24 
4500128764,04/25/2024,2024,Q2,04,05/28/2024,CA,1710,00240,24,Each,12,PIT,PIT10096,8.80956E+12,DAILY GOTO SUNSCREEN 60ml,$288.00 
4500128764,04/25/2024,2024,Q2,04,05/28/2024,CA,1710,00250,12,Each,4.18,PIT,PIT10075,8.80956E+12,Bamboo Charcoal Konjac Sponge 1pc,$50.16 
4500128764,04/25/2024,2024,Q2,04,05/28/2024,CA,1710,00260,40,Each,6.95,PIT,PIT10014,8.80956E+12,Centella Grn LevelBuffet Srm 2 floz,$278.00 
4500128764,04/25/2024,2024,Q2,04,05/28/2024,CA,1710,00270,36,Each,11.18,NRP,NRP46662,8.80617E+12,VITAPAIR C DARK SPOT SERUM 45ml,$402.48 
4500128764,04/25/2024,2024,Q2,04,05/28/2024,CA,1710,00280,90,Each,4.96,PIT,PIT10015,8.80956E+12,Centella Grn LevelEyeCrm 1 floz,$446.40 
4500128764,04/25/2024,2024,Q2,04,05/28/2024,CA,1710,00290,200,Each,6.95,PIT,PIT10031,8.80956E+12,Centella Unscnt Srm 2 floz,"$1,390.00 "
4500128764,04/25/2024,2024,Q2,04,05/28/2024,CA,1710,00300,20,Each,7.93,APL,APL23405,0,Ceramide Shot Cream 50ml,$158.60 
4500128764,04/25/2024,2024,Q2,04,05/28/2024,CA,1710,00310,40,Each,8.53,APL,APL23239,8.80401E+12,Peptide Shot Ample 2X 30ml,$341.20 
4500128764,04/25/2024,2024,Q2,04,05/28/2024,CA,1710,00320,20,Each,8.13,APL,APL22040,8.80401E+12,Peeling Shot Ampoule 30ml,$162.60 
4500128764,04/25/2024,2024,Q2,04,05/28/2024,CA,1710,00330,84,Each,7.49,APL,APL23223,0,Hyaluron Shot Light Gel Cream 80ml,$629.16 
4500128764,04/25/2024,2024,Q2,04,05/28/2024,CA,1710,00340,20,Each,5.75,APL,APL21691,0,Hyaluron Shot Toner 220ml,$115.00 
4500128764,04/25/2024,2024,Q2,04,05/28/2024,CA,1710,00350,24,Each,2.96,NRP,NRP42355,8.80617E+12,BAMBOO CHARCOAL MUD PACK 150g,$71.04 
4500128765,04/25/2024,2024,Q2,04,05/28/2024,KY,1712,00010,72,Each,12,PIT,PIT10096,8.80956E+12,DAILY GOTO SUNSCREEN 60ml,$864.00 
4500128765,04/25/2024,2024,Q2,04,05/28/2024,KY,1712,00020,80,Each,6.95,PIT,PIT10014,8.80956E+12,Centella Grn LevelBuffet Srm 2 floz,$556.00 
4500128765,04/25/2024,2024,Q2,04,05/28/2024,KY,1712,00030,72,Each,7.18,PIT,PIT10100,8.80956E+12,CENTELLA GREEN LEVEL CALM TONER 200ml,$516.96 
4500128765,04/25/2024,2024,Q2,04,05/28/2024,KY,1712,00040,135,Each,4.96,PIT,PIT10015,8.80956E+12,Centella Grn LevelEyeCrm 1 floz,$669.60 
4500128765,04/25/2024,2024,Q2,04,05/28/2024,KY,1712,00050,125,Each,7.29,PIT,PIT10105,8.80956E+12,OATIN CALMING GEL CREAM 100ml,$911.25 
4500128765,04/25/2024,2024,Q2,04,05/28/2024,KY,1712,00060,104,Each,4.97,NRP,NRP46861,8.80617E+12,Argan Essential DeepCareHairPack 200ml,$516.88 
4500128765,04/25/2024,2024,Q2,04,05/28/2024,KY,1712,00070,140,Each,5.47,PIT,PIT10141,8.80956E+12,CICA CLEARING BBCRM 13 NEUTRALIVORY 1oz,$765.80 
4500128765,04/25/2024,2024,Q2,04,05/28/2024,KY,1712,00080,120,Each,6.95,PIT,PIT10031,8.80956E+12,Centella Unscnt Srm 2 floz,$834.00 
4500128765,04/25/2024,2024,Q2,04,05/28/2024,KY,1712,00090,28,Each,11.48,PIT,PIT10256,8.80956E+12,Oatin Silky Toner 6.76 fl oz,$321.44 
4500128765,04/25/2024,2024,Q2,04,05/28/2024,KY,1712,00100,96,Each,9.93,PIT,PIT10253,8.80956E+12,From Green Cleansing Oil 6.76 fl oz,$953.28 
4500128765,04/25/2024,2024,Q2,04,05/28/2024,KY,1712,00110,120,Each,7.44,PIT,PIT10247,8.80956E+12,Centella Unscented Recovery Cream 50ml,$892.80 
4500128765,04/25/2024,2024,Q2,04,05/28/2024,KY,1712,00120,192,Each,6.95,PIT,PIT10246,8.80956E+12,Centella Green Lev Rcov Crm 1.69 fl oz,"$1,334.40 "
4500128765,04/25/2024,2024,Q2,04,05/28/2024,KY,1712,00130,12,Each,7.08,NRP,NRP46862,8.80617E+12,Argan Essen Hair NoWash Treatmnt 160ml,$84.96 
4500128765,04/25/2024,2024,Q2,04,05/28/2024,KY,1712,00140,84,Each,12,PIT,PIT10212,8.80956E+12,Dermide Relf Barrier Msturiz 3.38 fl oz,"$1,008.00 "
4500128765,04/25/2024,2024,Q2,04,05/28/2024,KY,1712,00150,12,Each,11.18,NRP,NRP46662,8.80617E+12,VITAPAIR C DARK SPOT SERUM 45ml,$134.16 
4500128765,04/25/2024,2024,Q2,04,05/28/2024,KY,1712,00160,40,Each,5.75,APL,APL21691,0,Hyaluron Shot Toner 220ml,$230.00 
4500128765,04/25/2024,2024,Q2,04,05/28/2024,KY,1712,00170,48,Each,2.47,NRP,NRP48361,8.80617E+12,SoothMoist AloeVera92 SoothGelMst 155ml,$118.56 
4500128765,04/25/2024,2024,Q2,04,05/28/2024,KY,1712,00180,40,Each,0.45,NRP,NRP45607,8.80617E+12,REAL NATURE SHEA BUTTER MASK SHEET 23ml,$18.00 
4500128765,04/25/2024,2024,Q2,04,05/28/2024,KY,1712,00190,48,Each,5.75,APL,APL21693,0,Hyaluron Shot Emulsion 130ml,$276.00 
4500128765,04/25/2024,2024,Q2,04,05/28/2024,KY,1712,00200,24,Each,1.71,NRP,NRP43829,8.80617E+12,Frsh Herb Aloe Cleans Foam 5.74 floz,$41.04 
4500128765,04/25/2024,2024,Q2,04,05/28/2024,KY,1712,00210,36,Each,2.96,NRP,NRP42355,8.80617E+12,BAMBOO CHARCOAL MUD PACK 150g,$106.56 
4500128765,04/25/2024,2024,Q2,04,05/28/2024,KY,1712,00220,24,Each,6.1,NRP,NRP47192,8.80617E+12,Calendula Forest GardnDpClnsngOil 200ml,$146.40 
4500128765,04/25/2024,2024,Q2,04,05/28/2024,KY,1712,00230,32,Each,6.53,NRP,NRP46868,8.80617E+12,Argan Essential Deep Care Cond 300ml,$208.96 
4500128765,04/25/2024,2024,Q2,04,05/28/2024,KY,1712,00240,32,Each,4.42,NRP,NRP46865,8.80617E+12,Argan Essential Moist Hair Mist 220ml,$141.44 
4500128765,04/25/2024,2024,Q2,04,05/28/2024,KY,1712,00250,56,Each,7.49,APL,APL23223,0,Hyaluron Shot Light Gel Cream 80ml,$419.44 
4500128765,04/25/2024,2024,Q2,04,05/28/2024,KY,1712,00260,40,Each,7.93,APL,APL23405,0,Ceramide Shot Cream 50ml,$317.20 
4500128765,04/25/2024,2024,Q2,04,05/28/2024,KY,1712,00270,13,Each,10.74,APL,APL24520,0,Ceramide Shot Dbl Core MultiBalm 110g,$139.62 
4500128765,04/25/2024,2024,Q2,04,05/28/2024,KY,1712,00280,24,Each,4.18,PIT,PIT10075,8.80956E+12,Bamboo Charcoal Konjac Sponge 1pc,$100.32 
4500128765,04/25/2024,2024,Q2,04,05/28/2024,KY,1712,00290,24,Each,9.63,PIT,PIT10072,8.80956E+12,Pure VtmnCSrm  2 floz,$231.12 
4500128765,04/25/2024,2024,Q2,04,05/28/2024,KY,1712,00300,140,Each,6.08,PIT,PIT10070,8.80956E+12,Cica Clring BB CrmSPF38PA#211.0floz,$851.20 
4500128765,04/25/2024,2024,Q2,04,05/28/2024,KY,1712,00310,70,Each,6.08,PIT,PIT10069,8.80956E+12,Cica Clrng BB CrmSPF38PA#231.0floz,$425.60 
4500128765,04/25/2024,2024,Q2,04,05/28/2024,KY,1712,00320,48,Each,9.63,PIT,PIT10039,8.80956E+12,SeaBuckthorn V  1.7 floz,$462.24 
4500130593,05/09/2024,2024,Q2,05,06/10/2024,CA,1710,00010,240,Each,6.95,PIT,PIT10031,8.80956E+12,Centella Unscnt Srm 2 floz,"$1,668.00 "
4500130593,05/09/2024,2024,Q2,05,06/10/2024,CA,1710,00020,24,Each,2.13,NRP,NRP48814,8.80617E+12,NRP Aloe Vera Watery Gel 300ml,$51.12 
4500130593,05/09/2024,2024,Q2,05,06/10/2024,CA,1710,00030,60,Each,2.47,NRP,NRP48361,8.80617E+12,SoothMoist AloeVera92 SoothGelMst 155ml,$148.20 
4500130593,05/09/2024,2024,Q2,05,06/10/2024,CA,1710,00040,32,Each,9.4,SRI,SRI58863,8.80616E+12,Falling Into The Rose Mist 100ml,$300.80 
4500130593,05/09/2024,2024,Q2,05,06/10/2024,CA,1710,00050,20,Each,13.67,SRI,SRI99710,8.80908E+12,Deep In A Barrier Cream 50ml,$273.40 
4500130593,05/09/2024,2024,Q2,05,06/10/2024,CA,1710,00060,20,Each,7.69,SRI,SRI99757,8.80908E+12,Back To My Memories Handcream  50ml,$153.80 
4500130593,05/09/2024,2024,Q2,05,06/10/2024,CA,1710,00070,84,Each,7.49,APL,APL23223,0,Hyaluron Shot Light Gel Cream 80ml,$629.16 
4500130593,05/09/2024,2024,Q2,05,06/10/2024,CA,1710,00080,16,Each,2.59,NRP,NRP48295,8.80617E+12,Sooth Moist AloeVera 92 SoothGel 250ml,$41.44 
4500130593,05/09/2024,2024,Q2,05,06/10/2024,CA,1710,00090,60,Each,5.61,NRP,NRP47275,8.80617E+12,Super Aqua Max Comb Crm 2.70 floz,$336.60 
4500130593,05/09/2024,2024,Q2,05,06/10/2024,CA,1710,00100,24,Each,15.72,NRP,NRP47021,8.80617E+12,Snail Solution Cream 1.75 fl oz,$377.28 
4500130593,05/09/2024,2024,Q2,05,06/10/2024,CA,1710,00110,24,Each,8.98,PIT,PIT10038,8.80956E+12,Deep Sea Pure WtrCrm 1.7 floz,$215.52 
4500130593,05/09/2024,2024,Q2,05,06/10/2024,CA,1710,00120,48,Each,1.71,NRP,NRP43829,8.80617E+12,Frsh Herb Aloe Cleans Foam 5.74 floz,$82.08 
4500130593,05/09/2024,2024,Q2,05,06/10/2024,CA,1710,00130,21,Each,12,PIT,PIT10260,8.80956E+12,Daily Soft Touch Sunscreen 2.02 fl oz,$252.00 
4500130593,05/09/2024,2024,Q2,05,06/10/2024,CA,1710,00140,72,Each,7.44,PIT,PIT10247,8.80956E+12,Centella Unscented Recovery Cream 50ml,$535.68 
4500130593,05/09/2024,2024,Q2,05,06/10/2024,CA,1710,00150,48,Each,6.95,PIT,PIT10246,8.80956E+12,Centella Green Lev Rcov Crm 1.69 fl oz,$333.60 
4500130593,05/09/2024,2024,Q2,05,06/10/2024,CA,1710,00160,36,Each,12,PIT,PIT10212,8.80956E+12,Dermide Relf Barrier Msturiz 3.38 fl oz,$432.00 
4500130593,05/09/2024,2024,Q2,05,06/10/2024,CA,1710,00170,24,Each,9.63,PIT,PIT10039,8.80956E+12,SeaBuckthorn V  1.7 floz,$231.12 
4500130593,05/09/2024,2024,Q2,05,06/10/2024,CA,1710,00180,40,Each,0.45,NRP,NRP44948,8.80617E+12,REAL NATURE TEA TREE MASK SHEET 23ml,$18.00 
4500130593,05/09/2024,2024,Q2,05,06/10/2024,CA,1710,00190,20,Each,5.75,APL,APL21691,0,Hyaluron Shot Toner 220ml,$115.00 
4500130593,05/09/2024,2024,Q2,05,06/10/2024,CA,1710,00200,12,Each,7.08,NRP,NRP46862,8.80617E+12,Argan Essen Hair NoWash Treatmnt 160ml,$84.96 
4500130593,05/09/2024,2024,Q2,05,06/10/2024,CA,1710,00210,24,Each,4.97,NRP,NRP46861,8.80617E+12,Argan Essential DeepCareHairPack 200ml,$119.28 
4500130594,05/09/2024,2024,Q2,05,06/10/2024,KY,1712,00010,20,Each,6.95,PIT,PIT10014,8.80956E+12,Centella Grn LevelBuffet Srm 2 floz,$139.00 
4500130594,05/09/2024,2024,Q2,05,06/10/2024,KY,1712,00020,48,Each,1.71,NRP,NRP43831,8.80617E+12,Frsh Herb Peach Cleans Foam 5.74 floz,$82.08 
4500130594,05/09/2024,2024,Q2,05,06/10/2024,KY,1712,00030,18,Each,11.96,SRI,SRI55257,8.80616E+12,My First Essener 100ml,$215.28 
4500130594,05/09/2024,2024,Q2,05,06/10/2024,KY,1712,00040,16,Each,11.96,SRI,SRI55330,8.80616E+12,Fresh Moment Cleansing Oil 200ml,$191.36 
4500130594,05/09/2024,2024,Q2,05,06/10/2024,KY,1712,00050,80,Each,0.45,NRP,NRP45607,8.80617E+12,REAL NATURE SHEA BUTTER MASK SHEET 23ml,$36.00 
4500130594,05/09/2024,2024,Q2,05,06/10/2024,KY,1712,00060,18,Each,7.69,SRI,SRI77899,8.80919E+12,Let Me Refresh Foam Cleanser 120ml,$138.42 
4500130594,05/09/2024,2024,Q2,05,06/10/2024,KY,1712,00070,32,Each,9.4,SRI,SRI99705,8.80908E+12,Time Is Running Out Mist 100ml,$300.80 
4500130594,05/09/2024,2024,Q2,05,06/10/2024,KY,1712,00080,36,Each,11.18,NRP,NRP46662,8.80617E+12,VITAPAIR C DARK SPOT SERUM 45ml,$402.48 
4500130594,05/09/2024,2024,Q2,05,06/10/2024,KY,1712,00090,12,Each,11.53,SRI,SRI99733,8.80908E+12,Organic Start Trav Kit 30ml20ml30ml7ml,$138.36 
4500130594,05/09/2024,2024,Q2,05,06/10/2024,KY,1712,00100,24,Each,2.13,NRP,NRP48298,8.80617E+12,Sooth Moist AloeVeraClnsng GelCrm 150ml,$51.12 
4500130594,05/09/2024,2024,Q2,05,06/10/2024,KY,1712,00110,96,Each,2.13,NRP,NRP48297,8.80617E+12,Aloe Vera Foam Cleanser 5.07 fl oz,$204.48 
4500130594,05/09/2024,2024,Q2,05,06/10/2024,KY,1712,00120,10,Each,2.39,NRP,NRP48296,8.80617E+12,Aloe Vera Cleansing Tissue 80 Shts,$23.90 
4500130594,05/09/2024,2024,Q2,05,06/10/2024,KY,1712,00130,24,Each,6.03,NRP,NRP46863,8.80617E+12,Argan Essential Deep Care Hair Ess 80ml,$144.72 
4500130594,05/09/2024,2024,Q2,05,06/10/2024,KY,1712,00140,36,Each,5.61,NRP,NRP47275,8.80617E+12,Super Aqua Max Comb Crm 2.70 floz,$201.96 
4500130594,05/09/2024,2024,Q2,05,06/10/2024,KY,1712,00150,18,Each,5.53,NRP,NRP46864,8.80617E+12,Argan Essential Curling Essence 100ml,$99.54 
4500130594,05/09/2024,2024,Q2,05,06/10/2024,KY,1712,00160,72,Each,6.29,NRP,NRP47193,8.80617E+12,Chamomile Forest Garden DpClnsOil 200ml,$452.88 
4500130594,05/09/2024,2024,Q2,05,06/10/2024,KY,1712,00170,36,Each,15.72,NRP,NRP47021,8.80617E+12,Snail Solution Cream 1.75 fl oz,$565.92 
4500130594,05/09/2024,2024,Q2,05,06/10/2024,KY,1712,00180,10,Each,7.84,TSN,TSN01013,8.80962E+12,TS Chkhan Hair Color Cream 03Black 120g,$78.40 
4500130594,05/09/2024,2024,Q2,05,06/10/2024,KY,1712,00190,24,Each,10.18,NRP,NRP46988,8.80617E+12,Snail Solution Skin Booster 130ml,$244.32 
4500130594,05/09/2024,2024,Q2,05,06/10/2024,KY,1712,00200,40,Each,5.75,APL,APL21691,0,Hyaluron Shot Toner 220ml,$230.00 
4500130594,05/09/2024,2024,Q2,05,06/10/2024,KY,1712,00210,40,Each,6.53,NRP,NRP46868,8.80617E+12,Argan Essential Deep Care Cond 300ml,$261.20 
4500130594,05/09/2024,2024,Q2,05,06/10/2024,KY,1712,00220,84,Each,1.71,NRP,NRP43829,8.80617E+12,Frsh Herb Aloe Cleans Foam 5.74 floz,$143.64 
4500130594,05/09/2024,2024,Q2,05,06/10/2024,KY,1712,00230,24,Each,1.71,NRP,NRP43830,8.80617E+12,Frsh Herb Snail Cleans Foam 5.74 floz,$41.04 
4500130594,05/09/2024,2024,Q2,05,06/10/2024,KY,1712,00240,80,Each,4.46,PIT,PIT10033,8.80956E+12,Care RcvryCica  51 Ptch,$356.80 
4500130594,05/09/2024,2024,Q2,05,06/10/2024,KY,1712,00250,48,Each,5.75,APL,APL21693,0,Hyaluron Shot Emulsion 130ml,$276.00 
4500130594,05/09/2024,2024,Q2,05,06/10/2024,KY,1712,00260,40,Each,12.1,APL,APL21699,8.80401E+12,Peptide Shot Ampoule 100ml,$484.00 
4500130594,05/09/2024,2024,Q2,05,06/10/2024,KY,1712,00270,56,Each,7.49,APL,APL23223,0,Hyaluron Shot Light Gel Cream 80ml,$419.44 
4500130594,05/09/2024,2024,Q2,05,06/10/2024,KY,1712,00280,20,Each,8.53,APL,APL23239,8.80401E+12,Peptide Shot Ample 2X 30ml,$170.60 
4500130594,05/09/2024,2024,Q2,05,06/10/2024,KY,1712,00290,40,Each,7.93,APL,APL23405,0,Ceramide Shot Cream 50ml,$317.20 
4500130594,05/09/2024,2024,Q2,05,06/10/2024,KY,1712,00300,20,Each,5.75,APL,APL23866,8.80401E+12,Purifying Shot Pmpkn Enzy PeelGel 100ml,$115.00 
4500130594,05/09/2024,2024,Q2,05,06/10/2024,KY,1712,00310,20,Each,8.26,APL,APL24448,0,Centel Calming Shot Cica Toner 200ml,$165.20 
4500130594,05/09/2024,2024,Q2,05,06/10/2024,KY,1712,00320,26,Each,10.74,APL,APL24520,0,Ceramide Shot Dbl Core MultiBalm 110g,$279.24 
4500130594,05/09/2024,2024,Q2,05,06/10/2024,KY,1712,00330,48,Each,8.98,PIT,PIT10038,8.80956E+12,Deep Sea Pure WtrCrm 1.7 floz,$431.04 
4500130594,05/09/2024,2024,Q2,05,06/10/2024,KY,1712,00340,72,Each,9.63,PIT,PIT10039,8.80956E+12,SeaBuckthorn V  1.7 floz,$693.36 
4500130594,05/09/2024,2024,Q2,05,06/10/2024,KY,1712,00350,24,Each,5.2,PIT,PIT10063,8.80956E+12,DefenceBrrier   5.07 flo,$124.80 
4500130594,05/09/2024,2024,Q2,05,06/10/2024,KY,1712,00360,420,Each,6.08,PIT,PIT10069,8.80956E+12,Cica Clrng BB CrmSPF38PA#231.0floz,"$2,553.60 "
4500130594,05/09/2024,2024,Q2,05,06/10/2024,KY,1712,00370,70,Each,6.08,PIT,PIT10070,8.80956E+12,Cica Clring BB CrmSPF38PA#211.0floz,$425.60 
4500130594,05/09/2024,2024,Q2,05,06/10/2024,KY,1712,00380,60,Each,9.63,PIT,PIT10072,8.80956E+12,Pure VtmnCSrm  2 floz,$577.80 
4500130594,05/09/2024,2024,Q2,05,06/10/2024,KY,1712,00390,24,Each,4.18,PIT,PIT10074,8.80956E+12,Jeju Volcanic Scoria Konjac Sponge 1pc,$100.32 
4500130594,05/09/2024,2024,Q2,05,06/10/2024,KY,1712,00400,24,Each,4.18,PIT,PIT10075,8.80956E+12,Bamboo Charcoal Konjac Sponge 1pc,$100.32 
4500130594,05/09/2024,2024,Q2,05,06/10/2024,KY,1712,00410,147,Each,7.23,PIT,PIT10082,8.80956E+12,Centella Unscented Mini Kit 3pc,"$1,062.81 "
4500130594,05/09/2024,2024,Q2,05,06/10/2024,KY,1712,00420,108,Each,7.18,PIT,PIT10100,8.80956E+12,CENTELLA GREEN LEVEL CALM TONER 200ml,$775.44 
4500130594,05/09/2024,2024,Q2,05,06/10/2024,KY,1712,00430,45,Each,4.88,PIT,PIT10102,8.80956E+12,CENTELLA UNSCENTED EYE CREAM 30ml,$219.60 
4500130594,05/09/2024,2024,Q2,05,06/10/2024,KY,1712,00440,105,Each,5.47,PIT,PIT10141,8.80956E+12,CICA CLEARING BBCRM 13 NEUTRALIVORY 1oz,$574.35 
4500130594,05/09/2024,2024,Q2,05,06/10/2024,KY,1712,00450,70,Each,5.47,PIT,PIT10142,8.80956E+12,CICA CLEARING BBCRM 15 ROSE IVORY 1oz,$382.90 
4500130594,05/09/2024,2024,Q2,05,06/10/2024,KY,1712,00460,240,Each,6.95,PIT,PIT10246,8.80956E+12,Centella Green Lev Rcov Crm 1.69 fl oz,"$1,668.00 "
4500130594,05/09/2024,2024,Q2,05,06/10/2024,KY,1712,00470,72,Each,7.44,PIT,PIT10247,8.80956E+12,Centella Unscented Recovery Cream 50ml,$535.68 
4500130594,05/09/2024,2024,Q2,05,06/10/2024,KY,1712,00480,42,Each,12,PIT,PIT10260,8.80956E+12,Daily Soft Touch Sunscreen 2.02 fl oz,$504.00 
4500130594,05/09/2024,2024,Q2,05,06/10/2024,KY,1712,00490,120,Each,6.95,PIT,PIT10031,8.80956E+12,Centella Unscnt Srm 2 floz,$834.00 
4500132414,05/23/2024,2024,Q2,05,06/24/2024,CA,1710,00010,20,Each,7.93,APL,APL23405,0,Ceramide Shot Cream 50ml,$158.60 
4500132414,05/23/2024,2024,Q2,05,06/24/2024,CA,1710,00020,13,Each,10.74,APL,APL24520,0,Ceramide Shot Dbl Core MultiBalm 110g,$139.62 
4500132414,05/23/2024,2024,Q2,05,06/24/2024,CA,1710,00030,20,Each,6.94,APL,APL23017,8.80401E+12,Ceramide Shot Amp Mist 80ml,$138.80 
4500132414,05/23/2024,2024,Q2,05,06/24/2024,CA,1710,00040,20,Each,14.87,APL,APL22555,8.80401E+12,Ceramide Shot Ampoule 100ml,$297.40 
4500132414,05/23/2024,2024,Q2,05,06/24/2024,CA,1710,00050,20,Each,12.1,APL,APL21699,8.80401E+12,Peptide Shot Ampoule 100ml,$242.00 
4500132414,05/23/2024,2024,Q2,05,06/24/2024,CA,1710,00060,20,Each,5.75,APL,APL21691,0,Hyaluron Shot Toner 220ml,$115.00 
4500132414,05/23/2024,2024,Q2,05,06/24/2024,CA,1710,00070,36,Each,2.13,NRP,NRP48297,8.80617E+12,Aloe Vera Foam Cleanser 5.07 fl oz,$76.68 
4500132414,05/23/2024,2024,Q2,05,06/24/2024,CA,1710,00080,40,Each,0.45,NRP,NRP44938,8.80617E+12,REAL NATURE TOMATO MASK SHEET 23ml,$18.00 
4500132414,05/23/2024,2024,Q2,05,06/24/2024,CA,1710,00090,40,Each,0.45,NRP,NRP44946,8.80617E+12,REAL NATURE ROSE MASK SHEET 23ml,$18.00 
4500132414,05/23/2024,2024,Q2,05,06/24/2024,CA,1710,00100,120,Each,10.18,PIT,PIT10144,8.80956E+12,B5 Panthenol Rebarrier Cream 2.7 fl oz,"$1,221.60 "
4500132414,05/23/2024,2024,Q2,05,06/24/2024,CA,1710,00110,40,Each,0.45,NRP,NRP44948,8.80617E+12,REAL NATURE TEA TREE MASK SHEET 23ml,$18.00 
4500132414,05/23/2024,2024,Q2,05,06/24/2024,CA,1710,00120,72,Each,9.61,PIT,PIT10247,8.80956E+12,Centella Unscented Recovery Cream 50ml,$691.92 
4500132414,05/23/2024,2024,Q2,05,06/24/2024,CA,1710,00130,32,Each,10.46,NRP,NRP45415,8.80617E+12,Fresh Powdery Sun Stick SPF50 0.71 oz,$334.72 
4500132414,05/23/2024,2024,Q2,05,06/24/2024,CA,1710,00140,64,Each,4.97,NRP,NRP46861,8.80617E+12,Argan Essential DeepCareHairPack 200ml,$318.08 
4500132414,05/23/2024,2024,Q2,05,06/24/2024,CA,1710,00150,24,Each,11.34,NRP,NRP48222,8.80617E+12,Green Derma Mild Cica Cream 6.42 floz,$272.16 
4500132414,05/23/2024,2024,Q2,05,06/24/2024,CA,1710,00160,12,Each,7.08,NRP,NRP46862,8.80617E+12,Argan Essen Hair NoWash Treatmnt 160ml,$84.96 
4500132414,05/23/2024,2024,Q2,05,06/24/2024,CA,1710,00170,24,Each,8.28,NRP,NRP47879,8.80617E+12,Real Squeeze Aloe Vera Emulsion 130ml,$198.72 
4500132414,05/23/2024,2024,Q2,05,06/24/2024,CA,1710,00180,12,Each,6.03,NRP,NRP46863,8.80617E+12,Argan Essential Deep Care Hair Ess 80ml,$72.36 
4500132414,05/23/2024,2024,Q2,05,06/24/2024,CA,1710,00190,48,Each,12,PIT,PIT10212,8.80956E+12,Dermide Relf Barrier Msturiz 3.38 fl oz,$576.00 
4500132414,05/23/2024,2024,Q2,05,06/24/2024,CA,1710,00200,16,Each,6.53,NRP,NRP46868,8.80617E+12,Argan Essential Deep Care Cond 300ml,$104.48 
4500132414,05/23/2024,2024,Q2,05,06/24/2024,CA,1710,00210,48,Each,9.26,PIT,PIT10246,8.80956E+12,Centella Green Lev Rcov Crm 1.69 fl oz,$444.48 
4500132414,05/23/2024,2024,Q2,05,06/24/2024,CA,1710,00220,36,Each,3.46,NRP,NRP47552,8.80617E+12,Body Peeling Mist Peach Scent 300 ml,$124.56 
4500132414,05/23/2024,2024,Q2,05,06/24/2024,CA,1710,00230,24,Each,15.72,NRP,NRP47021,8.80617E+12,Snail Solution Cream 1.75 fl oz,$377.28 
4500132414,05/23/2024,2024,Q2,05,06/24/2024,CA,1710,00240,30,Each,6.1,NRP,NRP47192,8.80617E+12,Calendula Forest GardnDpClnsngOil 200ml,$183.00 
4500132414,05/23/2024,2024,Q2,05,06/24/2024,CA,1710,00250,24,Each,3.46,NRP,NRP47551,8.80617E+12,Body Peeling Mist Phyto Scent 300 ml,$83.04 
4500132414,05/23/2024,2024,Q2,05,06/24/2024,CA,1710,00260,84,Each,5.61,NRP,NRP47275,8.80617E+12,Super Aqua Max Comb Crm 2.70 floz,$471.24 
4500132414,05/23/2024,2024,Q2,05,06/24/2024,CA,1710,00270,32,Each,6.16,PIT,PIT10221,8.80956E+12,Restore Cleansing Bar 3.52 oz,$197.12 
4500132414,05/23/2024,2024,Q2,05,06/24/2024,CA,1710,00280,24,Each,8.28,NRP,NRP47346,8.80617E+12,Shea Butter Moist Steam Crm 3.38 floz,$198.72 
4500132414,05/23/2024,2024,Q2,05,06/24/2024,CA,1710,00290,24,Each,4.45,NRP,NRP47490,8.80617E+12,Jeju Sparkling Mud Foam Cleanser 150ml,$106.80 
4500132414,05/23/2024,2024,Q2,05,06/24/2024,CA,1710,00300,24,Each,1.71,NRP,NRP43832,8.80617E+12,Frsh Herb Acerol Cleans Foam 5.74 floz,$41.04 
4500132414,05/23/2024,2024,Q2,05,06/24/2024,CA,1710,00310,96,Each,8.53,PIT,PIT10279,8.80956E+12,From Grn Avocado Cleansing Balm 100ml,$818.88 
4500132414,05/23/2024,2024,Q2,05,06/24/2024,CA,1710,00320,24,Each,1.71,NRP,NRP43831,8.80617E+12,Frsh Herb Peach Cleans Foam 5.74 floz,$41.04 
4500132414,05/23/2024,2024,Q2,05,06/24/2024,CA,1710,00330,25,Each,7.29,PIT,PIT10105,8.80956E+12,OATIN CALMING GEL CREAM 100ml,$182.25 
4500132414,05/23/2024,2024,Q2,05,06/24/2024,CA,1710,00340,36,Each,1.71,NRP,NRP43830,8.80617E+12,Frsh Herb Snail Cleans Foam 5.74 floz,$61.56 
4500132414,05/23/2024,2024,Q2,05,06/24/2024,CA,1710,00350,24,Each,2.13,NRP,NRP48298,8.80617E+12,Sooth Moist AloeVeraClnsng GelCrm 150ml,$51.12 
4500132414,05/23/2024,2024,Q2,05,06/24/2024,CA,1710,00360,48,Each,1.71,NRP,NRP43829,8.80617E+12,Frsh Herb Aloe Cleans Foam 5.74 floz,$82.08 
4500132414,05/23/2024,2024,Q2,05,06/24/2024,CA,1710,00370,45,Each,6.5,PIT,PIT10102,8.80956E+12,CENTELLA UNSCENTED EYE CREAM 30ml,$292.50 
4500132414,05/23/2024,2024,Q2,05,06/24/2024,CA,1710,00380,54,Each,9.57,PIT,PIT10100,8.80956E+12,CENTELLA GREEN LEVEL CALM TONER 200ml,$516.78 
4500132414,05/23/2024,2024,Q2,05,06/24/2024,CA,1710,00390,24,Each,12,PIT,PIT10096,8.80956E+12,DAILY GOTO SUNSCREEN 60ml,$288.00 
4500132414,05/23/2024,2024,Q2,05,06/24/2024,CA,1710,00400,24,Each,4.18,PIT,PIT10075,8.80956E+12,Bamboo Charcoal Konjac Sponge 1pc,$100.32 
4500132414,05/23/2024,2024,Q2,05,06/24/2024,CA,1710,00410,22,Each,5.13,SRI,SRI99720,8.80908E+12,More Than Lip Balm 4g,$112.86 
4500132414,05/23/2024,2024,Q2,05,06/24/2024,CA,1710,00420,12,Each,10.9,NRP,NRP48603,8.80617E+12,Kombuch Blck Tea Treat Emul 4.39 floz,$130.80 
4500132414,05/23/2024,2024,Q2,05,06/24/2024,CA,1710,00430,108,Each,9.83,PIT,PIT10307,8.80956E+12,Sft Tch Sunscreen Urban Def SPF50 60ml,"$1,061.64 "
4500132414,05/23/2024,2024,Q2,05,06/24/2024,CA,1710,00440,360,Each,9.26,PIT,PIT10031,8.80956E+12,Centella Unscnt Srm 2 floz,"$3,333.60 "
4500132414,05/23/2024,2024,Q2,05,06/24/2024,CA,1710,00450,192,Each,2.13,NRP,NRP48814,8.80617E+12,NRP Aloe Vera Watery Gel 300ml,$408.96 
4500132414,05/23/2024,2024,Q2,05,06/24/2024,CA,1710,00460,16,Each,10.25,SRI,SRI99708,8.80908E+12,Cleanse Me Softly Milk Cleanser 200ml,$164.00 
4500132414,05/23/2024,2024,Q2,05,06/24/2024,CA,1710,00470,40,Each,9.26,PIT,PIT10014,8.80956E+12,Centella Grn LevelBuffet Srm 2 floz,$370.40 
4500132414,05/23/2024,2024,Q2,05,06/24/2024,CA,1710,00480,32,Each,9.4,SRI,SRI99705,8.80908E+12,Time Is Running Out Mist 100ml,$300.80 
4500132415,05/23/2024,2024,Q2,05,06/24/2024,KY,1712,00010,36,Each,10.38,PIT,PIT10276,8.80956E+12,Clear Code Superfruit Cleanser 150 ml,$373.68 
4500132415,05/23/2024,2024,Q2,05,06/24/2024,KY,1712,00020,42,Each,11.48,PIT,PIT10256,8.80956E+12,Oatin Silky Toner 6.76 fl oz,$482.16 
4500132415,05/23/2024,2024,Q2,05,06/24/2024,KY,1712,00030,288,Each,9.26,PIT,PIT10246,8.80956E+12,Centella Green Lev Rcov Crm 1.69 fl oz,"$2,666.88 "
4500132415,05/23/2024,2024,Q2,05,06/24/2024,KY,1712,00040,40,Each,5.75,APL,APL21691,0,Hyaluron Shot Toner 220ml,$230.00 
4500132415,05/23/2024,2024,Q2,05,06/24/2024,KY,1712,00050,48,Each,5.75,APL,APL21693,0,Hyaluron Shot Emulsion 130ml,$276.00 
4500132415,05/23/2024,2024,Q2,05,06/24/2024,KY,1712,00060,192,Each,9.61,PIT,PIT10247,8.80956E+12,Centella Unscented Recovery Cream 50ml,"$1,845.12 "
4500132415,05/23/2024,2024,Q2,05,06/24/2024,KY,1712,00070,40,Each,8.53,APL,APL23239,8.80401E+12,Peptide Shot Ample 2X 30ml,$341.20 
4500132415,05/23/2024,2024,Q2,05,06/24/2024,KY,1712,00080,40,Each,7.93,APL,APL23405,0,Ceramide Shot Cream 50ml,$317.20 
4500132415,05/23/2024,2024,Q2,05,06/24/2024,KY,1712,00090,20,Each,8.26,APL,APL24448,0,Centel Calming Shot Cica Toner 200ml,$165.20 
4500132415,05/23/2024,2024,Q2,05,06/24/2024,KY,1712,00100,75,Each,9.92,PIT,PIT10213,8.80956E+12,Dermd Cica Barrier Sleep Pack2.7 fl oz,$744.00 
4500132415,05/23/2024,2024,Q2,05,06/24/2024,KY,1712,00110,26,Each,10.74,APL,APL24520,0,Ceramide Shot Dbl Core MultiBalm 110g,$279.24 
4500132415,05/23/2024,2024,Q2,05,06/24/2024,KY,1712,00120,240,Each,12,PIT,PIT10212,8.80956E+12,Dermide Relf Barrier Msturiz 3.38 fl oz,"$2,880.00 "
4500132415,05/23/2024,2024,Q2,05,06/24/2024,KY,1712,00130,140,Each,9.92,PIT,PIT10201,8.80956E+12,Galacto Niacin 97 Power Essence 2 fl oz,"$1,388.80 "
4500132415,05/23/2024,2024,Q2,05,06/24/2024,KY,1712,00140,36,Each,9.92,PIT,PIT10200,8.80956E+12,FermCmplx94 Boosting Essence 5.07 fl oz,$357.12 
4500132415,05/23/2024,2024,Q2,05,06/24/2024,KY,1712,00150,160,Each,10.18,PIT,PIT10144,8.80956E+12,B5 Panthenol Rebarrier Cream 2.7 fl oz,"$1,628.80 "
4500132415,05/23/2024,2024,Q2,05,06/24/2024,KY,1712,00160,175,Each,5.47,PIT,PIT10141,8.80956E+12,CICA CLEARING BBCRM 13 NEUTRALIVORY 1oz,$957.25 
4500132415,05/23/2024,2024,Q2,05,06/24/2024,KY,1712,00170,450,Each,7.29,PIT,PIT10105,8.80956E+12,OATIN CALMING GEL CREAM 100ml,"$3,280.50 "
4500132415,05/23/2024,2024,Q2,05,06/24/2024,KY,1712,00180,225,Each,6.5,PIT,PIT10102,8.80956E+12,CENTELLA UNSCENTED EYE CREAM 30ml,"$1,462.50 "
4500132415,05/23/2024,2024,Q2,05,06/24/2024,KY,1712,00190,48,Each,4.18,PIT,PIT10074,8.80956E+12,Jeju Volcanic Scoria Konjac Sponge 1pc,$200.64 
4500132415,05/23/2024,2024,Q2,05,06/24/2024,KY,1712,00200,144,Each,9.63,PIT,PIT10072,8.80956E+12,Pure VtmnCSrm  2 floz,"$1,386.72 "
4500132415,05/23/2024,2024,Q2,05,06/24/2024,KY,1712,00210,455,Each,6.08,PIT,PIT10070,8.80956E+12,Cica Clring BB CrmSPF38PA#211.0floz,"$2,766.40 "
4500132415,05/23/2024,2024,Q2,05,06/24/2024,KY,1712,00220,144,Each,5.2,PIT,PIT10063,8.80956E+12,DefenceBrrier   5.07 flo,$748.80 
4500132415,05/23/2024,2024,Q2,05,06/24/2024,KY,1712,00230,96,Each,9.63,PIT,PIT10039,8.80956E+12,SeaBuckthorn V  1.7 floz,$924.48 
4500132415,05/23/2024,2024,Q2,05,06/24/2024,KY,1712,00240,72,Each,7.59,PIT,PIT10035,8.80956E+12,GrnDeep FoamCl  5.07 flo,$546.48 
4500132415,05/23/2024,2024,Q2,05,06/24/2024,KY,1712,00250,560,Each,9.26,PIT,PIT10031,8.80956E+12,Centella Unscnt Srm 2 floz,"$5,185.60 "
4500132415,05/23/2024,2024,Q2,05,06/24/2024,KY,1712,00260,315,Each,6.61,PIT,PIT10015,8.80956E+12,Centella Grn LevelEyeCrm 1 floz,"$2,082.15 "
4500132415,05/23/2024,2024,Q2,05,06/24/2024,KY,1712,00270,180,Each,9.26,PIT,PIT10014,8.80956E+12,Centella Grn LevelBuffet Srm 2 floz,"$1,666.80 "
4500132415,05/23/2024,2024,Q2,05,06/24/2024,KY,1712,00280,20,Each,7.69,SRI,SRI99757,8.80908E+12,Back To My Memories Handcream  50ml,$153.80 
4500132415,05/23/2024,2024,Q2,05,06/24/2024,KY,1712,00290,40,Each,13.67,SRI,SRI99710,8.80908E+12,Deep In A Barrier Cream 50ml,$546.80 
4500132415,05/23/2024,2024,Q2,05,06/24/2024,KY,1712,00300,32,Each,10.25,SRI,SRI99708,8.80908E+12,Cleanse Me Softly Milk Cleanser 200ml,$328.00 
4500132415,05/23/2024,2024,Q2,05,06/24/2024,KY,1712,00310,16,Each,9.4,SRI,SRI99706,8.80908E+12,Day By Day Cleansing Gel 150ml,$150.40 
4500132415,05/23/2024,2024,Q2,05,06/24/2024,KY,1712,00320,18,Each,16.23,SRI,SRI77910,8.80919E+12,All Your Love Body Cream 300ml,$292.14 
4500132415,05/23/2024,2024,Q2,05,06/24/2024,KY,1712,00330,36,Each,7.69,SRI,SRI77899,8.80919E+12,Let Me Refresh Foam Cleanser 120ml,$276.84 
4500132415,05/23/2024,2024,Q2,05,06/24/2024,KY,1712,00340,32,Each,11.96,SRI,SRI55330,8.80616E+12,Fresh Moment Cleansing Oil 200ml,$382.72 
4500132415,05/23/2024,2024,Q2,05,06/24/2024,KY,1712,00350,24,Each,1.71,NRP,NRP43829,8.80617E+12,Frsh Herb Aloe Cleans Foam 5.74 floz,$41.04 
4500132415,05/23/2024,2024,Q2,05,06/24/2024,KY,1712,00360,48,Each,1.71,NRP,NRP43830,8.80617E+12,Frsh Herb Snail Cleans Foam 5.74 floz,$82.08 
4500132415,05/23/2024,2024,Q2,05,06/24/2024,KY,1712,00370,24,Each,1.71,NRP,NRP43831,8.80617E+12,Frsh Herb Peach Cleans Foam 5.74 floz,$41.04 
4500132415,05/23/2024,2024,Q2,05,06/24/2024,KY,1712,00380,24,Each,1.71,NRP,NRP43832,8.80617E+12,Frsh Herb Acerol Cleans Foam 5.74 floz,$41.04 
4500132415,05/23/2024,2024,Q2,05,06/24/2024,KY,1712,00390,80,Each,0.45,NRP,NRP44946,8.80617E+12,REAL NATURE ROSE MASK SHEET 23ml,$36.00 
4500132415,05/23/2024,2024,Q2,05,06/24/2024,KY,1712,00400,80,Each,0.45,NRP,NRP44948,8.80617E+12,REAL NATURE TEA TREE MASK SHEET 23ml,$36.00 
4500132415,05/23/2024,2024,Q2,05,06/24/2024,KY,1712,00410,152,Each,4.97,NRP,NRP46861,8.80617E+12,Argan Essential DeepCareHairPack 200ml,$755.44 
4500132415,05/23/2024,2024,Q2,05,06/24/2024,KY,1712,00420,24,Each,7.08,NRP,NRP46862,8.80617E+12,Argan Essen Hair NoWash Treatmnt 160ml,$169.92 
4500132415,05/23/2024,2024,Q2,05,06/24/2024,KY,1712,00430,36,Each,6.03,NRP,NRP46863,8.80617E+12,Argan Essential Deep Care Hair Ess 80ml,$217.08 
4500132415,05/23/2024,2024,Q2,05,06/24/2024,KY,1712,00440,120,Each,6.53,NRP,NRP46867,8.80617E+12,Argan Essential Deep Care Shampoo 300ml,$783.60 
4500132415,05/23/2024,2024,Q2,05,06/24/2024,KY,1712,00450,72,Each,6.53,NRP,NRP46868,8.80617E+12,Argan Essential Deep Care Cond 300ml,$470.16 
4500132415,05/23/2024,2024,Q2,05,06/24/2024,KY,1712,00460,24,Each,9.88,NRP,NRP46989,8.80617E+12,Snail Solution Emulsion 4.05 fl oz,$237.12 
4500132415,05/23/2024,2024,Q2,05,06/24/2024,KY,1712,00470,36,Each,15.72,NRP,NRP47021,8.80617E+12,Snail Solution Cream 1.75 fl oz,$565.92 
4500132415,05/23/2024,2024,Q2,05,06/24/2024,KY,1712,00480,54,Each,6.1,NRP,NRP47192,8.80617E+12,Calendula Forest GardnDpClnsngOil 200ml,$329.40 
4500132415,05/23/2024,2024,Q2,05,06/24/2024,KY,1712,00490,36,Each,5.61,NRP,NRP47275,8.80617E+12,Super Aqua Max Comb Crm 2.70 floz,$201.96 
4500132415,05/23/2024,2024,Q2,05,06/24/2024,KY,1712,00500,50,Each,4.48,NRP,NRP47492,8.80617E+12,Jeju Spark Enrich Facial Clnsr 300ml,$224.00 
4500132415,05/23/2024,2024,Q2,05,06/24/2024,KY,1712,00510,24,Each,3.46,NRP,NRP47551,8.80617E+12,Body Peeling Mist Phyto Scent 300 ml,$83.04 
4500132415,05/23/2024,2024,Q2,05,06/24/2024,KY,1712,00520,12,Each,3.46,NRP,NRP47552,8.80617E+12,Body Peeling Mist Peach Scent 300 ml,$41.52 
4500132415,05/23/2024,2024,Q2,05,06/24/2024,KY,1712,00530,36,Each,3.46,NRP,NRP47553,8.80617E+12,Body Peel Mist Cotton Scnt 10.14 floz,$124.56 
4500132415,05/23/2024,2024,Q2,05,06/24/2024,KY,1712,00540,24,Each,2.13,NRP,NRP48298,8.80617E+12,Sooth Moist AloeVeraClnsng GelCrm 150ml,$51.12 
4500132415,05/23/2024,2024,Q2,05,06/24/2024,KY,1712,00550,60,Each,2.13,NRP,NRP48297,8.80617E+12,Aloe Vera Foam Cleanser 5.07 fl oz,$127.80 
4500132415,05/23/2024,2024,Q2,05,06/24/2024,KY,1712,00560,24,Each,6.53,NRP,NRP48257,8.80617E+12,Green Derma Soothing Cream 100ml,$156.72 
4500132415,05/23/2024,2024,Q2,05,06/24/2024,KY,1712,00570,24,Each,6.09,NRP,NRP48619,8.80617E+12,Real Squeeze Aloe Vera Eye Serum 15ml,$146.16 
4500132415,05/23/2024,2024,Q2,05,06/24/2024,KY,1712,00580,2136,Each,2.13,NRP,NRP48814,8.80617E+12,NRP Aloe Vera Watery Gel 300ml,"$4,549.68 "
4500132415,05/23/2024,2024,Q2,05,06/24/2024,KY,1712,00590,54,Each,9.83,PIT,PIT10307,8.80956E+12,Sft Tch Sunscreen Urban Def SPF50 60ml,$530.82 
4500132415,05/23/2024,2024,Q2,05,06/24/2024,KY,1712,00600,48,Each,8.53,PIT,PIT10279,8.80956E+12,From Grn Avocado Cleansing Balm 100ml,$409.44 
4500132416,05/23/2024,2024,Q2,05,06/24/2024,CA,1710,00010,60,Each,10.4,MUZ,MUZ58002,8.80984E+12,Objct Liq Lip Tnt 002 Sequence .20 floz,$624.00 
4500132416,05/23/2024,2024,Q2,05,06/24/2024,CA,1710,00020,30,Each,10.4,MUZ,MUZ58041,8.80984E+12,Objct Mat Lip Tnt 001 Signatre .20 floz,$312.00 
4500132416,05/23/2024,2024,Q2,05,06/24/2024,CA,1710,00030,15,Each,10.4,MUZ,MUZ58043,8.80984E+12,Objct Mat Lip Tnt 003 Posh .20 floz,$156.00 
4500132416,05/23/2024,2024,Q2,05,06/24/2024,CA,1710,00040,15,Each,10.4,MUZ,MUZ58051,8.80984E+12,Fitting Blush 01 Odd 5 g,$156.00 
4500134383,06/13/2024,2024,Q2,06,07/15/2024,KY,1712,00010,60,Each,5.01,APB,APB68267,8.80987E+12,Glutath Niacinamide Ampoule Serum 40ml,$300.60 
4500134383,06/13/2024,2024,Q2,06,07/15/2024,KY,1712,00020,75,Each,5.01,APB,APB68268,8.80987E+12,Glutath Niacinamide Facial Cream 55ml,$375.75 
4500134383,06/13/2024,2024,Q2,06,07/15/2024,KY,1712,00030,75,Each,5.01,APB,APB68270,8.80987E+12,Glutath Niacinamide Facial Toner 160ml,$375.75 
4500134383,06/13/2024,2024,Q2,06,07/15/2024,KY,1712,00040,48,Each,5.01,APB,APB68271,8.80987E+12,Glutath Niacinamide Mist Essence 105ml,$240.48 
4500134383,06/13/2024,2024,Q2,06,07/15/2024,KY,1712,00050,48,Each,5.01,APB,APB68276,8.80987E+12,Glutath Niacinamide Sunscreen 40ml,$240.48 
4500134383,06/13/2024,2024,Q2,06,07/15/2024,KY,1712,00060,60,Each,5.01,APB,APB68272,8.80987E+12,Glutath Niacinamide Fac Cleanser 80ml,$300.60 
4500134383,06/13/2024,2024,Q2,06,07/15/2024,KY,1712,00070,60,Each,5.01,APB,APB68275,8.80987E+12,Glutath Niacinamide Eye Cream 20ml,$300.60 
4500134383,06/13/2024,2024,Q2,06,07/15/2024,KY,1712,00080,150,Each,0.56,APB,APB68269,8.80987E+12,Glutath Niacinamide Sheet Mask 25ml,$84.00 
4500134383,06/13/2024,2024,Q2,06,07/15/2024,KY,1712,00090,75,Each,5.01,APB,APB68274,8.80987E+12,Glutath Niacinamide Body Lotion 300ml,$375.75 
4500134383,06/13/2024,2024,Q2,06,07/15/2024,KY,1712,00100,75,Each,5.01,APB,APB68273,8.80987E+12,Glutath Niacinamide Body Wash 300ml,$375.75 
4500134384,06/13/2024,2024,Q2,06,07/15/2024,CA,1710,00010,120,Each,5.01,APB,APB68267,8.80987E+12,Glutath Niacinamide Ampoule Serum 40ml,$601.20 
4500134384,06/13/2024,2024,Q2,06,07/15/2024,CA,1710,00020,150,Each,5.01,APB,APB68268,8.80987E+12,Glutath Niacinamide Facial Cream 55ml,$751.50 
4500134384,06/13/2024,2024,Q2,06,07/15/2024,CA,1710,00030,150,Each,5.01,APB,APB68270,8.80987E+12,Glutath Niacinamide Facial Toner 160ml,$751.50 
4500134384,06/13/2024,2024,Q2,06,07/15/2024,CA,1710,00040,96,Each,5.01,APB,APB68271,8.80987E+12,Glutath Niacinamide Mist Essence 105ml,$480.96 
4500134384,06/13/2024,2024,Q2,06,07/15/2024,CA,1710,00050,96,Each,5.01,APB,APB68276,8.80987E+12,Glutath Niacinamide Sunscreen 40ml,$480.96 
4500134384,06/13/2024,2024,Q2,06,07/15/2024,CA,1710,00060,120,Each,5.01,APB,APB68272,8.80987E+12,Glutath Niacinamide Fac Cleanser 80ml,$601.20 
4500134384,06/13/2024,2024,Q2,06,07/15/2024,CA,1710,00070,120,Each,5.01,APB,APB68275,8.80987E+12,Glutath Niacinamide Eye Cream 20ml,$601.20 
4500134384,06/13/2024,2024,Q2,06,07/15/2024,CA,1710,00080,300,Each,0.56,APB,APB68269,8.80987E+12,Glutath Niacinamide Sheet Mask 25ml,$168.00 
4500134384,06/13/2024,2024,Q2,06,07/15/2024,CA,1710,00090,150,Each,5.01,APB,APB68274,8.80987E+12,Glutath Niacinamide Body Lotion 300ml,$751.50 
4500134384,06/13/2024,2024,Q2,06,07/15/2024,CA,1710,00100,150,Each,5.01,APB,APB68273,8.80987E+12,Glutath Niacinamide Body Wash 300ml,$751.50 
4500134726,06/19/2024,2024,Q2,06,07/22/2024,KY,1712,00010,60,Each,3.27,NRP,NRP45742,8.80617E+12,Jeju Spark Cleans Tissue 50 Sheets 205g,$196.20 
4500134726,06/19/2024,2024,Q2,06,07/22/2024,KY,1712,00020,78,Each,9.41,NRP,NRP48847,8.80617E+12,Aqa Sup Max Combin Watery Cream 80ml,$733.98 
4500134726,06/19/2024,2024,Q2,06,07/22/2024,KY,1712,00030,56,Each,5.16,NRP,NRP49010,8.80617E+12,Mild and Mst Aloe Vera Water Gel 250ml,$288.96 
4500134727,06/19/2024,2024,Q2,06,07/22/2024,CA,1710,00010,120,Each,3.27,NRP,NRP45742,8.80617E+12,Jeju Spark Cleans Tissue 50 Sheets 205g,$392.40 
4500134727,06/19/2024,2024,Q2,06,07/22/2024,CA,1710,00020,84,Each,9.41,NRP,NRP48847,8.80617E+12,Aqa Sup Max Combin Watery Cream 80ml,$790.44 
4500134727,06/19/2024,2024,Q2,06,07/22/2024,CA,1710,00030,112,Each,5.16,NRP,NRP49010,8.80617E+12,Mild and Mst Aloe Vera Water Gel 250ml,$577.92 
4500135987,06/25/2024,2024,Q2,06,07/03/2024,CA,1710,00010,36,Each,11.96,SRI,SRI55257,8.80616E+12,My First Essener 100ml,$430.56 
4500135987,06/25/2024,2024,Q2,06,07/03/2024,CA,1710,00020,48,Each,9.93,PIT,PIT10253,8.80956E+12,From Green Cleansing Oil 6.76 fl oz,$476.64 
4500135987,06/25/2024,2024,Q2,06,07/03/2024,CA,1710,00030,24,Each,4.45,NRP,NRP47490,8.80617E+12,Jeju Sparkling Mud Foam Cleanser 150ml,$106.80 
4500135987,06/25/2024,2024,Q2,06,07/03/2024,CA,1710,00040,72,Each,4.42,NRP,NRP46865,8.80617E+12,Argan Essential Moist Hair Mist 220ml,$318.24 
4500135987,06/25/2024,2024,Q2,06,07/03/2024,CA,1710,00050,175,Each,7.29,PIT,PIT10105,8.80956E+12,OATIN CALMING GEL CREAM 100ml,"$1,275.75 "
4500135987,06/25/2024,2024,Q2,06,07/03/2024,CA,1710,00060,120,Each,2.13,NRP,NRP48814,8.80617E+12,NRP Aloe Vera Watery Gel 300ml,$255.60 
4500135987,06/25/2024,2024,Q2,06,07/03/2024,CA,1710,00070,96,Each,12,PIT,PIT10096,8.80956E+12,DAILY GOTO SUNSCREEN 60ml,"$1,152.00 "
4500135987,06/25/2024,2024,Q2,06,07/03/2024,CA,1710,00080,40,Each,4.46,PIT,PIT10033,8.80956E+12,Care RcvryCica  51 Ptch,$178.40 
4500135987,06/25/2024,2024,Q2,06,07/03/2024,CA,1710,00090,280,Each,9.26,PIT,PIT10031,8.80956E+12,Centella Unscnt Srm 2 floz,"$2,592.80 "
4500135988,06/25/2024,2024,Q2,06,07/10/2024,KY,1712,00010,180,Each,4.45,NRP,NRP47490,8.80617E+12,Jeju Sparkling Mud Foam Cleanser 150ml,$801.00 
4500135988,06/25/2024,2024,Q2,06,07/10/2024,KY,1712,00020,54,Each,11.96,SRI,SRI55257,8.80616E+12,My First Essener 100ml,$645.84 
4500135988,06/25/2024,2024,Q2,06,07/10/2024,KY,1712,00030,1224,Each,2.13,NRP,NRP48814,8.80617E+12,NRP Aloe Vera Watery Gel 300ml,"$2,607.12 "
4500135988,06/25/2024,2024,Q2,06,07/10/2024,KY,1712,00040,232,Each,4.42,NRP,NRP46865,8.80617E+12,Argan Essential Moist Hair Mist 220ml,"$1,025.44 "
4500135988,06/25/2024,2024,Q2,06,07/10/2024,KY,1712,00050,432,Each,9.83,PIT,PIT10307,8.80956E+12,Sft Tch Sunscreen Urban Def SPF50 60ml,"$4,246.56 "
4500135988,06/25/2024,2024,Q2,06,07/10/2024,KY,1712,00060,880,Each,9.26,PIT,PIT10031,8.80956E+12,Centella Unscnt Srm 2 floz,"$8,148.80 "
4500135988,06/25/2024,2024,Q2,06,07/10/2024,KY,1712,00070,160,Each,4.46,PIT,PIT10033,8.80956E+12,Care RcvryCica  51 Ptch,$713.60 
4500135988,06/25/2024,2024,Q2,06,07/10/2024,KY,1712,00080,144,Each,12,PIT,PIT10096,8.80956E+12,DAILY GOTO SUNSCREEN 60ml,"$1,728.00 "
4500135988,06/25/2024,2024,Q2,06,07/10/2024,KY,1712,00090,325,Each,7.29,PIT,PIT10105,8.80956E+12,OATIN CALMING GEL CREAM 100ml,"$2,369.25 "
4500135988,06/25/2024,2024,Q2,06,07/10/2024,KY,1712,00100,216,Each,9.26,PIT,PIT10246,8.80956E+12,Centella Green Lev Rcov Crm 1.69 fl oz,"$2,000.16 "
4500135988,06/25/2024,2024,Q2,06,07/10/2024,KY,1712,00110,228,Each,9.93,PIT,PIT10253,8.80956E+12,From Green Cleansing Oil 6.76 fl oz,"$2,264.04 "
4500136135,06/26/2024,2024,Q2,06,07/04/2024,KY,1712,00010,60,Each,3.24,HBF,HBF94450,8.80962E+12,HBAF Wasabi Almond 120 g,$194.40 
4500136135,06/26/2024,2024,Q2,06,07/04/2024,KY,1712,00020,60,Each,3.24,HBF,HBF94451,8.80962E+12,HBAF Baked Corn Almond 120 g,$194.40 
4500136135,06/26/2024,2024,Q2,06,07/04/2024,KY,1712,00030,60,Each,3.24,HBF,HBF94494,8.80962E+12,HBAF Garlic Bread Almond 120 g,$194.40 
4500136136,06/26/2024,2024,Q2,06,07/04/2024,CA,1710,00010,120,Each,3.24,HBF,HBF94450,8.80962E+12,HBAF Wasabi Almond 120 g,$388.80 
4500136136,06/26/2024,2024,Q2,06,07/04/2024,CA,1710,00020,120,Each,3.24,HBF,HBF94451,8.80962E+12,HBAF Baked Corn Almond 120 g,$388.80 
4500136136,06/26/2024,2024,Q2,06,07/04/2024,CA,1710,00030,120,Each,3.24,HBF,HBF94494,8.80962E+12,HBAF Garlic Bread Almond 120 g,$388.80 
4500136178,06/26/2024,2024,Q2,06,07/26/2024,CA,1710,00010,36,Each,9.57,PIT,PIT10100,8.80956E+12,CENTELLA GREEN LEVEL CALM TONER 200ml,$344.52 
4500136178,06/26/2024,2024,Q2,06,07/26/2024,CA,1710,00020,36,Each,4.18,PIT,PIT10074,8.80956E+12,Jeju Volcanic Scoria Konjac Sponge 1pc,$150.48 
4500136178,06/26/2024,2024,Q2,06,07/26/2024,CA,1710,00030,24,Each,9.63,PIT,PIT10072,8.80956E+12,Pure VtmnCSrm  2 floz,$231.12 
4500136178,06/26/2024,2024,Q2,06,07/26/2024,CA,1710,00040,35,Each,6.08,PIT,PIT10070,8.80956E+12,Cica Clring BB CrmSPF38PA#211.0floz,$212.80 
4500136178,06/26/2024,2024,Q2,06,07/26/2024,CA,1710,00050,144,Each,8.98,PIT,PIT10038,8.80956E+12,Deep Sea Pure WtrCrm 1.7 floz,"$1,293.12 "
4500136178,06/26/2024,2024,Q2,06,07/26/2024,CA,1710,00060,40,Each,9.26,PIT,PIT10014,8.80956E+12,Centella Grn LevelBuffet Srm 2 floz,$370.40 
4500136178,06/26/2024,2024,Q2,06,07/26/2024,CA,1710,00070,20,Each,2.39,NRP,NRP48296,8.80617E+12,Aloe Vera Cleansing Tissue 80 Shts,$47.80 
4500136178,06/26/2024,2024,Q2,06,07/26/2024,CA,1710,00080,30,Each,4.48,NRP,NRP47492,8.80617E+12,Jeju Spark Enrich Facial Clnsr 300ml,$134.40 
4500136178,06/26/2024,2024,Q2,06,07/26/2024,CA,1710,00090,36,Each,15.72,NRP,NRP47021,8.80617E+12,Snail Solution Cream 1.75 fl oz,$565.92 
4500136178,06/26/2024,2024,Q2,06,07/26/2024,CA,1710,00100,12,Each,2.96,NRP,NRP42355,8.80617E+12,BAMBOO CHARCOAL MUD PACK 150g,$35.52 
4500136178,06/26/2024,2024,Q2,06,07/26/2024,CA,1710,00110,120,Each,1.71,NRP,NRP43829,8.80617E+12,Frsh Herb Aloe Cleans Foam 5.74 floz,$205.20 
4500136178,06/26/2024,2024,Q2,06,07/26/2024,CA,1710,00120,24,Each,1.71,NRP,NRP43830,8.80617E+12,Frsh Herb Snail Cleans Foam 5.74 floz,$41.04 
4500136178,06/26/2024,2024,Q2,06,07/26/2024,CA,1710,00130,24,Each,1.71,NRP,NRP43831,8.80617E+12,Frsh Herb Peach Cleans Foam 5.74 floz,$41.04 
4500136178,06/26/2024,2024,Q2,06,07/26/2024,CA,1710,00140,16,Each,5.42,NRP,NRP46216,8.80617E+12,Niacinamide Luminous Skin Ampoule 30 ml,$86.72 
4500136178,06/26/2024,2024,Q2,06,07/26/2024,CA,1710,00150,16,Each,5.42,NRP,NRP46220,8.80617E+12,Collagen Skin Elasticity Ampoule 30 ml,$86.72 
4500136178,06/26/2024,2024,Q2,06,07/26/2024,CA,1710,00160,16,Each,5.42,NRP,NRP46222,8.80617E+12,Vitamin E Glossy Skin Ampoule 30 ml,$86.72 
4500136178,06/26/2024,2024,Q2,06,07/26/2024,CA,1710,00170,24,Each,6.53,NRP,NRP46867,8.80617E+12,Argan Essential Deep Care Shampoo 300ml,$156.72 
4500136178,06/26/2024,2024,Q2,06,07/26/2024,CA,1710,00180,30,Each,7.84,TSN,TSN01013,8.80962E+12,TS Chkhan Hair Color Cream 03Black 120g,$235.20 
4500136178,06/26/2024,2024,Q2,06,07/26/2024,CA,1710,00190,20,Each,7.84,TSN,TSN01017,8.80962E+12,TS Chkhan HairColorCream 07LtBrwn 120g,$156.80 
4500136178,06/26/2024,2024,Q2,06,07/26/2024,CA,1710,00200,24,Each,9.61,PIT,PIT10247,8.80956E+12,Centella Unscented Recovery Cream 50ml,$230.64 
4500136178,06/26/2024,2024,Q2,06,07/26/2024,CA,1710,00210,32,Each,10.25,SRI,SRI99761,8.80908E+12,Cleanse Me SoftlyMilkClnsr Citrus 200ml,$328.00 
4500136178,06/26/2024,2024,Q2,06,07/26/2024,CA,1710,00220,36,Each,12,PIT,PIT10212,8.80956E+12,Dermide Relf Barrier Msturiz 3.38 fl oz,$432.00 
4500136178,06/26/2024,2024,Q2,06,07/26/2024,CA,1710,00230,14,Each,11.48,PIT,PIT10256,8.80956E+12,Oatin Silky Toner 6.76 fl oz,$160.72 
4500136178,06/26/2024,2024,Q2,06,07/26/2024,CA,1710,00240,22,Each,5.13,SRI,SRI99720,8.80908E+12,More Than Lip Balm 4g,$112.86 
4500136178,06/26/2024,2024,Q2,06,07/26/2024,CA,1710,00250,28,Each,12.53,PIT,PIT10257,8.80956E+12,Oatin Intense Cream 5.07 fl oz,$350.84 
4500136178,06/26/2024,2024,Q2,06,07/26/2024,CA,1710,00260,40,Each,10.18,PIT,PIT10144,8.80956E+12,B5 Panthenol Rebarrier Cream 2.7 fl oz,$407.20 
4500136178,06/26/2024,2024,Q2,06,07/26/2024,CA,1710,00270,32,Each,9.4,SRI,SRI99705,8.80908E+12,Time Is Running Out Mist 100ml,$300.80 
4500136178,06/26/2024,2024,Q2,06,07/26/2024,CA,1710,00280,15,Each,10.95,PIT,PIT10265,8.80956E+12,DeepSea Droplet Serum SnowMushroom 30ml,$164.25 
4500136178,06/26/2024,2024,Q2,06,07/26/2024,CA,1710,00290,42,Each,10.43,PIT,PIT10273,8.80956E+12,Clear Code Superfruit Serum 30 ml,$438.06 
4500136179,06/26/2024,2024,Q2,06,07/26/2024,KY,1712,00010,48,Each,6.29,NRP,NRP47193,8.80617E+12,Chamomile Forest Garden DpClnsOil 200ml,$301.92 
4500136179,06/26/2024,2024,Q2,06,07/26/2024,KY,1712,00020,24,Each,8.28,NRP,NRP47347,8.80617E+12,Shea Butter Fresh Steam Crm 3.38 fl oz,$198.72 
4500136179,06/26/2024,2024,Q2,06,07/26/2024,KY,1712,00030,24,Each,3.46,NRP,NRP47552,8.80617E+12,Body Peeling Mist Peach Scent 300 ml,$83.04 
4500136179,06/26/2024,2024,Q2,06,07/26/2024,KY,1712,00040,12,Each,3.46,NRP,NRP47553,8.80617E+12,Body Peel Mist Cotton Scnt 10.14 floz,$41.52 
4500136179,06/26/2024,2024,Q2,06,07/26/2024,KY,1712,00050,12,Each,6.8,NRP,NRP47937,8.80617E+12,Herbology Onion Recov Crm 70ml,$81.60 
4500136179,06/26/2024,2024,Q2,06,07/26/2024,KY,1712,00060,12,Each,6.8,NRP,NRP47938,8.80617E+12,Herbology Mallow Sens Crm 70ml,$81.60 
4500136179,06/26/2024,2024,Q2,06,07/26/2024,KY,1712,00070,18,Each,6.8,NRP,NRP47941,8.80617E+12,Herbology Molokhia Dp Moist Crm 70ml,$122.40 
4500136179,06/26/2024,2024,Q2,06,07/26/2024,KY,1712,00080,12,Each,6.8,NRP,NRP47942,8.80617E+12,Herbology Lav FootCrm 70ml,$81.60 
4500136179,06/26/2024,2024,Q2,06,07/26/2024,KY,1712,00090,12,Each,8.49,NRP,NRP48264,8.80617E+12,Vitapair C Vitamin Peeling Gel 120ml,$101.88 
4500136179,06/26/2024,2024,Q2,06,07/26/2024,KY,1712,00100,100,Each,2.39,NRP,NRP48296,8.80617E+12,Aloe Vera Cleansing Tissue 80 Shts,$239.00 
4500136179,06/26/2024,2024,Q2,06,07/26/2024,KY,1712,00110,24,Each,2.13,NRP,NRP48297,8.80617E+12,Aloe Vera Foam Cleanser 5.07 fl oz,$51.12 
4500136179,06/26/2024,2024,Q2,06,07/26/2024,KY,1712,00120,24,Each,2.13,NRP,NRP48298,8.80617E+12,Sooth Moist AloeVeraClnsng GelCrm 150ml,$51.12 
4500136179,06/26/2024,2024,Q2,06,07/26/2024,KY,1712,00130,48,Each,15.72,NRP,NRP47021,8.80617E+12,Snail Solution Cream 1.75 fl oz,$754.56 
4500136179,06/26/2024,2024,Q2,06,07/26/2024,KY,1712,00140,24,Each,9.88,NRP,NRP46989,8.80617E+12,Snail Solution Emulsion 4.05 fl oz,$237.12 
4500136179,06/26/2024,2024,Q2,06,07/26/2024,KY,1712,00150,48,Each,6.53,NRP,NRP46868,8.80617E+12,Argan Essential Deep Care Cond 300ml,$313.44 
4500136179,06/26/2024,2024,Q2,06,07/26/2024,KY,1712,00160,40,Each,7.84,TSN,TSN01013,8.80962E+12,TS Chkhan Hair Color Cream 03Black 120g,$313.60 
4500136179,06/26/2024,2024,Q2,06,07/26/2024,KY,1712,00170,40,Each,7.84,TSN,TSN01014,8.80962E+12,TS Chkhan HairColorCream 05DkBrwn 120g,$313.60 
4500136179,06/26/2024,2024,Q2,06,07/26/2024,KY,1712,00180,70,Each,7.84,TSN,TSN01017,8.80962E+12,TS Chkhan HairColorCream 07LtBrwn 120g,$548.80 
4500136179,06/26/2024,2024,Q2,06,07/26/2024,KY,1712,00190,160,Each,6.53,NRP,NRP46867,8.80617E+12,Argan Essential Deep Care Shampoo 300ml,"$1,044.80 "
4500136179,06/26/2024,2024,Q2,06,07/26/2024,KY,1712,00200,36,Each,2.96,NRP,NRP42355,8.80617E+12,BAMBOO CHARCOAL MUD PACK 150g,$106.56 
4500136179,06/26/2024,2024,Q2,06,07/26/2024,KY,1712,00210,30,Each,5.53,NRP,NRP46864,8.80617E+12,Argan Essential Curling Essence 100ml,$165.90 
4500136179,06/26/2024,2024,Q2,06,07/26/2024,KY,1712,00220,96,Each,1.71,NRP,NRP43829,8.80617E+12,Frsh Herb Aloe Cleans Foam 5.74 floz,$164.16 
4500136179,06/26/2024,2024,Q2,06,07/26/2024,KY,1712,00230,48,Each,5.42,NRP,NRP46216,8.80617E+12,Niacinamide Luminous Skin Ampoule 30 ml,$260.16 
4500136179,06/26/2024,2024,Q2,06,07/26/2024,KY,1712,00240,60,Each,1.71,NRP,NRP43830,8.80617E+12,Frsh Herb Snail Cleans Foam 5.74 floz,$102.60 
4500136179,06/26/2024,2024,Q2,06,07/26/2024,KY,1712,00250,80,Each,0.45,NRP,NRP45607,8.80617E+12,REAL NATURE SHEA BUTTER MASK SHEET 23ml,$36.00 
4500136179,06/26/2024,2024,Q2,06,07/26/2024,KY,1712,00260,16,Each,10.46,NRP,NRP45415,8.80617E+12,Fresh Powdery Sun Stick SPF50 0.71 oz,$167.36 
4500136179,06/26/2024,2024,Q2,06,07/26/2024,KY,1712,00270,80,Each,0.45,NRP,NRP44935,8.80617E+12,REAL NATURE ROYAL JELLY MASK SHEET 23ml,$36.00 
4500136179,06/26/2024,2024,Q2,06,07/26/2024,KY,1712,00280,72,Each,1.71,NRP,NRP43832,8.80617E+12,Frsh Herb Acerol Cleans Foam 5.74 floz,$123.12 
4500136179,06/26/2024,2024,Q2,06,07/26/2024,KY,1712,00290,48,Each,1.71,NRP,NRP43831,8.80617E+12,Frsh Herb Peach Cleans Foam 5.74 floz,$82.08 
4500136179,06/26/2024,2024,Q2,06,07/26/2024,KY,1712,00300,70,Each,5.47,PIT,PIT10141,8.80956E+12,CICA CLEARING BBCRM 13 NEUTRALIVORY 1oz,$382.90 
4500136179,06/26/2024,2024,Q2,06,07/26/2024,KY,1712,00310,48,Each,7.59,PIT,PIT10035,8.80956E+12,GrnDeep FoamCl  5.07 flo,$364.32 
4500136179,06/26/2024,2024,Q2,06,07/26/2024,KY,1712,00320,105,Each,5.47,PIT,PIT10142,8.80956E+12,CICA CLEARING BBCRM 15 ROSE IVORY 1oz,$574.35 
4500136179,06/26/2024,2024,Q2,06,07/26/2024,KY,1712,00330,60,Each,10.18,PIT,PIT10144,8.80956E+12,B5 Panthenol Rebarrier Cream 2.7 fl oz,$610.80 
4500136179,06/26/2024,2024,Q2,06,07/26/2024,KY,1712,00340,36,Each,9.92,PIT,PIT10200,8.80956E+12,FermCmplx94 Boosting Essence 5.07 fl oz,$357.12 
4500136179,06/26/2024,2024,Q2,06,07/26/2024,KY,1712,00350,20,Each,9.92,PIT,PIT10201,8.80956E+12,Galacto Niacin 97 Power Essence 2 fl oz,$198.40 
4500136179,06/26/2024,2024,Q2,06,07/26/2024,KY,1712,00360,96,Each,9.61,PIT,PIT10247,8.80956E+12,Centella Unscented Recovery Cream 50ml,$922.56 
4500136179,06/26/2024,2024,Q2,06,07/26/2024,KY,1712,00370,28,Each,11.48,PIT,PIT10256,8.80956E+12,Oatin Silky Toner 6.76 fl oz,$321.44 
4500136179,06/26/2024,2024,Q2,06,07/26/2024,KY,1712,00380,126,Each,12.53,PIT,PIT10257,8.80956E+12,Oatin Intense Cream 5.07 fl oz,"$1,578.78 "
4500136179,06/26/2024,2024,Q2,06,07/26/2024,KY,1712,00390,408,Each,8.98,PIT,PIT10038,8.80956E+12,Deep Sea Pure WtrCrm 1.7 floz,"$3,663.84 "
4500136179,06/26/2024,2024,Q2,06,07/26/2024,KY,1712,00400,70,Each,6.08,PIT,PIT10068,8.80956E+12,Cica Clrng BB CrmSPF38PA#271.0floz,$425.60 
4500136179,06/26/2024,2024,Q2,06,07/26/2024,KY,1712,00410,350,Each,6.08,PIT,PIT10069,8.80956E+12,Cica Clrng BB CrmSPF38PA#231.0floz,"$2,128.00 "
4500136179,06/26/2024,2024,Q2,06,07/26/2024,KY,1712,00420,84,Each,7.34,PIT,PIT10082,8.80956E+12,Centella Unscented Mini Kit 3pc,$616.56 
4500136179,06/26/2024,2024,Q2,06,07/26/2024,KY,1712,00430,36,Each,11.53,SRI,SRI99733,8.80908E+12,Organic Start Trav Kit 30ml20ml30ml7ml,$415.08 
4500136179,06/26/2024,2024,Q2,06,07/26/2024,KY,1712,00440,16,Each,10.25,SRI,SRI99761,8.80908E+12,Cleanse Me SoftlyMilkClnsr Citrus 200ml,$164.00 
4500136179,06/26/2024,2024,Q2,06,07/26/2024,KY,1712,00450,24,Each,4.18,PIT,PIT10075,8.80956E+12,Bamboo Charcoal Konjac Sponge 1pc,$100.32 
4500136179,06/26/2024,2024,Q2,06,07/26/2024,KY,1712,00460,90,Each,9.57,PIT,PIT10100,8.80956E+12,CENTELLA GREEN LEVEL CALM TONER 200ml,$861.30 
4500136179,06/26/2024,2024,Q2,06,07/26/2024,KY,1712,00470,20,Each,11.53,SRI,SRI99760,8.80908E+12,Organic Hand Lip Care Set 50ml4g,$230.60 
4500136179,06/26/2024,2024,Q2,06,07/26/2024,KY,1712,00480,48,Each,9.4,SRI,SRI99705,8.80908E+12,Time Is Running Out Mist 100ml,$451.20 
4500136180,06/26/2024,2024,Q2,06,07/26/2024,CA,1710,00010,10,Each,10.4,MUZ,MUZ58024,8.80984E+12,Icy Glow 04 Wonder 0.18 fl oz,$104.00 
4500136181,06/26/2024,2024,Q2,06,07/26/2024,KY,1712,00010,45,Each,10.4,MUZ,MUZ58041,8.80984E+12,Objct Mat Lip Tnt 001 Signatre .20 floz,$468.00 
4500138321,07/11/2024,2024,Q3,07,08/12/2024,CA,1710,00010,45,Each,6.5,PIT,PIT10102,8.80956E+12,CENTELLA UNSCENTED EYE CREAM 30ml,$292.50 
4500138321,07/11/2024,2024,Q3,07,08/12/2024,CA,1710,00020,24,Each,12,PIT,PIT10096,8.80956E+12,DAILY GOTO SUNSCREEN 60ml,$288.00 
4500138321,07/11/2024,2024,Q3,07,08/12/2024,CA,1710,00030,42,Each,7.34,PIT,PIT10082,8.80956E+12,Centella Unscented Mini Kit 3pc,$308.28 
4500138321,07/11/2024,2024,Q3,07,08/12/2024,CA,1710,00040,84,Each,9.63,PIT,PIT10072,8.80956E+12,Pure VtmnCSrm  2 floz,$808.92 
4500138321,07/11/2024,2024,Q3,07,08/12/2024,CA,1710,00050,35,Each,6.08,PIT,PIT10070,8.80956E+12,Cica Clring BB CrmSPF38PA#211.0floz,$212.80 
4500138321,07/11/2024,2024,Q3,07,08/12/2024,CA,1710,00060,24,Each,9.63,PIT,PIT10039,8.80956E+12,SeaBuckthorn V  1.7 floz,$231.12 
4500138321,07/11/2024,2024,Q3,07,08/12/2024,CA,1710,00070,192,Each,8.98,PIT,PIT10038,8.80956E+12,Deep Sea Pure WtrCrm 1.7 floz,"$1,724.16 "
4500138321,07/11/2024,2024,Q3,07,08/12/2024,CA,1710,00080,108,Each,10.98,PIT,PIT10034,8.80956E+12,Centella Unscented Toner 200 ml,"$1,185.84 "
4500138321,07/11/2024,2024,Q3,07,08/12/2024,CA,1710,00090,40,Each,4.46,PIT,PIT10033,8.80956E+12,Care RcvryCica  51 Ptch,$178.40 
4500138321,07/11/2024,2024,Q3,07,08/12/2024,CA,1710,00100,180,Each,9.26,PIT,PIT10031,8.80956E+12,Centella Unscnt Srm 2 floz,"$1,666.80 "
4500138321,07/11/2024,2024,Q3,07,08/12/2024,CA,1710,00110,12,Each,2.96,NRP,NRP42355,8.80617E+12,BAMBOO CHARCOAL MUD PACK 150g,$35.52 
4500138321,07/11/2024,2024,Q3,07,08/12/2024,CA,1710,00120,24,Each,1.71,NRP,NRP43831,8.80617E+12,Frsh Herb Peach Cleans Foam 5.74 floz,$41.04 
4500138321,07/11/2024,2024,Q3,07,08/12/2024,CA,1710,00130,12,Each,1.71,NRP,NRP43832,8.80617E+12,Frsh Herb Acerol Cleans Foam 5.74 floz,$20.52 
4500138321,07/11/2024,2024,Q3,07,08/12/2024,CA,1710,00140,24,Each,4.97,NRP,NRP46861,8.80617E+12,Argan Essential DeepCareHairPack 200ml,$119.28 
4500138321,07/11/2024,2024,Q3,07,08/12/2024,CA,1710,00150,16,Each,4.42,NRP,NRP46865,8.80617E+12,Argan Essential Moist Hair Mist 220ml,$70.72 
4500138321,07/11/2024,2024,Q3,07,08/12/2024,CA,1710,00160,64,Each,6.53,NRP,NRP46867,8.80617E+12,Argan Essential Deep Care Shampoo 300ml,$417.92 
4500138321,07/11/2024,2024,Q3,07,08/12/2024,CA,1710,00170,24,Each,15.72,NRP,NRP47021,8.80617E+12,Snail Solution Cream 1.75 fl oz,$377.28 
4500138321,07/11/2024,2024,Q3,07,08/12/2024,CA,1710,00180,24,Each,4.45,NRP,NRP47490,8.80617E+12,Jeju Sparkling Mud Foam Cleanser 150ml,$106.80 
4500138321,07/11/2024,2024,Q3,07,08/12/2024,CA,1710,00190,12,Each,3.46,NRP,NRP47551,8.80617E+12,Body Peeling Mist Phyto Scent 300 ml,$41.52 
4500138321,07/11/2024,2024,Q3,07,08/12/2024,CA,1710,00200,12,Each,11.34,NRP,NRP48222,8.80617E+12,Green Derma Mild Cica Cream 6.42 floz,$136.08 
4500138321,07/11/2024,2024,Q3,07,08/12/2024,CA,1710,00210,10,Each,2.39,NRP,NRP48296,8.80617E+12,Aloe Vera Cleansing Tissue 80 Shts,$23.90 
4500138321,07/11/2024,2024,Q3,07,08/12/2024,CA,1710,00220,12,Each,2.13,NRP,NRP48814,8.80617E+12,NRP Aloe Vera Watery Gel 300ml,$25.56 
4500138321,07/11/2024,2024,Q3,07,08/12/2024,CA,1710,00230,90,Each,6.61,PIT,PIT10015,8.80956E+12,Centella Grn LevelEyeCrm 1 floz,$594.90 
4500138321,07/11/2024,2024,Q3,07,08/12/2024,CA,1710,00240,20,Each,7.69,SRI,SRI99757,8.80908E+12,Back To My Memories Handcream  50ml,$153.80 
4500138321,07/11/2024,2024,Q3,07,08/12/2024,CA,1710,00250,20,Each,13.67,SRI,SRI99710,8.80908E+12,Deep In A Barrier Cream 50ml,$273.40 
4500138321,07/11/2024,2024,Q3,07,08/12/2024,CA,1710,00260,20,Each,11.96,SRI,SRI55290,8.80616E+12,Calm Me Down Cream 50ml,$239.20 
4500138321,07/11/2024,2024,Q3,07,08/12/2024,CA,1710,00270,18,Each,9.83,PIT,PIT10307,8.80956E+12,Sft Tch Sunscreen Urban Def SPF50 60ml,$176.94 
4500138321,07/11/2024,2024,Q3,07,08/12/2024,CA,1710,00280,270,Each,9.7,PIT,PIT10306,8.80956E+12,Timeless Bloom Retinol Spot Cream 30ml,"$2,619.00 "
4500138321,07/11/2024,2024,Q3,07,08/12/2024,CA,1710,00290,168,Each,9.83,PIT,PIT10260,8.80956E+12,Daily Soft Touch Sunscreen 2.02 fl oz,"$1,651.44 "
4500138321,07/11/2024,2024,Q3,07,08/12/2024,CA,1710,00300,14,Each,12.53,PIT,PIT10257,8.80956E+12,Oatin Intense Cream 5.07 fl oz,$175.42 
4500138321,07/11/2024,2024,Q3,07,08/12/2024,CA,1710,00310,96,Each,9.61,PIT,PIT10247,8.80956E+12,Centella Unscented Recovery Cream 50ml,$922.56 
4500138321,07/11/2024,2024,Q3,07,08/12/2024,CA,1710,00320,42,Each,13.52,PIT,PIT10236,8.80956E+12,Bakuch Tmlss Blm Rev Serum 1.01 fl oz,$567.84 
4500138321,07/11/2024,2024,Q3,07,08/12/2024,CA,1710,00330,72,Each,12,PIT,PIT10212,8.80956E+12,Dermide Relf Barrier Msturiz 3.38 fl oz,$864.00 
4500138321,07/11/2024,2024,Q3,07,08/12/2024,CA,1710,00340,80,Each,10.18,PIT,PIT10144,8.80956E+12,B5 Panthenol Rebarrier Cream 2.7 fl oz,$814.40 
4500138321,07/11/2024,2024,Q3,07,08/12/2024,CA,1710,00350,75,Each,7.29,PIT,PIT10105,8.80956E+12,OATIN CALMING GEL CREAM 100ml,$546.75 
4500138322,07/11/2024,2024,Q3,07,09/09/2024,CA,1710,00010,40,Each,3.24,HBF,HBF94201,8.80962E+12,HBAF Caramel Salt Almond & Pretzel 120g,$129.60 
4500138322,07/11/2024,2024,Q3,07,09/09/2024,CA,1710,00020,80,Each,3.24,HBF,HBF94449,8.80962E+12,HBAF Honey Butter Almond 120 g,$259.20 
4500138322,07/11/2024,2024,Q3,07,09/09/2024,CA,1710,00030,20,Each,3.24,HBF,HBF94478,8.80962E+12,HBAF Tteokbokki Almond 120 g,$64.80 
4500138322,07/11/2024,2024,Q3,07,09/09/2024,CA,1710,00040,40,Each,3.24,HBF,HBF94578,8.80962E+12,HBAF Roasted Onion Almond 120 g,$129.60 
4500138323,07/11/2024,2024,Q3,07,08/12/2024,CA,1710,00010,10,Each,10.4,MUZ,MUZ58025,8.80984E+12,Icy Glow 05 Temping 0.18 fl oz,$104.00 
4500138323,07/11/2024,2024,Q3,07,08/12/2024,CA,1710,00020,10,Each,10.4,MUZ,MUZ58026,8.80984E+12,Icy Glow 06 Cheshire 0.18 fl oz,$104.00 
4500138323,07/11/2024,2024,Q3,07,08/12/2024,CA,1710,00030,15,Each,10.4,MUZ,MUZ58047,8.80984E+12,Objct Mat Lip Tnt 007 Rare.20 floz,$156.00 
4500138363,07/11/2024,2024,Q3,07,08/12/2024,KY,1712,00010,12,Each,6.8,NRP,NRP47936,8.80617E+12,Herbology BroccoliSprt Purify Crm 70ml,$81.60 
4500138363,07/11/2024,2024,Q3,07,08/12/2024,KY,1712,00020,12,Each,6.8,NRP,NRP47939,8.80617E+12,Herbology WhiteGing Relax BdyCrm 70ml,$81.60 
4500138363,07/11/2024,2024,Q3,07,08/12/2024,KY,1712,00030,72,Each,3.46,NRP,NRP47553,8.80617E+12,Body Peel Mist Cotton Scnt 10.14 floz,$249.12 
4500138363,07/11/2024,2024,Q3,07,08/12/2024,KY,1712,00040,12,Each,6.8,NRP,NRP47941,8.80617E+12,Herbology Molokhia Dp Moist Crm 70ml,$81.60 
4500138363,07/11/2024,2024,Q3,07,08/12/2024,KY,1712,00050,18,Each,6.8,NRP,NRP47942,8.80617E+12,Herbology Lav FootCrm 70ml,$122.40 
4500138363,07/11/2024,2024,Q3,07,08/12/2024,KY,1712,00060,12,Each,3.46,NRP,NRP47551,8.80617E+12,Body Peeling Mist Phyto Scent 300 ml,$41.52 
4500138363,07/11/2024,2024,Q3,07,08/12/2024,KY,1712,00070,18,Each,8.49,NRP,NRP48264,8.80617E+12,Vitapair C Vitamin Peeling Gel 120ml,$152.82 
4500138363,07/11/2024,2024,Q3,07,08/12/2024,KY,1712,00080,24,Each,4.48,NRP,NRP47492,8.80617E+12,Jeju Spark Enrich Facial Clnsr 300ml,$107.52 
4500138363,07/11/2024,2024,Q3,07,08/12/2024,KY,1712,00090,10,Each,2.39,NRP,NRP48296,8.80617E+12,Aloe Vera Cleansing Tissue 80 Shts,$23.90 
4500138363,07/11/2024,2024,Q3,07,08/12/2024,KY,1712,00100,60,Each,2.13,NRP,NRP48297,8.80617E+12,Aloe Vera Foam Cleanser 5.07 fl oz,$127.80 
4500138363,07/11/2024,2024,Q3,07,08/12/2024,KY,1712,00110,12,Each,2.13,NRP,NRP48298,8.80617E+12,Sooth Moist AloeVeraClnsng GelCrm 150ml,$25.56 
4500138363,07/11/2024,2024,Q3,07,08/12/2024,KY,1712,00120,12,Each,4.45,NRP,NRP47490,8.80617E+12,Jeju Sparkling Mud Foam Cleanser 150ml,$53.40 
4500138363,07/11/2024,2024,Q3,07,08/12/2024,KY,1712,00130,12,Each,2.13,NRP,NRP48814,8.80617E+12,NRP Aloe Vera Watery Gel 300ml,$25.56 
4500138363,07/11/2024,2024,Q3,07,08/12/2024,KY,1712,00140,24,Each,2.96,NRP,NRP42355,8.80617E+12,BAMBOO CHARCOAL MUD PACK 150g,$71.04 
4500138363,07/11/2024,2024,Q3,07,08/12/2024,KY,1712,00150,10,Each,7.84,TSN,TSN01013,8.80962E+12,TS Chkhan Hair Color Cream 03Black 120g,$78.40 
4500138363,07/11/2024,2024,Q3,07,08/12/2024,KY,1712,00160,60,Each,9.8,TSN,TSN01025,8.80962E+12,Premium TS Treatment 200ml,$588.00 
4500138363,07/11/2024,2024,Q3,07,08/12/2024,KY,1712,00170,12,Each,6.1,NRP,NRP47192,8.80617E+12,Calendula Forest GardnDpClnsngOil 200ml,$73.20 
4500138363,07/11/2024,2024,Q3,07,08/12/2024,KY,1712,00180,84,Each,1.71,NRP,NRP43830,8.80617E+12,Frsh Herb Snail Cleans Foam 5.74 floz,$143.64 
4500138363,07/11/2024,2024,Q3,07,08/12/2024,KY,1712,00190,24,Each,1.71,NRP,NRP43831,8.80617E+12,Frsh Herb Peach Cleans Foam 5.74 floz,$41.04 
4500138363,07/11/2024,2024,Q3,07,08/12/2024,KY,1712,00200,36,Each,1.71,NRP,NRP43832,8.80617E+12,Frsh Herb Acerol Cleans Foam 5.74 floz,$61.56 
4500138363,07/11/2024,2024,Q3,07,08/12/2024,KY,1712,00210,80,Each,0.45,NRP,NRP44935,8.80617E+12,REAL NATURE ROYAL JELLY MASK SHEET 23ml,$36.00 
4500138363,07/11/2024,2024,Q3,07,08/12/2024,KY,1712,00220,120,Each,0.45,NRP,NRP44938,8.80617E+12,REAL NATURE TOMATO MASK SHEET 23ml,$54.00 
4500138363,07/11/2024,2024,Q3,07,08/12/2024,KY,1712,00230,80,Each,0.45,NRP,NRP44946,8.80617E+12,REAL NATURE ROSE MASK SHEET 23ml,$36.00 
4500138363,07/11/2024,2024,Q3,07,08/12/2024,KY,1712,00240,20,Each,11.96,SRI,SRI55290,8.80616E+12,Calm Me Down Cream 50ml,$239.20 
4500138363,07/11/2024,2024,Q3,07,08/12/2024,KY,1712,00250,16,Each,9.4,SRI,SRI99705,8.80908E+12,Time Is Running Out Mist 100ml,$150.40 
4500138363,07/11/2024,2024,Q3,07,08/12/2024,KY,1712,00260,22,Each,5.13,SRI,SRI99720,8.80908E+12,More Than Lip Balm 4g,$112.86 
4500138363,07/11/2024,2024,Q3,07,08/12/2024,KY,1712,00270,20,Each,7.69,SRI,SRI99757,8.80908E+12,Back To My Memories Handcream  50ml,$153.80 
4500138363,07/11/2024,2024,Q3,07,08/12/2024,KY,1712,00280,20,Each,11.53,SRI,SRI99760,8.80908E+12,Organic Hand Lip Care Set 50ml4g,$230.60 
4500138363,07/11/2024,2024,Q3,07,08/12/2024,KY,1712,00290,48,Each,1.71,NRP,NRP43829,8.80617E+12,Frsh Herb Aloe Cleans Foam 5.74 floz,$82.08 
4500138363,07/11/2024,2024,Q3,07,08/12/2024,KY,1712,00300,80,Each,0.45,NRP,NRP44948,8.80617E+12,REAL NATURE TEA TREE MASK SHEET 23ml,$36.00 
4500138363,07/11/2024,2024,Q3,07,08/12/2024,KY,1712,00310,40,Each,10.46,NRP,NRP45415,8.80617E+12,Fresh Powdery Sun Stick SPF50 0.71 oz,$418.40 
4500138363,07/11/2024,2024,Q3,07,08/12/2024,KY,1712,00320,120,Each,0.45,NRP,NRP45606,8.80617E+12,REAL NATURE OLIVE MASK SHEET 23ml,$54.00 
4500138363,07/11/2024,2024,Q3,07,08/12/2024,KY,1712,00330,40,Each,0.45,NRP,NRP45607,8.80617E+12,REAL NATURE SHEA BUTTER MASK SHEET 23ml,$18.00 
4500138363,07/11/2024,2024,Q3,07,08/12/2024,KY,1712,00340,16,Each,5.42,NRP,NRP46216,8.80617E+12,Niacinamide Luminous Skin Ampoule 30 ml,$86.72 
4500138363,07/11/2024,2024,Q3,07,08/12/2024,KY,1712,00350,80,Each,4.97,NRP,NRP46861,8.80617E+12,Argan Essential DeepCareHairPack 200ml,$397.60 
4500138363,07/11/2024,2024,Q3,07,08/12/2024,KY,1712,00360,36,Each,7.08,NRP,NRP46862,8.80617E+12,Argan Essen Hair NoWash Treatmnt 160ml,$254.88 
4500138363,07/11/2024,2024,Q3,07,08/12/2024,KY,1712,00370,12,Each,6.03,NRP,NRP46863,8.80617E+12,Argan Essential Deep Care Hair Ess 80ml,$72.36 
4500138363,07/11/2024,2024,Q3,07,08/12/2024,KY,1712,00380,48,Each,5.53,NRP,NRP46864,8.80617E+12,Argan Essential Curling Essence 100ml,$265.44 
4500138363,07/11/2024,2024,Q3,07,08/12/2024,KY,1712,00390,240,Each,4.42,NRP,NRP46865,8.80617E+12,Argan Essential Moist Hair Mist 220ml,"$1,060.80 "
4500138363,07/11/2024,2024,Q3,07,08/12/2024,KY,1712,00400,120,Each,6.53,NRP,NRP46867,8.80617E+12,Argan Essential Deep Care Shampoo 300ml,$783.60 
4500138363,07/11/2024,2024,Q3,07,08/12/2024,KY,1712,00410,24,Each,9.88,NRP,NRP46989,8.80617E+12,Snail Solution Emulsion 4.05 fl oz,$237.12 
4500138363,07/11/2024,2024,Q3,07,08/12/2024,KY,1712,00420,72,Each,15.72,NRP,NRP47021,8.80617E+12,Snail Solution Cream 1.75 fl oz,"$1,131.84 "
4500138363,07/11/2024,2024,Q3,07,08/12/2024,KY,1712,00430,120,Each,7.59,PIT,PIT10035,8.80956E+12,GrnDeep FoamCl  5.07 flo,$910.80 
4500138363,07/11/2024,2024,Q3,07,08/12/2024,KY,1712,00440,54,Each,10.98,PIT,PIT10034,8.80956E+12,Centella Unscented Toner 200 ml,$592.92 
4500138363,07/11/2024,2024,Q3,07,08/12/2024,KY,1712,00450,80,Each,4.46,PIT,PIT10033,8.80956E+12,Care RcvryCica  51 Ptch,$356.80 
4500138363,07/11/2024,2024,Q3,07,08/12/2024,KY,1712,00460,160,Each,9.26,PIT,PIT10031,8.80956E+12,Centella Unscnt Srm 2 floz,"$1,481.60 "
4500138363,07/11/2024,2024,Q3,07,08/12/2024,KY,1712,00470,450,Each,6.61,PIT,PIT10015,8.80956E+12,Centella Grn LevelEyeCrm 1 floz,"$2,974.50 "
4500138363,07/11/2024,2024,Q3,07,08/12/2024,KY,1712,00480,240,Each,9.26,PIT,PIT10014,8.80956E+12,Centella Grn LevelBuffet Srm 2 floz,"$2,222.40 "
4500138363,07/11/2024,2024,Q3,07,08/12/2024,KY,1712,00490,135,Each,9.7,PIT,PIT10306,8.80956E+12,Timeless Bloom Retinol Spot Cream 30ml,"$1,309.50 "
4500138363,07/11/2024,2024,Q3,07,08/12/2024,KY,1712,00500,15,Each,10.95,PIT,PIT10265,8.80956E+12,DeepSea Droplet Serum SnowMushroom 30ml,$164.25 
4500138363,07/11/2024,2024,Q3,07,08/12/2024,KY,1712,00510,189,Each,9.83,PIT,PIT10260,8.80956E+12,Daily Soft Touch Sunscreen 2.02 fl oz,"$1,857.87 "
4500138363,07/11/2024,2024,Q3,07,08/12/2024,KY,1712,00520,42,Each,12.53,PIT,PIT10257,8.80956E+12,Oatin Intense Cream 5.07 fl oz,$526.26 
4500138363,07/11/2024,2024,Q3,07,08/12/2024,KY,1712,00530,14,Each,11.48,PIT,PIT10256,8.80956E+12,Oatin Silky Toner 6.76 fl oz,$160.72 
4500138363,07/11/2024,2024,Q3,07,08/12/2024,KY,1712,00540,120,Each,9.93,PIT,PIT10253,8.80956E+12,From Green Cleansing Oil 6.76 fl oz,"$1,191.60 "
4500138363,07/11/2024,2024,Q3,07,08/12/2024,KY,1712,00550,120,Each,9.61,PIT,PIT10247,8.80956E+12,Centella Unscented Recovery Cream 50ml,"$1,153.20 "
4500138363,07/11/2024,2024,Q3,07,08/12/2024,KY,1712,00560,168,Each,13.52,PIT,PIT10236,8.80956E+12,Bakuch Tmlss Blm Rev Serum 1.01 fl oz,"$2,271.36 "
4500138363,07/11/2024,2024,Q3,07,08/12/2024,KY,1712,00570,60,Each,9.92,PIT,PIT10213,8.80956E+12,Dermd Cica Barrier Sleep Pack2.7 fl oz,$595.20 
4500138363,07/11/2024,2024,Q3,07,08/12/2024,KY,1712,00580,252,Each,12,PIT,PIT10212,8.80956E+12,Dermide Relf Barrier Msturiz 3.38 fl oz,"$3,024.00 "
4500138363,07/11/2024,2024,Q3,07,08/12/2024,KY,1712,00590,60,Each,9.92,PIT,PIT10201,8.80956E+12,Galacto Niacin 97 Power Essence 2 fl oz,$595.20 
4500138363,07/11/2024,2024,Q3,07,08/12/2024,KY,1712,00600,126,Each,9.92,PIT,PIT10200,8.80956E+12,FermCmplx94 Boosting Essence 5.07 fl oz,"$1,249.92 "
4500138363,07/11/2024,2024,Q3,07,08/12/2024,KY,1712,00610,580,Each,10.18,PIT,PIT10144,8.80956E+12,B5 Panthenol Rebarrier Cream 2.7 fl oz,"$5,904.40 "
4500138363,07/11/2024,2024,Q3,07,08/12/2024,KY,1712,00620,35,Each,5.47,PIT,PIT10142,8.80956E+12,CICA CLEARING BBCRM 15 ROSE IVORY 1oz,$191.45 
4500138363,07/11/2024,2024,Q3,07,08/12/2024,KY,1712,00630,175,Each,5.47,PIT,PIT10141,8.80956E+12,CICA CLEARING BBCRM 13 NEUTRALIVORY 1oz,$957.25 
4500138363,07/11/2024,2024,Q3,07,08/12/2024,KY,1712,00640,216,Each,5.2,PIT,PIT10063,8.80956E+12,DefenceBrrier   5.07 flo,"$1,123.20 "
4500138363,07/11/2024,2024,Q3,07,08/12/2024,KY,1712,00650,35,Each,6.08,PIT,PIT10068,8.80956E+12,Cica Clrng BB CrmSPF38PA#271.0floz,$212.80 
4500138363,07/11/2024,2024,Q3,07,08/12/2024,KY,1712,00660,455,Each,6.08,PIT,PIT10069,8.80956E+12,Cica Clrng BB CrmSPF38PA#231.0floz,"$2,766.40 "
4500138363,07/11/2024,2024,Q3,07,08/12/2024,KY,1712,00670,525,Each,6.08,PIT,PIT10070,8.80956E+12,Cica Clring BB CrmSPF38PA#211.0floz,"$3,192.00 "
4500138363,07/11/2024,2024,Q3,07,08/12/2024,KY,1712,00680,192,Each,9.63,PIT,PIT10072,8.80956E+12,Pure VtmnCSrm  2 floz,"$1,848.96 "
4500138363,07/11/2024,2024,Q3,07,08/12/2024,KY,1712,00690,12,Each,4.18,PIT,PIT10074,8.80956E+12,Jeju Volcanic Scoria Konjac Sponge 1pc,$50.16 
4500138363,07/11/2024,2024,Q3,07,08/12/2024,KY,1712,00700,12,Each,4.18,PIT,PIT10075,8.80956E+12,Bamboo Charcoal Konjac Sponge 1pc,$50.16 
4500138363,07/11/2024,2024,Q3,07,08/12/2024,KY,1712,00710,198,Each,9.83,PIT,PIT10307,8.80956E+12,Sft Tch Sunscreen Urban Def SPF50 60ml,"$1,946.34 "
4500138363,07/11/2024,2024,Q3,07,08/12/2024,KY,1712,00720,126,Each,7.34,PIT,PIT10082,8.80956E+12,Centella Unscented Mini Kit 3pc,$924.84 
4500138363,07/11/2024,2024,Q3,07,08/12/2024,KY,1712,00730,168,Each,9.63,PIT,PIT10039,8.80956E+12,SeaBuckthorn V  1.7 floz,"$1,617.84 "
4500138363,07/11/2024,2024,Q3,07,08/12/2024,KY,1712,00740,216,Each,12,PIT,PIT10096,8.80956E+12,DAILY GOTO SUNSCREEN 60ml,"$2,592.00 "
4500138363,07/11/2024,2024,Q3,07,08/12/2024,KY,1712,00750,162,Each,9.57,PIT,PIT10100,8.80956E+12,CENTELLA GREEN LEVEL CALM TONER 200ml,"$1,550.34 "
4500138363,07/11/2024,2024,Q3,07,08/12/2024,KY,1712,00760,525,Each,7.29,PIT,PIT10105,8.80956E+12,OATIN CALMING GEL CREAM 100ml,"$3,827.25 "
4500138363,07/11/2024,2024,Q3,07,08/12/2024,KY,1712,00770,225,Each,6.5,PIT,PIT10102,8.80956E+12,CENTELLA UNSCENTED EYE CREAM 30ml,"$1,462.50 "
4500138363,07/11/2024,2024,Q3,07,08/12/2024,KY,1712,00780,216,Each,8.98,PIT,PIT10038,8.80956E+12,Deep Sea Pure WtrCrm 1.7 floz,"$1,939.68 "
4500138364,07/11/2024,2024,Q3,07,09/09/2024,KY,1712,00010,100,Each,3.24,HBF,HBF94478,8.80962E+12,HBAF Tteokbokki Almond 120 g,$324.00 
4500138364,07/11/2024,2024,Q3,07,09/09/2024,KY,1712,00020,20,Each,3.24,HBF,HBF94533,8.80962E+12,HBAF Laver Almond 120 g,$64.80 
4500138364,07/11/2024,2024,Q3,07,09/09/2024,KY,1712,00030,40,Each,3.24,HBF,HBF94578,8.80962E+12,HBAF Roasted Onion Almond 120 g,$129.60 
4500138364,07/11/2024,2024,Q3,07,09/09/2024,KY,1712,00040,80,Each,3.24,HBF,HBF94201,8.80962E+12,HBAF Caramel Salt Almond & Pretzel 120g,$259.20 
4500138364,07/11/2024,2024,Q3,07,09/09/2024,KY,1712,00050,80,Each,3.24,HBF,HBF94477,8.80962E+12,HBAF Hot & Spicy Chicken Almond 120 g,$259.20 
4500138364,07/11/2024,2024,Q3,07,09/09/2024,KY,1712,00060,200,Each,3.24,HBF,HBF94449,8.80962E+12,HBAF Honey Butter Almond 120 g,$648.00 
4500138365,07/11/2024,2024,Q3,07,08/12/2024,KY,1712,00010,30,Each,10.4,MUZ,MUZ58041,8.80984E+12,Objct Mat Lip Tnt 001 Signatre .20 floz,$312.00 
4500138365,07/11/2024,2024,Q3,07,08/12/2024,KY,1712,00020,15,Each,10.4,MUZ,MUZ58033,8.80984E+12,Objct Liq Lip Tnt 013 Appeal .20 floz,$156.00 
4500138365,07/11/2024,2024,Q3,07,08/12/2024,KY,1712,00030,30,Each,10.4,MUZ,MUZ58043,8.80984E+12,Objct Mat Lip Tnt 003 Posh .20 floz,$312.00 
4500140765,07/26/2024,2024,Q3,07,08/26/2024,CA,1710,00010,48,Each,6.53,NRP,NRP46868,8.80617E+12,Argan Essential Deep Care Cond 300ml,$313.44 
4500140765,07/26/2024,2024,Q3,07,08/26/2024,CA,1710,00020,16,Each,4.42,NRP,NRP46865,8.80617E+12,Argan Essential Moist Hair Mist 220ml,$70.72 
4500140765,07/26/2024,2024,Q3,07,08/26/2024,CA,1710,00030,60,Each,6.03,NRP,NRP46863,8.80617E+12,Argan Essential Deep Care Hair Ess 80ml,$361.80 
4500140765,07/26/2024,2024,Q3,07,08/26/2024,CA,1710,00040,12,Each,7.08,NRP,NRP46862,8.80617E+12,Argan Essen Hair NoWash Treatmnt 160ml,$84.96 
4500140765,07/26/2024,2024,Q3,07,08/26/2024,CA,1710,00050,112,Each,4.97,NRP,NRP46861,8.80617E+12,Argan Essential DeepCareHairPack 200ml,$556.64 
4500140765,07/26/2024,2024,Q3,07,08/26/2024,CA,1710,00060,48,Each,5.42,NRP,NRP46222,8.80617E+12,Vitamin E Glossy Skin Ampoule 30 ml,$260.16 
4500140765,07/26/2024,2024,Q3,07,08/26/2024,CA,1710,00070,16,Each,5.42,NRP,NRP46220,8.80617E+12,Collagen Skin Elasticity Ampoule 30 ml,$86.72 
4500140765,07/26/2024,2024,Q3,07,08/26/2024,CA,1710,00080,64,Each,5.42,NRP,NRP46216,8.80617E+12,Niacinamide Luminous Skin Ampoule 30 ml,$346.88 
4500140765,07/26/2024,2024,Q3,07,08/26/2024,CA,1710,00090,40,Each,0.45,NRP,NRP45607,8.80617E+12,REAL NATURE SHEA BUTTER MASK SHEET 23ml,$18.00 
4500140765,07/26/2024,2024,Q3,07,08/26/2024,CA,1710,00100,80,Each,10.46,NRP,NRP45415,8.80617E+12,Fresh Powdery Sun Stick SPF50 0.71 oz,$836.80 
4500140765,07/26/2024,2024,Q3,07,08/26/2024,CA,1710,00110,40,Each,0.45,NRP,NRP44948,8.80617E+12,REAL NATURE TEA TREE MASK SHEET 23ml,$18.00 
4500140765,07/26/2024,2024,Q3,07,08/26/2024,CA,1710,00120,160,Each,0.45,NRP,NRP44946,8.80617E+12,REAL NATURE ROSE MASK SHEET 23ml,$72.00 
4500140765,07/26/2024,2024,Q3,07,08/26/2024,CA,1710,00130,80,Each,0.45,NRP,NRP44938,8.80617E+12,REAL NATURE TOMATO MASK SHEET 23ml,$36.00 
4500140765,07/26/2024,2024,Q3,07,08/26/2024,CA,1710,00140,80,Each,0.45,NRP,NRP44935,8.80617E+12,REAL NATURE ROYAL JELLY MASK SHEET 23ml,$36.00 
4500140765,07/26/2024,2024,Q3,07,08/26/2024,CA,1710,00150,72,Each,1.71,NRP,NRP43832,8.80617E+12,Frsh Herb Acerol Cleans Foam 5.74 floz,$123.12 
4500140765,07/26/2024,2024,Q3,07,08/26/2024,CA,1710,00160,96,Each,1.71,NRP,NRP43831,8.80617E+12,Frsh Herb Peach Cleans Foam 5.74 floz,$164.16 
4500140765,07/26/2024,2024,Q3,07,08/26/2024,CA,1710,00170,60,Each,1.71,NRP,NRP43830,8.80617E+12,Frsh Herb Snail Cleans Foam 5.74 floz,$102.60 
4500140765,07/26/2024,2024,Q3,07,08/26/2024,CA,1710,00180,96,Each,1.71,NRP,NRP43829,8.80617E+12,Frsh Herb Aloe Cleans Foam 5.74 floz,$164.16 
4500140765,07/26/2024,2024,Q3,07,08/26/2024,CA,1710,00190,24,Each,2.96,NRP,NRP42355,8.80617E+12,BAMBOO CHARCOAL MUD PACK 150g,$71.04 
4500140765,07/26/2024,2024,Q3,07,08/26/2024,CA,1710,00200,20,Each,9.8,TSN,TSN01025,8.80962E+12,Premium TS Treatment 200ml,$196.00 
4500140765,07/26/2024,2024,Q3,07,08/26/2024,CA,1710,00210,30,Each,7.84,TSN,TSN01017,8.80962E+12,TS Chkhan HairColorCream 07LtBrwn 120g,$235.20 
4500140765,07/26/2024,2024,Q3,07,08/26/2024,CA,1710,00220,900,Each,2.13,NRP,NRP48814,8.80617E+12,NRP Aloe Vera Watery Gel 300ml,"$1,917.00 "
4500140765,07/26/2024,2024,Q3,07,08/26/2024,CA,1710,00230,32,Each,10.25,SRI,SRI99761,8.80908E+12,Cleanse Me SoftlyMilkClnsr Citrus 200ml,$328.00 
4500140765,07/26/2024,2024,Q3,07,08/26/2024,CA,1710,00240,36,Each,11.53,SRI,SRI99733,8.80908E+12,Organic Start Trav Kit 30ml20ml30ml7ml,$415.08 
4500140765,07/26/2024,2024,Q3,07,08/26/2024,CA,1710,00250,22,Each,5.13,SRI,SRI99720,8.80908E+12,More Than Lip Balm 4g,$112.86 
4500140765,07/26/2024,2024,Q3,07,08/26/2024,CA,1710,00260,32,Each,9.4,SRI,SRI99706,8.80908E+12,Day By Day Cleansing Gel 150ml,$300.80 
4500140765,07/26/2024,2024,Q3,07,08/26/2024,CA,1710,00270,48,Each,9.4,SRI,SRI99705,8.80908E+12,Time Is Running Out Mist 100ml,$451.20 
4500140765,07/26/2024,2024,Q3,07,08/26/2024,CA,1710,00280,36,Each,14.52,SRI,SRI77911,8.80919E+12,Have A Fresh Day Body Wash 300ml,$522.72 
4500140765,07/26/2024,2024,Q3,07,08/26/2024,CA,1710,00290,18,Each,16.23,SRI,SRI77910,8.80919E+12,All Your Love Body Cream 300ml,$292.14 
4500140765,07/26/2024,2024,Q3,07,08/26/2024,CA,1710,00300,36,Each,7.69,SRI,SRI77899,8.80919E+12,Let Me Refresh Foam Cleanser 120ml,$276.84 
4500140765,07/26/2024,2024,Q3,07,08/26/2024,CA,1710,00310,48,Each,11.96,SRI,SRI55330,8.80616E+12,Fresh Moment Cleansing Oil 200ml,$574.08 
4500140765,07/26/2024,2024,Q3,07,08/26/2024,CA,1710,00320,36,Each,14.52,SRI,SRI55258,8.80616E+12,Enriched By Nature Cream 50ml,$522.72 
4500140765,07/26/2024,2024,Q3,07,08/26/2024,CA,1710,00330,100,Each,9.26,PIT,PIT10014,8.80956E+12,Centella Grn LevelBuffet Srm 2 floz,$926.00 
4500140765,07/26/2024,2024,Q3,07,08/26/2024,CA,1710,00340,90,Each,6.61,PIT,PIT10015,8.80956E+12,Centella Grn LevelEyeCrm 1 floz,$594.90 
4500140765,07/26/2024,2024,Q3,07,08/26/2024,CA,1710,00350,400,Each,9.26,PIT,PIT10031,8.80956E+12,Centella Unscnt Srm 2 floz,"$3,704.00 "
4500140765,07/26/2024,2024,Q3,07,08/26/2024,CA,1710,00360,160,Each,4.46,PIT,PIT10033,8.80956E+12,Care RcvryCica  51 Ptch,$713.60 
4500140765,07/26/2024,2024,Q3,07,08/26/2024,CA,1710,00370,24,Each,7.59,PIT,PIT10035,8.80956E+12,GrnDeep FoamCl  5.07 flo,$182.16 
4500140765,07/26/2024,2024,Q3,07,08/26/2024,CA,1710,00380,48,Each,9.63,PIT,PIT10039,8.80956E+12,SeaBuckthorn V  1.7 floz,$462.24 
4500140765,07/26/2024,2024,Q3,07,08/26/2024,CA,1710,00390,105,Each,6.08,PIT,PIT10070,8.80956E+12,Cica Clring BB CrmSPF38PA#211.0floz,$638.40 
4500140765,07/26/2024,2024,Q3,07,08/26/2024,CA,1710,00400,24,Each,9.63,PIT,PIT10072,8.80956E+12,Pure VtmnCSrm  2 floz,$231.12 
4500140765,07/26/2024,2024,Q3,07,08/26/2024,CA,1710,00410,48,Each,4.18,PIT,PIT10074,8.80956E+12,Jeju Volcanic Scoria Konjac Sponge 1pc,$200.64 
4500140765,07/26/2024,2024,Q3,07,08/26/2024,CA,1710,00420,24,Each,4.18,PIT,PIT10075,8.80956E+12,Bamboo Charcoal Konjac Sponge 1pc,$100.32 
4500140765,07/26/2024,2024,Q3,07,08/26/2024,CA,1710,00430,72,Each,12,PIT,PIT10096,8.80956E+12,DAILY GOTO SUNSCREEN 60ml,$864.00 
4500140765,07/26/2024,2024,Q3,07,08/26/2024,CA,1710,00440,36,Each,9.57,PIT,PIT10100,8.80956E+12,CENTELLA GREEN LEVEL CALM TONER 200ml,$344.52 
4500140765,07/26/2024,2024,Q3,07,08/26/2024,CA,1710,00450,90,Each,6.5,PIT,PIT10102,8.80956E+12,CENTELLA UNSCENTED EYE CREAM 30ml,$585.00 
4500140765,07/26/2024,2024,Q3,07,08/26/2024,CA,1710,00460,200,Each,7.29,PIT,PIT10105,8.80956E+12,OATIN CALMING GEL CREAM 100ml,"$1,458.00 "
4500140765,07/26/2024,2024,Q3,07,08/26/2024,CA,1710,00470,35,Each,5.47,PIT,PIT10142,8.80956E+12,CICA CLEARING BBCRM 15 ROSE IVORY 1oz,$191.45 
4500140765,07/26/2024,2024,Q3,07,08/26/2024,CA,1710,00480,24,Each,12,PIT,PIT10212,8.80956E+12,Dermide Relf Barrier Msturiz 3.38 fl oz,$288.00 
4500140765,07/26/2024,2024,Q3,07,08/26/2024,CA,1710,00490,15,Each,9.92,PIT,PIT10213,8.80956E+12,Dermd Cica Barrier Sleep Pack2.7 fl oz,$148.80 
4500140765,07/26/2024,2024,Q3,07,08/26/2024,CA,1710,00500,54,Each,9.83,PIT,PIT10307,8.80956E+12,Sft Tch Sunscreen Urban Def SPF50 60ml,$530.82 
4500140765,07/26/2024,2024,Q3,07,08/26/2024,CA,1710,00510,18,Each,10.38,PIT,PIT10276,8.80956E+12,Clear Code Superfruit Cleanser 150 ml,$186.84 
4500140765,07/26/2024,2024,Q3,07,08/26/2024,CA,1710,00520,42,Each,10.43,PIT,PIT10273,8.80956E+12,Clear Code Superfruit Serum 30 ml,$438.06 
4500140765,07/26/2024,2024,Q3,07,08/26/2024,CA,1710,00530,14,Each,12.53,PIT,PIT10257,8.80956E+12,Oatin Intense Cream 5.07 fl oz,$175.42 
4500140765,07/26/2024,2024,Q3,07,08/26/2024,CA,1710,00540,42,Each,11.48,PIT,PIT10256,8.80956E+12,Oatin Silky Toner 6.76 fl oz,$482.16 
4500140765,07/26/2024,2024,Q3,07,08/26/2024,CA,1710,00550,96,Each,9.61,PIT,PIT10247,8.80956E+12,Centella Unscented Recovery Cream 50ml,$922.56 
4500140765,07/26/2024,2024,Q3,07,08/26/2024,CA,1710,00560,32,Each,6.16,PIT,PIT10220,8.80956E+12,Refresh Cleansing Bar 3.52 oz,$197.12 
4500140765,07/26/2024,2024,Q3,07,08/26/2024,CA,1710,00570,60,Each,6.1,NRP,NRP47192,8.80617E+12,Calendula Forest GardnDpClnsngOil 200ml,$366.00 
4500140765,07/26/2024,2024,Q3,07,08/26/2024,CA,1710,00580,24,Each,4.45,NRP,NRP47490,8.80617E+12,Jeju Sparkling Mud Foam Cleanser 150ml,$106.80 
4500140765,07/26/2024,2024,Q3,07,08/26/2024,CA,1710,00590,60,Each,4.48,NRP,NRP47492,8.80617E+12,Jeju Spark Enrich Facial Clnsr 300ml,$268.80 
4500140765,07/26/2024,2024,Q3,07,08/26/2024,CA,1710,00600,12,Each,3.46,NRP,NRP47551,8.80617E+12,Body Peeling Mist Phyto Scent 300 ml,$41.52 
4500140765,07/26/2024,2024,Q3,07,08/26/2024,CA,1710,00610,90,Each,2.39,NRP,NRP48296,8.80617E+12,Aloe Vera Cleansing Tissue 80 Shts,$215.10 
4500140765,07/26/2024,2024,Q3,07,08/26/2024,CA,1710,00620,72,Each,2.13,NRP,NRP48297,8.80617E+12,Aloe Vera Foam Cleanser 5.07 fl oz,$153.36 
4500140766,07/26/2024,2024,Q3,07,08/26/2024,KY,1712,00010,84,Each,9.63,PIT,PIT10072,8.80956E+12,Pure VtmnCSrm  2 floz,$808.92 
4500140766,07/26/2024,2024,Q3,07,08/26/2024,KY,1712,00020,40,Each,10.46,NRP,NRP45415,8.80617E+12,Fresh Powdery Sun Stick SPF50 0.71 oz,$418.40 
4500140766,07/26/2024,2024,Q3,07,08/26/2024,KY,1712,00030,36,Each,4.18,PIT,PIT10074,8.80956E+12,Jeju Volcanic Scoria Konjac Sponge 1pc,$150.48 
4500140766,07/26/2024,2024,Q3,07,08/26/2024,KY,1712,00040,36,Each,4.18,PIT,PIT10075,8.80956E+12,Bamboo Charcoal Konjac Sponge 1pc,$150.48 
4500140766,07/26/2024,2024,Q3,07,08/26/2024,KY,1712,00050,36,Each,4.48,NRP,NRP47492,8.80617E+12,Jeju Spark Enrich Facial Clnsr 300ml,$161.28 
4500140766,07/26/2024,2024,Q3,07,08/26/2024,KY,1712,00060,48,Each,5.42,NRP,NRP46216,8.80617E+12,Niacinamide Luminous Skin Ampoule 30 ml,$260.16 
4500140766,07/26/2024,2024,Q3,07,08/26/2024,KY,1712,00070,135,Each,6.5,PIT,PIT10102,8.80956E+12,CENTELLA UNSCENTED EYE CREAM 30ml,$877.50 
4500140766,07/26/2024,2024,Q3,07,08/26/2024,KY,1712,00080,36,Each,4.45,NRP,NRP47490,8.80617E+12,Jeju Sparkling Mud Foam Cleanser 150ml,$160.20 
4500140766,07/26/2024,2024,Q3,07,08/26/2024,KY,1712,00090,625,Each,7.29,PIT,PIT10105,8.80956E+12,OATIN CALMING GEL CREAM 100ml,"$4,556.25 "
4500140766,07/26/2024,2024,Q3,07,08/26/2024,KY,1712,00100,70,Each,5.47,PIT,PIT10142,8.80956E+12,CICA CLEARING BBCRM 15 ROSE IVORY 1oz,$382.90 
4500140766,07/26/2024,2024,Q3,07,08/26/2024,KY,1712,00110,180,Each,9.92,PIT,PIT10213,8.80956E+12,Dermd Cica Barrier Sleep Pack2.7 fl oz,"$1,785.60 "
4500140766,07/26/2024,2024,Q3,07,08/26/2024,KY,1712,00120,20,Each,7.84,TSN,TSN01013,8.80962E+12,TS Chkhan Hair Color Cream 03Black 120g,$156.80 
4500140766,07/26/2024,2024,Q3,07,08/26/2024,KY,1712,00130,50,Each,7.84,TSN,TSN01014,8.80962E+12,TS Chkhan HairColorCream 05DkBrwn 120g,$392.00 
4500140766,07/26/2024,2024,Q3,07,08/26/2024,KY,1712,00140,144,Each,9.61,PIT,PIT10247,8.80956E+12,Centella Unscented Recovery Cream 50ml,"$1,383.84 "
4500140766,07/26/2024,2024,Q3,07,08/26/2024,KY,1712,00150,40,Each,13,TSN,TSN01035,8.80962E+12,TheTrust TS Shampoo 300g,$520.00 
4500140766,07/26/2024,2024,Q3,07,08/26/2024,KY,1712,00160,352,Each,4.97,NRP,NRP46861,8.80617E+12,Argan Essential DeepCareHairPack 200ml,"$1,749.44 "
4500140766,07/26/2024,2024,Q3,07,08/26/2024,KY,1712,00170,18,Each,9.92,PIT,PIT10200,8.80956E+12,FermCmplx94 Boosting Essence 5.07 fl oz,$178.56 
4500140766,07/26/2024,2024,Q3,07,08/26/2024,KY,1712,00180,36,Each,8.28,NRP,NRP47347,8.80617E+12,Shea Butter Fresh Steam Crm 3.38 fl oz,$298.08 
4500140766,07/26/2024,2024,Q3,07,08/26/2024,KY,1712,00190,12,Each,12,PIT,PIT10212,8.80956E+12,Dermide Relf Barrier Msturiz 3.38 fl oz,$144.00 
4500140766,07/26/2024,2024,Q3,07,08/26/2024,KY,1712,00200,24,Each,7.08,NRP,NRP46862,8.80617E+12,Argan Essen Hair NoWash Treatmnt 160ml,$169.92 
4500140766,07/26/2024,2024,Q3,07,08/26/2024,KY,1712,00210,96,Each,8.28,NRP,NRP47346,8.80617E+12,Shea Butter Moist Steam Crm 3.38 floz,$794.88 
4500140766,07/26/2024,2024,Q3,07,08/26/2024,KY,1712,00220,64,Each,8.53,PIT,PIT10279,8.80956E+12,From Grn Avocado Cleansing Balm 100ml,$545.92 
4500140766,07/26/2024,2024,Q3,07,08/26/2024,KY,1712,00230,36,Each,10.38,PIT,PIT10276,8.80956E+12,Clear Code Superfruit Cleanser 150 ml,$373.68 
4500140766,07/26/2024,2024,Q3,07,08/26/2024,KY,1712,00240,30,Each,6.03,NRP,NRP46863,8.80617E+12,Argan Essential Deep Care Hair Ess 80ml,$180.90 
4500140766,07/26/2024,2024,Q3,07,08/26/2024,KY,1712,00250,42,Each,10.43,PIT,PIT10273,8.80956E+12,Clear Code Superfruit Serum 30 ml,$438.06 
4500140766,07/26/2024,2024,Q3,07,08/26/2024,KY,1712,00260,120,Each,6.29,NRP,NRP47193,8.80617E+12,Chamomile Forest Garden DpClnsOil 200ml,$754.80 
4500140766,07/26/2024,2024,Q3,07,08/26/2024,KY,1712,00270,21,Each,9.83,PIT,PIT10260,8.80956E+12,Daily Soft Touch Sunscreen 2.02 fl oz,$206.43 
4500140766,07/26/2024,2024,Q3,07,08/26/2024,KY,1712,00280,42,Each,6.1,NRP,NRP47192,8.80617E+12,Calendula Forest GardnDpClnsngOil 200ml,$256.20 
4500140766,07/26/2024,2024,Q3,07,08/26/2024,KY,1712,00290,84,Each,11.48,PIT,PIT10256,8.80956E+12,Oatin Silky Toner 6.76 fl oz,$964.32 
4500140766,07/26/2024,2024,Q3,07,08/26/2024,KY,1712,00300,48,Each,6.53,NRP,NRP46868,8.80617E+12,Argan Essential Deep Care Cond 300ml,$313.44 
4500140766,07/26/2024,2024,Q3,07,08/26/2024,KY,1712,00310,5316,Each,2.13,NRP,NRP48814,8.80617E+12,NRP Aloe Vera Watery Gel 300ml,"$11,323.08 "
4500140766,07/26/2024,2024,Q3,07,08/26/2024,KY,1712,00320,36,Each,11.34,NRP,NRP48703,8.80617E+12,Blck Bn Invig Hair Shampoo 10.14 floz,$408.24 
4500140766,07/26/2024,2024,Q3,07,08/26/2024,KY,1712,00330,72,Each,2.13,NRP,NRP48298,8.80617E+12,Sooth Moist AloeVeraClnsng GelCrm 150ml,$153.36 
4500140766,07/26/2024,2024,Q3,07,08/26/2024,KY,1712,00340,20,Each,13.67,SRI,SRI99710,8.80908E+12,Deep In A Barrier Cream 50ml,$273.40 
4500140766,07/26/2024,2024,Q3,07,08/26/2024,KY,1712,00350,48,Each,10.25,SRI,SRI99708,8.80908E+12,Cleanse Me Softly Milk Cleanser 200ml,$492.00 
4500140766,07/26/2024,2024,Q3,07,08/26/2024,KY,1712,00360,64,Each,9.4,SRI,SRI99706,8.80908E+12,Day By Day Cleansing Gel 150ml,$601.60 
4500140766,07/26/2024,2024,Q3,07,08/26/2024,KY,1712,00370,72,Each,1.71,NRP,NRP43829,8.80617E+12,Frsh Herb Aloe Cleans Foam 5.74 floz,$123.12 
4500140766,07/26/2024,2024,Q3,07,08/26/2024,KY,1712,00380,64,Each,9.4,SRI,SRI99705,8.80908E+12,Time Is Running Out Mist 100ml,$601.60 
4500140766,07/26/2024,2024,Q3,07,08/26/2024,KY,1712,00390,24,Each,6.53,NRP,NRP48257,8.80617E+12,Green Derma Soothing Cream 100ml,$156.72 
4500140766,07/26/2024,2024,Q3,07,08/26/2024,KY,1712,00400,24,Each,1.71,NRP,NRP43830,8.80617E+12,Frsh Herb Snail Cleans Foam 5.74 floz,$41.04 
4500140766,07/26/2024,2024,Q3,07,08/26/2024,KY,1712,00410,36,Each,16.23,SRI,SRI77910,8.80919E+12,All Your Love Body Cream 300ml,$584.28 
4500140766,07/26/2024,2024,Q3,07,08/26/2024,KY,1712,00420,60,Each,2.13,NRP,NRP48297,8.80617E+12,Aloe Vera Foam Cleanser 5.07 fl oz,$127.80 
4500140766,07/26/2024,2024,Q3,07,08/26/2024,KY,1712,00430,96,Each,1.71,NRP,NRP43831,8.80617E+12,Frsh Herb Peach Cleans Foam 5.74 floz,$164.16 
4500140766,07/26/2024,2024,Q3,07,08/26/2024,KY,1712,00440,48,Each,15.38,SRI,SRI58874,8.80616E+12,Light It Up Essener 100ml,$738.24 
4500140766,07/26/2024,2024,Q3,07,08/26/2024,KY,1712,00450,32,Each,11.96,SRI,SRI55330,8.80616E+12,Fresh Moment Cleansing Oil 200ml,$382.72 
4500140766,07/26/2024,2024,Q3,07,08/26/2024,KY,1712,00460,54,Each,8.49,NRP,NRP48186,8.80617E+12,Vitapair C Toner 300ml,$458.46 
4500140766,07/26/2024,2024,Q3,07,08/26/2024,KY,1712,00470,20,Each,11.96,SRI,SRI55290,8.80616E+12,Calm Me Down Cream 50ml,$239.20 
4500140766,07/26/2024,2024,Q3,07,08/26/2024,KY,1712,00480,60,Each,1.71,NRP,NRP43832,8.80617E+12,Frsh Herb Acerol Cleans Foam 5.74 floz,$102.60 
4500140766,07/26/2024,2024,Q3,07,08/26/2024,KY,1712,00490,18,Each,6.8,NRP,NRP47941,8.80617E+12,Herbology Molokhia Dp Moist Crm 70ml,$122.40 
4500140766,07/26/2024,2024,Q3,07,08/26/2024,KY,1712,00500,80,Each,0.45,NRP,NRP44935,8.80617E+12,REAL NATURE ROYAL JELLY MASK SHEET 23ml,$36.00 
4500140766,07/26/2024,2024,Q3,07,08/26/2024,KY,1712,00510,12,Each,6.8,NRP,NRP47937,8.80617E+12,Herbology Onion Recov Crm 70ml,$81.60 
4500140766,07/26/2024,2024,Q3,07,08/26/2024,KY,1712,00520,60,Each,3.46,NRP,NRP47551,8.80617E+12,Body Peeling Mist Phyto Scent 300 ml,$207.60 
4500140766,07/26/2024,2024,Q3,07,08/26/2024,KY,1712,00530,175,Each,6.08,PIT,PIT10070,8.80956E+12,Cica Clring BB CrmSPF38PA#211.0floz,"$1,064.00 "
4500140766,07/26/2024,2024,Q3,07,08/26/2024,KY,1712,00540,80,Each,0.45,NRP,NRP44948,8.80617E+12,REAL NATURE TEA TREE MASK SHEET 23ml,$36.00 
4500140766,07/26/2024,2024,Q3,07,08/26/2024,KY,1712,00550,35,Each,6.08,PIT,PIT10068,8.80956E+12,Cica Clrng BB CrmSPF38PA#271.0floz,$212.80 
4500140766,07/26/2024,2024,Q3,07,08/26/2024,KY,1712,00560,48,Each,9.63,PIT,PIT10039,8.80956E+12,SeaBuckthorn V  1.7 floz,$462.24 
4500140766,07/26/2024,2024,Q3,07,08/26/2024,KY,1712,00570,24,Each,3.46,NRP,NRP47552,8.80617E+12,Body Peeling Mist Peach Scent 300 ml,$83.04 
4500140766,07/26/2024,2024,Q3,07,08/26/2024,KY,1712,00580,120,Each,0.45,NRP,NRP44946,8.80617E+12,REAL NATURE ROSE MASK SHEET 23ml,$54.00 
4500140766,07/26/2024,2024,Q3,07,08/26/2024,KY,1712,00590,24,Each,3.46,NRP,NRP47553,8.80617E+12,Body Peel Mist Cotton Scnt 10.14 floz,$83.04 
4500140766,07/26/2024,2024,Q3,07,08/26/2024,KY,1712,00600,280,Each,4.46,PIT,PIT10033,8.80956E+12,Care RcvryCica  51 Ptch,"$1,248.80 "
4500140766,07/26/2024,2024,Q3,07,08/26/2024,KY,1712,00610,120,Each,0.45,NRP,NRP44938,8.80617E+12,REAL NATURE TOMATO MASK SHEET 23ml,$54.00 
4500140766,07/26/2024,2024,Q3,07,08/26/2024,KY,1712,00620,660,Each,9.26,PIT,PIT10031,8.80956E+12,Centella Unscnt Srm 2 floz,"$6,111.60 "
4500140767,07/26/2024,2024,Q3,07,09/24/2024,CA,1710,00010,20,Each,3.24,HBF,HBF94449,8.80962E+12,HBAF Honey Butter Almond 120 g,$64.80 
4500140767,07/26/2024,2024,Q3,07,09/24/2024,CA,1710,00020,20,Each,3.24,HBF,HBF94477,8.80962E+12,HBAF Hot & Spicy Chicken Almond 120 g,$64.80 
4500140767,07/26/2024,2024,Q3,07,09/24/2024,CA,1710,00030,20,Each,3.24,HBF,HBF94478,8.80962E+12,HBAF Tteokbokki Almond 120 g,$64.80 
4500140767,07/26/2024,2024,Q3,07,09/24/2024,CA,1710,00040,20,Each,3.24,HBF,HBF94578,8.80962E+12,HBAF Roasted Onion Almond 120 g,$64.80 
4500140767,07/26/2024,2024,Q3,07,09/24/2024,CA,1710,00050,20,Each,3.24,HBF,HBF94201,8.80962E+12,HBAF Caramel Salt Almond & Pretzel 120g,$64.80 
4500140768,07/26/2024,2024,Q3,07,09/24/2024,KY,1712,00010,60,Each,3.24,HBF,HBF94477,8.80962E+12,HBAF Hot & Spicy Chicken Almond 120 g,$194.40 
4500140768,07/26/2024,2024,Q3,07,09/24/2024,KY,1712,00020,80,Each,3.24,HBF,HBF94478,8.80962E+12,HBAF Tteokbokki Almond 120 g,$259.20 
4500140768,07/26/2024,2024,Q3,07,09/24/2024,KY,1712,00030,20,Each,3.24,HBF,HBF94578,8.80962E+12,HBAF Roasted Onion Almond 120 g,$64.80 
4500140769,07/26/2024,2024,Q3,07,08/26/2024,CA,1710,00010,10,Each,10.4,MUZ,MUZ58026,8.80984E+12,Icy Glow 06 Cheshire 0.18 fl oz,$104.00 
4500140769,07/26/2024,2024,Q3,07,08/26/2024,CA,1710,00020,30,Each,10.4,MUZ,MUZ58043,8.80984E+12,Objct Mat Lip Tnt 003 Posh .20 floz,$312.00 
4500140769,07/26/2024,2024,Q3,07,08/26/2024,CA,1710,00030,10,Each,10.4,MUZ,MUZ58025,8.80984E+12,Icy Glow 05 Temping 0.18 fl oz,$104.00 
4500140769,07/26/2024,2024,Q3,07,08/26/2024,CA,1710,00040,15,Each,12.48,MUZ,MUZ58061,8.80984E+12,Fitting Highlighter Fabulous 5 g,$187.20 
4500140770,07/26/2024,2024,Q3,07,08/26/2024,KY,1712,00010,75,Each,10.4,MUZ,MUZ58041,8.80984E+12,Objct Mat Lip Tnt 001 Signatre .20 floz,$780.00 
4500140770,07/26/2024,2024,Q3,07,08/26/2024,KY,1712,00020,90,Each,10.4,MUZ,MUZ58043,8.80984E+12,Objct Mat Lip Tnt 003 Posh .20 floz,$936.00 
4500140785,07/26/2024,2024,Q3,07,09/27/2024,KY,1712,00010,90,Each,7.99,LFT,LFT67921,8.80592E+12,Lacto Fit Gold 100 g,$719.10 
4500140785,07/26/2024,2024,Q3,07,09/27/2024,KY,1712,00020,90,Each,12.99,LFT,LFT68201,8.80592E+12,Lacto Fit Slim 120 g,"$1,169.10 "
4500140785,07/26/2024,2024,Q3,07,09/27/2024,KY,1712,00030,90,Each,8.33,LFT,LFT68101,8.80592E+12,Lacto Fit Core 120 g,$749.70 
4500140785,07/26/2024,2024,Q3,07,09/27/2024,KY,1712,00040,90,Each,15.94,LFT,LFT68181,8.80592E+12,Lacto Fit Beauty 120 g,"$1,434.60 "
4500140785,07/26/2024,2024,Q3,07,09/27/2024,KY,1712,00050,90,Each,9.31,LFT,LFT67861,8.80592E+12,Lacto Fit Bebe 120 g,$837.90 
4500140785,07/26/2024,2024,Q3,07,09/27/2024,KY,1712,00060,90,Each,10.15,LFT,LFT67871,8.80592E+12,Lacto Fit Kids 120 g,$913.50 
4500140785,07/26/2024,2024,Q3,07,09/27/2024,KY,1712,00070,90,Each,10.15,LFT,LFT68241,8.80592E+12,Plant-based Lacto Fit 120 g,$913.50 
4500140785,07/26/2024,2024,Q3,07,09/27/2024,KY,1712,00080,36,Each,10.51,LFT,LFT69271,8.80592E+12,Lacto Fit Glucose Control 120 g,$378.36 
4500140785,07/26/2024,2024,Q3,07,09/27/2024,KY,1712,00090,90,Each,9.53,LFT,LFT69431,8.80592E+12,Lacto Fit Liver Support 120 g,$857.70 
4500140786,07/26/2024,2024,Q3,07,09/27/2024,CA,1710,00010,180,Each,7.99,LFT,LFT67921,8.80592E+12,Lacto Fit Gold 100 g,"$1,438.20 "
4500140786,07/26/2024,2024,Q3,07,09/27/2024,CA,1710,00020,180,Each,12.99,LFT,LFT68201,8.80592E+12,Lacto Fit Slim 120 g,"$2,338.20 "
4500140786,07/26/2024,2024,Q3,07,09/27/2024,CA,1710,00030,180,Each,8.33,LFT,LFT68101,8.80592E+12,Lacto Fit Core 120 g,"$1,499.40 "
4500140786,07/26/2024,2024,Q3,07,09/27/2024,CA,1710,00040,180,Each,15.94,LFT,LFT68181,8.80592E+12,Lacto Fit Beauty 120 g,"$2,869.20 "
4500140786,07/26/2024,2024,Q3,07,09/27/2024,CA,1710,00050,180,Each,9.31,LFT,LFT67861,8.80592E+12,Lacto Fit Bebe 120 g,"$1,675.80 "
4500140786,07/26/2024,2024,Q3,07,09/27/2024,CA,1710,00060,180,Each,10.15,LFT,LFT67871,8.80592E+12,Lacto Fit Kids 120 g,"$1,827.00 "
4500140786,07/26/2024,2024,Q3,07,09/27/2024,CA,1710,00070,180,Each,10.15,LFT,LFT68241,8.80592E+12,Plant-based Lacto Fit 120 g,"$1,827.00 "
4500140786,07/26/2024,2024,Q3,07,09/27/2024,CA,1710,00080,72,Each,10.51,LFT,LFT69271,8.80592E+12,Lacto Fit Glucose Control 120 g,$756.72 
4500140786,07/26/2024,2024,Q3,07,09/27/2024,CA,1710,00090,180,Each,9.53,LFT,LFT69431,8.80592E+12,Lacto Fit Liver Support 120 g,"$1,715.40 "
4500142630,08/07/2024,2024,Q3,08,10/07/2024,CA,1710,00010,100,Each,3.24,HBF,HBF94201,8.80962E+12,HBAF Caramel Salt Almond & Pretzel 120g,$324.00 
4500142630,08/07/2024,2024,Q3,08,10/07/2024,CA,1710,00020,120,Each,3.24,HBF,HBF94449,8.80962E+12,HBAF Honey Butter Almond 120 g,$388.80 
4500142630,08/07/2024,2024,Q3,08,10/07/2024,CA,1710,00030,60,Each,3.24,HBF,HBF94477,8.80962E+12,HBAF Hot & Spicy Chicken Almond 120 g,$194.40 
4500142630,08/07/2024,2024,Q3,08,10/07/2024,CA,1710,00040,120,Each,3.24,HBF,HBF94478,8.80962E+12,HBAF Tteokbokki Almond 120 g,$388.80 
4500142630,08/07/2024,2024,Q3,08,10/07/2024,CA,1710,00050,60,Each,3.24,HBF,HBF94493,8.80962E+12,HBAF Cheongyang Mayo Almond 120 g,$194.40 
4500142630,08/07/2024,2024,Q3,08,10/07/2024,CA,1710,00060,60,Each,3.24,HBF,HBF94533,8.80962E+12,HBAF Laver Almond 120 g,$194.40 
4500142630,08/07/2024,2024,Q3,08,10/07/2024,CA,1710,00070,120,Each,3.24,HBF,HBF94578,8.80962E+12,HBAF Roasted Onion Almond 120 g,$388.80 
4500142631,08/07/2024,2024,Q3,08,10/07/2024,KY,1712,00010,120,Each,3.24,HBF,HBF94201,8.80962E+12,HBAF Caramel Salt Almond & Pretzel 120g,$388.80 
4500142631,08/07/2024,2024,Q3,08,10/07/2024,KY,1712,00020,100,Each,3.24,HBF,HBF94450,8.80962E+12,HBAF Wasabi Almond 120 g,$324.00 
4500142631,08/07/2024,2024,Q3,08,10/07/2024,KY,1712,00030,100,Each,3.24,HBF,HBF94451,8.80962E+12,HBAF Baked Corn Almond 120 g,$324.00 
4500142631,08/07/2024,2024,Q3,08,10/07/2024,KY,1712,00040,80,Each,3.24,HBF,HBF94477,8.80962E+12,HBAF Hot & Spicy Chicken Almond 120 g,$259.20 
4500142631,08/07/2024,2024,Q3,08,10/07/2024,KY,1712,00050,100,Each,3.24,HBF,HBF94478,8.80962E+12,HBAF Tteokbokki Almond 120 g,$324.00 
4500142631,08/07/2024,2024,Q3,08,10/07/2024,KY,1712,00060,40,Each,3.24,HBF,HBF94493,8.80962E+12,HBAF Cheongyang Mayo Almond 120 g,$129.60 
4500142631,08/07/2024,2024,Q3,08,10/07/2024,KY,1712,00070,80,Each,3.24,HBF,HBF94494,8.80962E+12,HBAF Garlic Bread Almond 120 g,$259.20 
4500142631,08/07/2024,2024,Q3,08,10/07/2024,KY,1712,00080,80,Each,3.24,HBF,HBF94533,8.80962E+12,HBAF Laver Almond 120 g,$259.20 
4500142631,08/07/2024,2024,Q3,08,10/07/2024,KY,1712,00090,140,Each,3.24,HBF,HBF94578,8.80962E+12,HBAF Roasted Onion Almond 120 g,$453.60 
4500144874,08/23/2024,2024,Q3,08,09/23/2024,CA,1710,00070,144,Each,9.83,PIT,PIT10307,8.80956E+12,Sft Tch Sunscreen Urban Def SPF50 60ml,"$1,415.52 "
4500144874,08/23/2024,2024,Q3,08,09/23/2024,CA,1710,00080,126,Each,9.83,PIT,PIT10260,8.80956E+12,Daily Soft Touch Sunscreen 2.02 fl oz,"$1,238.58 "
4500144874,08/23/2024,2024,Q3,08,09/23/2024,CA,1710,00090,48,Each,9.26,PIT,PIT10246,8.80956E+12,Centella Green Lev Rcov Crm 1.69 fl oz,$444.48 
4500144874,08/23/2024,2024,Q3,08,09/23/2024,CA,1710,00100,35,Each,5.47,PIT,PIT10142,8.80956E+12,CICA CLEARING BBCRM 15 ROSE IVORY 1oz,$191.45 
4500144874,08/23/2024,2024,Q3,08,09/23/2024,CA,1710,00110,42,Each,7.34,PIT,PIT10082,8.80956E+12,Centella Unscented Mini Kit 3pc,$308.28 
4500144874,08/23/2024,2024,Q3,08,09/23/2024,CA,1710,00120,60,Each,9.63,PIT,PIT10072,8.80956E+12,Pure VtmnCSrm  2 floz,$577.80 
4500144874,08/23/2024,2024,Q3,08,09/23/2024,CA,1710,00130,96,Each,5.2,PIT,PIT10063,8.80956E+12,DefenceBrrier   5.07 flo,$499.20 
4500144874,08/23/2024,2024,Q3,08,09/23/2024,CA,1710,00140,100,Each,9.26,PIT,PIT10031,8.80956E+12,Centella Unscnt Srm 2 floz,$926.00 
4500144874,08/23/2024,2024,Q3,08,09/23/2024,CA,1710,00150,90,Each,6.61,PIT,PIT10015,8.80956E+12,Centella Grn LevelEyeCrm 1 floz,$594.90 
4500144874,08/23/2024,2024,Q3,08,09/23/2024,CA,1710,00160,40,Each,0.45,NRP,NRP44938,8.80617E+12,REAL NATURE TOMATO MASK SHEET 23ml,$18.00 
4500144874,08/23/2024,2024,Q3,08,09/23/2024,CA,1710,00170,48,Each,10.25,SRI,SRI99708,8.80908E+12,Cleanse Me Softly Milk Cleanser 200ml,$492.00 
4500144874,08/23/2024,2024,Q3,08,09/23/2024,CA,1710,00180,72,Each,1.71,NRP,NRP43831,8.80617E+12,Frsh Herb Peach Cleans Foam 5.74 floz,$123.12 
4500144874,08/23/2024,2024,Q3,08,09/23/2024,CA,1710,00190,20,Each,9.8,TSN,TSN01025,8.80962E+12,Premium TS Treatment 200ml,$196.00 
4500144874,08/23/2024,2024,Q3,08,09/23/2024,CA,1710,00200,48,Each,1.71,NRP,NRP43829,8.80617E+12,Frsh Herb Aloe Cleans Foam 5.74 floz,$82.08 
4500144874,08/23/2024,2024,Q3,08,09/23/2024,CA,1710,00210,18,Each,11.96,SRI,SRI55257,8.80616E+12,My First Essener 100ml,$215.28 
4500144874,08/23/2024,2024,Q3,08,09/23/2024,CA,1710,00220,20,Each,7.84,TSN,TSN01013,8.80962E+12,TS Chkhan Hair Color Cream 03Black 120g,$156.80 
4500144874,08/23/2024,2024,Q3,08,09/23/2024,CA,1710,00230,60,Each,2.96,NRP,NRP42355,8.80617E+12,BAMBOO CHARCOAL MUD PACK 150g,$177.60 
4500147976,09/10/2024,2024,Q3,09,10/10/2024,CA,1710,00010,36,Each,4.18,PIT,PIT10074,8.80956E+12,Jeju Volcanic Scoria Konjac Sponge 1pc,$150.48 
4500147976,09/10/2024,2024,Q3,09,10/10/2024,CA,1710,00020,12,Each,3.46,NRP,NRP47553,8.80617E+12,Body Peel Mist Cotton Scnt 10.14 floz,$41.52 
4500147976,09/10/2024,2024,Q3,09,10/10/2024,CA,1710,00030,264,Each,9.05,PIT,PIT10038,8.80956E+12,Deep Sea Pure WtrCrm 1.7 floz,"$2,389.20 "
4500147976,09/10/2024,2024,Q3,09,10/10/2024,CA,1710,00040,320,Each,4.46,PIT,PIT10033,8.80956E+12,Care RcvryCica  51 Ptch,"$1,427.20 "
4500147976,09/10/2024,2024,Q3,09,10/10/2024,CA,1710,00050,360,Each,9.26,PIT,PIT10031,8.80956E+12,Centella Unscnt Srm 2 floz,"$3,333.60 "
4500147976,09/10/2024,2024,Q3,09,10/10/2024,CA,1710,00060,24,Each,4.42,NRP,NRP46865,8.80617E+12,Argan Essential Moist Hair Mist 220ml,$106.08 
4500147976,09/10/2024,2024,Q3,09,10/10/2024,CA,1710,00070,54,Each,6.03,NRP,NRP46863,8.80617E+12,Argan Essential Deep Care Hair Ess 80ml,$325.62 
4500147976,09/10/2024,2024,Q3,09,10/10/2024,CA,1710,00080,18,Each,6.1,NRP,NRP47192,8.80617E+12,Calendula Forest GardnDpClnsngOil 200ml,$109.80 
4500147976,09/10/2024,2024,Q3,09,10/10/2024,CA,1710,00090,12,Each,7.08,NRP,NRP46862,8.80617E+12,Argan Essen Hair NoWash Treatmnt 160ml,$84.96 
4500147976,09/10/2024,2024,Q3,09,10/10/2024,CA,1710,00100,32,Each,5.42,NRP,NRP46220,8.80617E+12,Collagen Skin Elasticity Ampoule 30 ml,$173.44 
4500147976,09/10/2024,2024,Q3,09,10/10/2024,CA,1710,00110,48,Each,6.53,NRP,NRP46867,8.80617E+12,Argan Essential Deep Care Shampoo 300ml,$313.44 
4500147976,09/10/2024,2024,Q3,09,10/10/2024,CA,1710,00120,48,Each,5.42,NRP,NRP46216,8.80617E+12,Niacinamide Luminous Skin Ampoule 30 ml,$260.16 
4500147976,09/10/2024,2024,Q3,09,10/10/2024,CA,1710,00130,20,Each,3.27,NRP,NRP45742,8.80617E+12,Jeju Spark Cleans Tissue 50 Sheets 205g,$65.40 
4500147976,09/10/2024,2024,Q3,09,10/10/2024,CA,1710,00140,40,Each,0.45,NRP,NRP45607,8.80617E+12,REAL NATURE SHEA BUTTER MASK SHEET 23ml,$18.00 
4500147976,09/10/2024,2024,Q3,09,10/10/2024,CA,1710,00150,18,Each,14.52,SRI,SRI55258,8.80616E+12,Enriched By Nature Cream 50ml,$261.36 
4500147976,09/10/2024,2024,Q3,09,10/10/2024,CA,1710,00160,22,Each,5.13,SRI,SRI99720,8.80908E+12,More Than Lip Balm 4g,$112.86 
4500147976,09/10/2024,2024,Q3,09,10/10/2024,CA,1710,00170,80,Each,0.45,NRP,NRP44948,8.80617E+12,REAL NATURE TEA TREE MASK SHEET 23ml,$36.00 
4500147976,09/10/2024,2024,Q3,09,10/10/2024,CA,1710,00180,80,Each,0.45,NRP,NRP44946,8.80617E+12,REAL NATURE ROSE MASK SHEET 23ml,$36.00 
4500147976,09/10/2024,2024,Q3,09,10/10/2024,CA,1710,00190,40,Each,0.45,NRP,NRP44938,8.80617E+12,REAL NATURE TOMATO MASK SHEET 23ml,$18.00 
4500147976,09/10/2024,2024,Q3,09,10/10/2024,CA,1710,00200,36,Each,1.71,NRP,NRP43832,8.80617E+12,Frsh Herb Acerol Cleans Foam 5.74 floz,$61.56 
4500147976,09/10/2024,2024,Q3,09,10/10/2024,CA,1710,00210,20,Each,11.53,SRI,SRI99760,8.80908E+12,Organic Hand Lip Care Set 50ml4g,$230.60 
4500147976,09/10/2024,2024,Q3,09,10/10/2024,CA,1710,00220,60,Each,1.71,NRP,NRP43829,8.80617E+12,Frsh Herb Aloe Cleans Foam 5.74 floz,$102.60 
4500147976,09/10/2024,2024,Q3,09,10/10/2024,CA,1710,00230,16,Each,8.53,PIT,PIT10279,8.80956E+12,From Grn Avocado Cleansing Balm 100ml,$136.48 
4500147976,09/10/2024,2024,Q3,09,10/10/2024,CA,1710,00240,48,Each,12,PIT,PIT10096,8.80956E+12,DAILY GOTO SUNSCREEN 60ml,$576.00 
4500147976,09/10/2024,2024,Q3,09,10/10/2024,CA,1710,00250,60,Each,2.13,NRP,NRP48297,8.80617E+12,Aloe Vera Foam Cleanser 5.07 fl oz,$127.80 
4500147976,09/10/2024,2024,Q3,09,10/10/2024,CA,1710,00260,24,Each,2.13,NRP,NRP48298,8.80617E+12,Sooth Moist AloeVeraClnsng GelCrm 150ml,$51.12 
4500147976,09/10/2024,2024,Q3,09,10/10/2024,CA,1710,00270,20,Each,9.92,PIT,PIT10265,8.80956E+12,DeepSea Droplet Serum SnowMushroom 30ml,$198.40 
4500147976,09/10/2024,2024,Q3,09,10/10/2024,CA,1710,00280,300,Each,7.29,PIT,PIT10105,8.80956E+12,OATIN CALMING GEL CREAM 100ml,"$2,187.00 "
4500147976,09/10/2024,2024,Q3,09,10/10/2024,CA,1710,00290,588,Each,2.13,NRP,NRP48814,8.80617E+12,NRP Aloe Vera Watery Gel 300ml,"$1,252.44 "
4500147976,09/10/2024,2024,Q3,09,10/10/2024,CA,1710,00300,35,Each,5.47,PIT,PIT10141,8.80956E+12,CICA CLEARING BBCRM 13 NEUTRALIVORY 1oz,$191.45 
4500147976,09/10/2024,2024,Q3,09,10/10/2024,CA,1710,00310,72,Each,9.41,NRP,NRP48847,8.80617E+12,Aqa Sup Max Combin Watery Cream 80ml,$677.52 
4500147976,09/10/2024,2024,Q3,09,10/10/2024,CA,1710,00320,48,Each,9.61,PIT,PIT10247,8.80956E+12,Centella Unscented Recovery Cream 50ml,$461.28 
4500147976,09/10/2024,2024,Q3,09,10/10/2024,CA,1710,00330,36,Each,12,PIT,PIT10212,8.80956E+12,Dermide Relf Barrier Msturiz 3.38 fl oz,$432.00 
4500147976,09/10/2024,2024,Q3,09,10/10/2024,CA,1710,00340,40,Each,5.16,NRP,NRP49010,8.80617E+12,Mild and Mst Aloe Vera Water Gel 250ml,$206.40 
4500147976,09/10/2024,2024,Q3,09,10/10/2024,CA,1710,00350,30,Each,9.92,PIT,PIT10213,8.80956E+12,Dermd Cica Barrier Sleep Pack2.7 fl oz,$297.60 
4500147976,09/10/2024,2024,Q3,09,10/10/2024,CA,1710,00360,84,Each,10.79,PIT,PIT10236,8.80956E+12,Timeless Bloom Bakuchiol Serum 1.01floz,$906.36 
4500147976,09/10/2024,2024,Q3,09,10/10/2024,CA,1710,00370,20,Each,7.84,TSN,TSN01013,8.80962E+12,TS Chkhan Hair Color Cream 03Black 120g,$156.80 
4500147977,09/10/2024,2024,Q3,09,10/10/2024,KY,1712,00010,96,Each,8.53,PIT,PIT10279,8.80956E+12,From Grn Avocado Cleansing Balm 100ml,$818.88 
4500147977,09/10/2024,2024,Q3,09,10/10/2024,KY,1712,00020,48,Each,11.34,NRP,NRP48703,8.80617E+12,Blck Bn Invig Hair Shampoo 10.14 floz,$544.32 
4500147977,09/10/2024,2024,Q3,09,10/10/2024,KY,1712,00030,20,Each,7.69,SRI,SRI99757,8.80908E+12,Back To My Memories Handcream  50ml,$153.80 
4500147977,09/10/2024,2024,Q3,09,10/10/2024,KY,1712,00040,24,Each,11.53,SRI,SRI99733,8.80908E+12,Organic Start Trav Kit 30ml20ml30ml7ml,$276.72 
4500147977,09/10/2024,2024,Q3,09,10/10/2024,KY,1712,00050,96,Each,9.41,NRP,NRP48847,8.80617E+12,Aqa Sup Max Combin Watery Cream 80ml,$903.36 
4500147977,09/10/2024,2024,Q3,09,10/10/2024,KY,1712,00060,180,Each,9.7,PIT,PIT10306,8.80956E+12,Timeless Bloom Retinol Spot Cream 30ml,"$1,746.00 "
4500147977,09/10/2024,2024,Q3,09,10/10/2024,KY,1712,00070,50,Each,7.84,TSN,TSN01014,8.80962E+12,TS Chkhan HairColorCream 05DkBrwn 120g,$392.00 
4500147977,09/10/2024,2024,Q3,09,10/10/2024,KY,1712,00080,20,Each,9.8,TSN,TSN01025,8.80962E+12,Premium TS Treatment 200ml,$196.00 
4500147977,09/10/2024,2024,Q3,09,10/10/2024,KY,1712,00090,60,Each,13,TSN,TSN01035,8.80962E+12,TheTrust TS Shampoo 300g,$780.00 
4500147977,09/10/2024,2024,Q3,09,10/10/2024,KY,1712,00100,48,Each,5.16,NRP,NRP49010,8.80617E+12,Mild and Mst Aloe Vera Water Gel 250ml,$247.68 
4500147977,09/10/2024,2024,Q3,09,10/10/2024,KY,1712,00110,12,Each,8.28,NRP,NRP47345,8.80617E+12,Shea Butter Ultra Steam Crm 3.38 fl oz,$99.36 
4500147977,09/10/2024,2024,Q3,09,10/10/2024,KY,1712,00120,24,Each,8.28,NRP,NRP47347,8.80617E+12,Shea Butter Fresh Steam Crm 3.38 fl oz,$198.72 
4500147977,09/10/2024,2024,Q3,09,10/10/2024,KY,1712,00130,48,Each,2.13,NRP,NRP48298,8.80617E+12,Sooth Moist AloeVeraClnsng GelCrm 150ml,$102.24 
4500147977,09/10/2024,2024,Q3,09,10/10/2024,KY,1712,00140,48,Each,4.45,NRP,NRP47490,8.80617E+12,Jeju Sparkling Mud Foam Cleanser 150ml,$213.60 
4500147977,09/10/2024,2024,Q3,09,10/10/2024,KY,1712,00150,24,Each,3.46,NRP,NRP47552,8.80617E+12,Body Peeling Mist Peach Scent 300 ml,$83.04 
4500147977,09/10/2024,2024,Q3,09,10/10/2024,KY,1712,00160,18,Each,6.8,NRP,NRP47942,8.80617E+12,Herbology Lav FootCrm 70ml,$122.40 
4500147977,09/10/2024,2024,Q3,09,10/10/2024,KY,1712,00170,12,Each,8.71,NRP,NRP48221,8.80617E+12,Green Derma Mild Cica Serum 1.69 fl oz,$104.52 
4500147977,09/10/2024,2024,Q3,09,10/10/2024,KY,1712,00180,50,Each,2.39,NRP,NRP48296,8.80617E+12,Aloe Vera Cleansing Tissue 80 Shts,$119.50 
4500147977,09/10/2024,2024,Q3,09,10/10/2024,KY,1712,00190,105,Each,9.92,PIT,PIT10213,8.80956E+12,Dermd Cica Barrier Sleep Pack2.7 fl oz,"$1,041.60 "
4500147977,09/10/2024,2024,Q3,09,10/10/2024,KY,1712,00200,32,Each,6.16,PIT,PIT10221,8.80956E+12,Restore Cleansing Bar 3.52 oz,$197.12 
4500147977,09/10/2024,2024,Q3,09,10/10/2024,KY,1712,00210,210,Each,10.79,PIT,PIT10236,8.80956E+12,Timeless Bloom Bakuchiol Serum 1.01floz,"$2,265.90 "
4500147977,09/10/2024,2024,Q3,09,10/10/2024,KY,1712,00220,144,Each,9.61,PIT,PIT10247,8.80956E+12,Centella Unscented Recovery Cream 50ml,"$1,383.84 "
4500147977,09/10/2024,2024,Q3,09,10/10/2024,KY,1712,00230,120,Each,9.93,PIT,PIT10253,8.80956E+12,From Green Cleansing Oil 6.76 fl oz,"$1,191.60 "
4500147977,09/10/2024,2024,Q3,09,10/10/2024,KY,1712,00240,98,Each,12.53,PIT,PIT10257,8.80956E+12,Oatin Intense Cream 5.07 fl oz,"$1,227.94 "
4500147977,09/10/2024,2024,Q3,09,10/10/2024,KY,1712,00250,40,Each,9.92,PIT,PIT10265,8.80956E+12,DeepSea Droplet Serum SnowMushroom 30ml,$396.80 
4500147977,09/10/2024,2024,Q3,09,10/10/2024,KY,1712,00260,144,Each,12,PIT,PIT10212,8.80956E+12,Dermide Relf Barrier Msturiz 3.38 fl oz,"$1,728.00 "
4500147977,09/10/2024,2024,Q3,09,10/10/2024,KY,1712,00270,35,Each,5.47,PIT,PIT10143,8.80956E+12,CICA CLEARING BBCRM 31 DEEP WARM 1oz,$191.45 
4500147977,09/10/2024,2024,Q3,09,10/10/2024,KY,1712,00280,35,Each,5.47,PIT,PIT10142,8.80956E+12,CICA CLEARING BBCRM 15 ROSE IVORY 1oz,$191.45 
4500147977,09/10/2024,2024,Q3,09,10/10/2024,KY,1712,00290,575,Each,7.29,PIT,PIT10105,8.80956E+12,OATIN CALMING GEL CREAM 100ml,"$4,191.75 "
4500147977,09/10/2024,2024,Q3,09,10/10/2024,KY,1712,00300,90,Each,9.57,PIT,PIT10100,8.80956E+12,CENTELLA GREEN LEVEL CALM TONER 200ml,$861.30 
4500147977,09/10/2024,2024,Q3,09,10/10/2024,KY,1712,00310,120,Each,12,PIT,PIT10096,8.80956E+12,DAILY GOTO SUNSCREEN 60ml,"$1,440.00 "
4500147977,09/10/2024,2024,Q3,09,10/10/2024,KY,1712,00320,60,Each,4.18,PIT,PIT10075,8.80956E+12,Bamboo Charcoal Konjac Sponge 1pc,$250.80 
4500147977,09/10/2024,2024,Q3,09,10/10/2024,KY,1712,00330,48,Each,4.18,PIT,PIT10074,8.80956E+12,Jeju Volcanic Scoria Konjac Sponge 1pc,$200.64 
4500147977,09/10/2024,2024,Q3,09,10/10/2024,KY,1712,00340,24,Each,2.96,NRP,NRP42355,8.80617E+12,BAMBOO CHARCOAL MUD PACK 150g,$71.04 
4500147977,09/10/2024,2024,Q3,09,10/10/2024,KY,1712,00350,60,Each,1.71,NRP,NRP43830,8.80617E+12,Frsh Herb Snail Cleans Foam 5.74 floz,$102.60 
4500147977,09/10/2024,2024,Q3,09,10/10/2024,KY,1712,00360,48,Each,1.71,NRP,NRP43832,8.80617E+12,Frsh Herb Acerol Cleans Foam 5.74 floz,$82.08 
4500147977,09/10/2024,2024,Q3,09,10/10/2024,KY,1712,00370,40,Each,0.45,NRP,NRP44935,8.80617E+12,REAL NATURE ROYAL JELLY MASK SHEET 23ml,$18.00 
4500147977,09/10/2024,2024,Q3,09,10/10/2024,KY,1712,00380,40,Each,0.45,NRP,NRP44948,8.80617E+12,REAL NATURE TEA TREE MASK SHEET 23ml,$18.00 
4500147977,09/10/2024,2024,Q3,09,10/10/2024,KY,1712,00390,24,Each,10.46,NRP,NRP45415,8.80617E+12,Fresh Powdery Sun Stick SPF50 0.71 oz,$251.04 
4500147977,09/10/2024,2024,Q3,09,10/10/2024,KY,1712,00400,20,Each,3.27,NRP,NRP45742,8.80617E+12,Jeju Spark Cleans Tissue 50 Sheets 205g,$65.40 
4500147977,09/10/2024,2024,Q3,09,10/10/2024,KY,1712,00410,48,Each,5.42,NRP,NRP46216,8.80617E+12,Niacinamide Luminous Skin Ampoule 30 ml,$260.16 
4500147977,09/10/2024,2024,Q3,09,10/10/2024,KY,1712,00420,42,Each,7.08,NRP,NRP46862,8.80617E+12,Argan Essen Hair NoWash Treatmnt 160ml,$297.36 
4500147977,09/10/2024,2024,Q3,09,10/10/2024,KY,1712,00430,12,Each,5.53,NRP,NRP46864,8.80617E+12,Argan Essential Curling Essence 100ml,$66.36 
4500147977,09/10/2024,2024,Q3,09,10/10/2024,KY,1712,00440,180,Each,6.61,PIT,PIT10015,8.80956E+12,Centella Grn LevelEyeCrm 1 floz,"$1,189.80 "
4500147977,09/10/2024,2024,Q3,09,10/10/2024,KY,1712,00450,660,Each,9.26,PIT,PIT10031,8.80956E+12,Centella Unscnt Srm 2 floz,"$6,111.60 "
4500147977,09/10/2024,2024,Q3,09,10/10/2024,KY,1712,00460,120,Each,4.46,PIT,PIT10033,8.80956E+12,Care RcvryCica  51 Ptch,$535.20 
4500147977,09/10/2024,2024,Q3,09,10/10/2024,KY,1712,00470,480,Each,9.05,PIT,PIT10038,8.80956E+12,Deep Sea Pure WtrCrm 1.7 floz,"$4,344.00 "
4500147977,09/10/2024,2024,Q3,09,10/10/2024,KY,1712,00480,144,Each,5.2,PIT,PIT10063,8.80956E+12,DefenceBrrier   5.07 flo,$748.80 
4500147978,09/10/2024,2024,Q3,09,11/12/2024,CA,1710,00010,40,Each,3.24,HBF,HBF94494,8.80962E+12,HBAF Garlic Bread Almond 120 g,$129.60 
4500147978,09/10/2024,2024,Q3,09,11/12/2024,CA,1710,00020,40,Each,3.24,HBF,HBF94451,8.80962E+12,HBAF Baked Corn Almond 120 g,$129.60 
4500147978,09/10/2024,2024,Q3,09,11/12/2024,CA,1710,00030,40,Each,3.24,HBF,HBF94450,8.80962E+12,HBAF Wasabi Almond 120 g,$129.60 
4500147979,09/10/2024,2024,Q3,09,11/12/2024,KY,1712,00010,40,Each,3.24,HBF,HBF94533,8.80962E+12,HBAF Laver Almond 120 g,$129.60 
4500147979,09/10/2024,2024,Q3,09,11/12/2024,KY,1712,00020,20,Each,3.24,HBF,HBF94494,8.80962E+12,HBAF Garlic Bread Almond 120 g,$64.80 
4500147979,09/10/2024,2024,Q3,09,11/12/2024,KY,1712,00030,20,Each,3.24,HBF,HBF94493,8.80962E+12,HBAF Cheongyang Mayo Almond 120 g,$64.80 
4500147979,09/10/2024,2024,Q3,09,11/12/2024,KY,1712,00040,100,Each,3.24,HBF,HBF94451,8.80962E+12,HBAF Baked Corn Almond 120 g,$324.00 
4500147979,09/10/2024,2024,Q3,09,11/12/2024,KY,1712,00050,100,Each,3.24,HBF,HBF94450,8.80962E+12,HBAF Wasabi Almond 120 g,$324.00 
4500147980,09/10/2024,2024,Q3,09,10/10/2024,CA,1710,00010,10,Each,10.4,MUZ,MUZ58026,8.80984E+12,Icy Glow 06 Cheshire 0.18 fl oz,$104.00 
4500147980,09/10/2024,2024,Q3,09,10/10/2024,CA,1710,00020,15,Each,10.4,MUZ,MUZ58032,8.80984E+12,Objct Liq Lip Tnt 012 Symbol .20 floz,$156.00 
4500147980,09/10/2024,2024,Q3,09,10/10/2024,CA,1710,00030,15,Each,10.4,MUZ,MUZ58036,8.80984E+12,Objct Liq Lip Tnt 016 After .20 floz,$156.00 
4500147980,09/10/2024,2024,Q3,09,10/10/2024,CA,1710,00040,15,Each,10.4,MUZ,MUZ58045,8.80984E+12,Objct Mat Lip Tnt 005 Diva .20 floz,$156.00 
4500147981,09/10/2024,2024,Q3,09,10/10/2024,KY,1712,00010,15,Each,10.4,MUZ,MUZ58033,8.80984E+12,Objct Liq Lip Tnt 013 Appeal .20 floz,$156.00 
4500147981,09/10/2024,2024,Q3,09,10/10/2024,KY,1712,00020,15,Each,10.4,MUZ,MUZ58052,8.80984E+12,Fitting Blush 02 Kinda 5 g,$156.00 
4500147987,09/10/2024,2024,Q3,09,09/25/2024,KY,1712,00010,160,Each,5.01,APB,APB68267,8.80987E+12,Glutath Niacinamide Ampoule Serum 40ml,$801.60 
4500147987,09/10/2024,2024,Q3,09,09/25/2024,KY,1712,00020,144,Each,5.01,APB,APB68268,8.80987E+12,Glutath Niacinamide Facial Cream 55ml,$721.44 
4500147987,09/10/2024,2024,Q3,09,09/25/2024,KY,1712,00030,200,Each,0.56,APB,APB68269,8.80987E+12,Glutath Niacinamide Sheet Mask 25ml,$112.00 
4500147987,09/10/2024,2024,Q3,09,09/25/2024,KY,1712,00040,120,Each,5.01,APB,APB68270,8.80987E+12,Glutath Niacinamide Facial Toner 160ml,$601.20 
4500147987,09/10/2024,2024,Q3,09,09/25/2024,KY,1712,00050,72,Each,5.01,APB,APB68271,8.80987E+12,Glutath Niacinamide Mist Essence 105ml,$360.72 
4500147987,09/10/2024,2024,Q3,09,09/25/2024,KY,1712,00060,105,Each,5.01,APB,APB68272,8.80987E+12,Glutath Niacinamide Fac Cleanser 80ml,$526.05 
4500147987,09/10/2024,2024,Q3,09,09/25/2024,KY,1712,00070,208,Each,5.01,APB,APB68273,8.80987E+12,Glutath Niacinamide Body Wash 300ml,"$1,042.08 "
4500147987,09/10/2024,2024,Q3,09,09/25/2024,KY,1712,00080,240,Each,5.01,APB,APB68274,8.80987E+12,Glutath Niacinamide Body Lotion 300ml,"$1,202.40 "
4500147987,09/10/2024,2024,Q3,09,09/25/2024,KY,1712,00090,100,Each,5.01,APB,APB68275,8.80987E+12,Glutath Niacinamide Eye Cream 20ml,$501.00 
4500147987,09/10/2024,2024,Q3,09,09/25/2024,KY,1712,00100,90,Each,5.01,APB,APB68276,8.80987E+12,Glutath Niacinamide Sunscreen 40ml,$450.90 
4500147988,09/10/2024,2024,Q3,09,09/20/2024,CA,1710,00010,240,Each,5.01,APB,APB68267,8.80987E+12,Glutath Niacinamide Ampoule Serum 40ml,"$1,202.40 "
4500147988,09/10/2024,2024,Q3,09,09/20/2024,CA,1710,00020,288,Each,5.01,APB,APB68268,8.80987E+12,Glutath Niacinamide Facial Cream 55ml,"$1,442.88 "
4500147988,09/10/2024,2024,Q3,09,09/20/2024,CA,1710,00030,400,Each,0.56,APB,APB68269,8.80987E+12,Glutath Niacinamide Sheet Mask 25ml,$224.00 
4500147988,09/10/2024,2024,Q3,09,09/20/2024,CA,1710,00040,220,Each,5.01,APB,APB68270,8.80987E+12,Glutath Niacinamide Facial Toner 160ml,"$1,102.20 "
4500147988,09/10/2024,2024,Q3,09,09/20/2024,CA,1710,00050,144,Each,5.01,APB,APB68271,8.80987E+12,Glutath Niacinamide Mist Essence 105ml,$721.44 
4500147988,09/10/2024,2024,Q3,09,09/20/2024,CA,1710,00060,147,Each,5.01,APB,APB68272,8.80987E+12,Glutath Niacinamide Fac Cleanser 80ml,$736.47 
4500147988,09/10/2024,2024,Q3,09,09/20/2024,CA,1710,00070,224,Each,5.01,APB,APB68273,8.80987E+12,Glutath Niacinamide Body Wash 300ml,"$1,122.24 "
4500147988,09/10/2024,2024,Q3,09,09/20/2024,CA,1710,00080,208,Each,5.01,APB,APB68274,8.80987E+12,Glutath Niacinamide Body Lotion 300ml,"$1,042.08 "
4500147988,09/10/2024,2024,Q3,09,09/20/2024,CA,1710,00090,100,Each,5.01,APB,APB68275,8.80987E+12,Glutath Niacinamide Eye Cream 20ml,$501.00 
4500147988,09/10/2024,2024,Q3,09,09/20/2024,CA,1710,00100,170,Each,5.01,APB,APB68276,8.80987E+12,Glutath Niacinamide Sunscreen 40ml,$851.70 
4500150418,09/24/2024,2024,Q3,09,10/24/2024,CA,1710,00010,108,Each,18.46,DMX,DMX48199,8.80989E+12,Pic Shot Pign Correct Calc Cream 25 g,"$1,993.68 "
4500150418,09/24/2024,2024,Q3,09,10/24/2024,CA,1710,00020,108,Each,8.96,DMX,DMX48005,8.80989E+12,TX Peeling Toner 5.07 fl oz (150 ml),$967.68 
4500150418,09/24/2024,2024,Q3,09,10/24/2024,CA,1710,00030,72,Each,22.18,DMX,DMX48198,8.80989E+12,Pic Shot Pig Correct Calc Ample 30ml,"$1,596.96 "
4500150418,09/24/2024,2024,Q3,09,10/24/2024,CA,1710,00040,60,Each,25.78,DMX,DMX48193,8.80989E+12,Eyephalt Eyecream For Eyebags 10ml,"$1,546.80 "
4500150418,09/24/2024,2024,Q3,09,10/24/2024,CA,1710,00050,120,Each,7.53,DMX,DMX48186,8.80989E+12,Bond Clin I Prot Bond Rem Shampoo 400ml,$903.60 
4500150418,09/24/2024,2024,Q3,09,10/24/2024,CA,1710,00060,60,Each,15.07,DMX,DMX48184,8.80989E+12,TX Ret Double Effect Eye Cream 40g,$904.20 
4500150418,09/24/2024,2024,Q3,09,10/24/2024,CA,1710,00070,78,Each,22.18,DMX,DMX48171,8.80989E+12,EX Volume Firming 30 ml,"$1,730.04 "
4500150418,09/24/2024,2024,Q3,09,10/24/2024,CA,1710,00080,78,Each,17.69,DMX,DMX48170,8.80989E+12,Exosome Repair Ampoule Plus 40 ml,"$1,379.82 "
4500150418,09/24/2024,2024,Q3,09,10/24/2024,CA,1710,00090,72,Each,12.34,DMX,DMX48167,8.80989E+12,Calcium Dark Spot Eye Cream 15 g,$888.48 
4500150418,09/24/2024,2024,Q3,09,10/24/2024,CA,1710,00100,78,Each,12.34,DMX,DMX48165,8.80989E+12,ECM Neck Barrier Ampoule 1.5 ml 10 ea,$962.52 
4500150418,09/24/2024,2024,Q3,09,10/24/2024,CA,1710,00110,84,Each,17.69,DMX,DMX48164,8.80989E+12,ECM Neck Barrier Cream 1.69 fl oz,"$1,485.96 "
4500150418,09/24/2024,2024,Q3,09,10/24/2024,CA,1710,00120,60,Each,5.58,DMX,DMX48157,8.80989E+12,Exosome Repair Mask Pack 30 g x 5 Ea,$334.80 
4500150418,09/24/2024,2024,Q3,09,10/24/2024,CA,1710,00130,66,Each,10.49,DMX,DMX48148,8.80989E+12,Oyster Pep-3 Renewal Oil Mist 100 ml,$692.34 
4500150418,09/24/2024,2024,Q3,09,10/24/2024,CA,1710,00140,66,Each,5.58,DMX,DMX48147,8.80989E+12,Oyster Pep-3 Renewal Mask Pck 3 g 5 Ea,$368.28 
4500150418,09/24/2024,2024,Q3,09,10/24/2024,CA,1710,00150,84,Each,15.07,DMX,DMX48145,8.80989E+12,Oyster Pep-3 Renewal Cream  50 ml,"$1,265.88 "
4500150418,09/24/2024,2024,Q3,09,10/24/2024,CA,1710,00160,72,Each,17.69,DMX,DMX48144,8.80989E+12,Oyster Pep3 Renewal Ampoule (30 ml),"$1,273.68 "
4500150418,09/24/2024,2024,Q3,09,10/24/2024,CA,1710,00170,72,Each,12.34,DMX,DMX48135,8.80989E+12,Papaya Powder Wash 1.7 oz (50 g),$888.48 
4500150418,09/24/2024,2024,Q3,09,10/24/2024,CA,1710,00180,60,Each,7.53,DMX,DMX48134,8.80989E+12,Exosome Repair Toner 300 ml,$451.80 
4500150418,09/24/2024,2024,Q3,09,10/24/2024,CA,1710,00190,84,Each,18.46,DMX,DMX48115,8.80989E+12,EX Volume Firm Calcium Int Cream 50ml,"$1,550.64 "
4500150418,09/24/2024,2024,Q3,09,10/24/2024,CA,1710,00200,72,Each,15.07,DMX,DMX48109,8.80989E+12,Exosome Repair Cream 50 ml,"$1,085.04 "
4500150418,09/24/2024,2024,Q3,09,10/24/2024,CA,1710,00210,72,Each,15.4,DMX,DMX48086,8.80989E+12,TX Ampoule Rx 1.01 fl oz (30 ml),"$1,108.80 "
4500150419,09/24/2024,2024,Q3,09,10/24/2024,KY,1712,00010,54,Each,18.46,DMX,DMX48199,8.80989E+12,Pic Shot Pign Correct Calc Cream 25 g,$996.84 
4500150419,09/24/2024,2024,Q3,09,10/24/2024,KY,1712,00020,36,Each,22.18,DMX,DMX48198,8.80989E+12,Pic Shot Pig Correct Calc Ample 30ml,$798.48 
4500150419,09/24/2024,2024,Q3,09,10/24/2024,KY,1712,00030,30,Each,25.78,DMX,DMX48193,8.80989E+12,Eyephalt Eyecream For Eyebags 10ml,$773.40 
4500150419,09/24/2024,2024,Q3,09,10/24/2024,KY,1712,00040,60,Each,7.53,DMX,DMX48186,8.80989E+12,Bond Clin I Prot Bond Rem Shampoo 400ml,$451.80 
4500150419,09/24/2024,2024,Q3,09,10/24/2024,KY,1712,00050,30,Each,15.07,DMX,DMX48184,8.80989E+12,TX Ret Double Effect Eye Cream 40g,$452.10 
4500150419,09/24/2024,2024,Q3,09,10/24/2024,KY,1712,00060,39,Each,22.18,DMX,DMX48171,8.80989E+12,EX Volume Firming 30 ml,$865.02 
4500150419,09/24/2024,2024,Q3,09,10/24/2024,KY,1712,00070,39,Each,17.69,DMX,DMX48170,8.80989E+12,Exosome Repair Ampoule Plus 40 ml,$689.91 
4500150419,09/24/2024,2024,Q3,09,10/24/2024,KY,1712,00080,36,Each,12.34,DMX,DMX48167,8.80989E+12,Calcium Dark Spot Eye Cream 15 g,$444.24 
4500150419,09/24/2024,2024,Q3,09,10/24/2024,KY,1712,00090,39,Each,12.34,DMX,DMX48165,8.80989E+12,ECM Neck Barrier Ampoule 1.5 ml 10 ea,$481.26 
4500150419,09/24/2024,2024,Q3,09,10/24/2024,KY,1712,00100,42,Each,17.69,DMX,DMX48164,8.80989E+12,ECM Neck Barrier Cream 1.69 fl oz,$742.98 
4500150419,09/24/2024,2024,Q3,09,10/24/2024,KY,1712,00110,30,Each,5.58,DMX,DMX48157,8.80989E+12,Exosome Repair Mask Pack 30 g x 5 Ea,$167.40 
4500150419,09/24/2024,2024,Q3,09,10/24/2024,KY,1712,00120,33,Each,10.49,DMX,DMX48148,8.80989E+12,Oyster Pep-3 Renewal Oil Mist 100 ml,$346.17 
4500150419,09/24/2024,2024,Q3,09,10/24/2024,KY,1712,00130,33,Each,5.58,DMX,DMX48147,8.80989E+12,Oyster Pep-3 Renewal Mask Pck 3 g 5 Ea,$184.14 
4500150419,09/24/2024,2024,Q3,09,10/24/2024,KY,1712,00140,42,Each,15.07,DMX,DMX48145,8.80989E+12,Oyster Pep-3 Renewal Cream  50 ml,$632.94 
4500150419,09/24/2024,2024,Q3,09,10/24/2024,KY,1712,00150,36,Each,17.69,DMX,DMX48144,8.80989E+12,Oyster Pep3 Renewal Ampoule (30 ml),$636.84 
4500150419,09/24/2024,2024,Q3,09,10/24/2024,KY,1712,00160,36,Each,12.34,DMX,DMX48135,8.80989E+12,Papaya Powder Wash 1.7 oz (50 g),$444.24 
4500150419,09/24/2024,2024,Q3,09,10/24/2024,KY,1712,00170,30,Each,7.53,DMX,DMX48134,8.80989E+12,Exosome Repair Toner 300 ml,$225.90 
4500150419,09/24/2024,2024,Q3,09,10/24/2024,KY,1712,00180,42,Each,18.46,DMX,DMX48115,8.80989E+12,EX Volume Firm Calcium Int Cream 50ml,$775.32 
4500150419,09/24/2024,2024,Q3,09,10/24/2024,KY,1712,00190,36,Each,15.07,DMX,DMX48109,8.80989E+12,Exosome Repair Cream 50 ml,$542.52 
4500150419,09/24/2024,2024,Q3,09,10/24/2024,KY,1712,00200,36,Each,15.4,DMX,DMX48086,8.80989E+12,TX Ampoule Rx 1.01 fl oz (30 ml),$554.40 
4500150419,09/24/2024,2024,Q3,09,10/24/2024,KY,1712,00210,54,Each,8.96,DMX,DMX48005,8.80989E+12,TX Peeling Toner 5.07 fl oz (150 ml),$483.84 
4500151311,09/27/2024,2024,Q3,09,10/28/2024,CA,1710,00010,72,Each,12,PIT,PIT10212,8.80956E+12,Dermide Relf Barrier Msturiz 3.38 fl oz,$864.00 
4500151311,09/27/2024,2024,Q3,09,10/28/2024,CA,1710,00020,60,Each,1.71,NRP,NRP43830,8.80617E+12,Frsh Herb Snail Cleans Foam 5.74 floz,$102.60 
4500151311,09/27/2024,2024,Q3,09,10/28/2024,CA,1710,00030,140,Each,9.92,PIT,PIT10201,8.80956E+12,Galacto Niacin 97 Power Essence 2 fl oz,"$1,388.80 "
4500151311,09/27/2024,2024,Q3,09,10/28/2024,CA,1710,00040,70,Each,5.47,PIT,PIT10143,8.80956E+12,CICA CLEARING BBCRM 31 DEEP WARM 1oz,$382.90 
4500151311,09/27/2024,2024,Q3,09,10/28/2024,CA,1710,00050,70,Each,5.47,PIT,PIT10141,8.80956E+12,CICA CLEARING BBCRM 13 NEUTRALIVORY 1oz,$382.90 
4500151311,09/27/2024,2024,Q3,09,10/28/2024,CA,1710,00060,80,Each,0.45,NRP,NRP44938,8.80617E+12,REAL NATURE TOMATO MASK SHEET 23ml,$36.00 
4500151311,09/27/2024,2024,Q3,09,10/28/2024,CA,1710,00070,225,Each,7.29,PIT,PIT10105,8.80956E+12,OATIN CALMING GEL CREAM 100ml,"$1,640.25 "
4500151311,09/27/2024,2024,Q3,09,10/28/2024,CA,1710,00080,22,Each,5.13,SRI,SRI99720,8.80908E+12,More Than Lip Balm 4g,$112.86 
4500151311,09/27/2024,2024,Q3,09,10/28/2024,CA,1710,00090,40,Each,0.45,NRP,NRP44948,8.80617E+12,REAL NATURE TEA TREE MASK SHEET 23ml,$18.00 
4500151311,09/27/2024,2024,Q3,09,10/28/2024,CA,1710,00100,36,Each,1.71,NRP,NRP43829,8.80617E+12,Frsh Herb Aloe Cleans Foam 5.74 floz,$61.56 
4500151311,09/27/2024,2024,Q3,09,10/28/2024,CA,1710,00110,75,Each,9.92,PIT,PIT10213,8.80956E+12,Dermd Cica Barrier Sleep Pack2.7 fl oz,$744.00 
4500151311,09/27/2024,2024,Q3,09,10/28/2024,CA,1710,00120,60,Each,2.96,NRP,NRP42355,8.80617E+12,BAMBOO CHARCOAL MUD PACK 150g,$177.60 
4500151311,09/27/2024,2024,Q3,09,10/28/2024,CA,1710,00130,168,Each,9.61,PIT,PIT10247,8.80956E+12,Centella Unscented Recovery Cream 50ml,"$1,614.48 "
4500151311,09/27/2024,2024,Q3,09,10/28/2024,CA,1710,00140,72,Each,9.93,PIT,PIT10253,8.80956E+12,From Green Cleansing Oil 6.76 fl oz,$714.96 
4500151311,09/27/2024,2024,Q3,09,10/28/2024,CA,1710,00150,28,Each,11.48,PIT,PIT10256,8.80956E+12,Oatin Silky Toner 6.76 fl oz,$321.44 
4500151311,09/27/2024,2024,Q3,09,10/28/2024,CA,1710,00160,126,Each,12.53,PIT,PIT10257,8.80956E+12,Oatin Intense Cream 5.07 fl oz,"$1,578.78 "
4500151311,09/27/2024,2024,Q3,09,10/28/2024,CA,1710,00170,18,Each,10.38,PIT,PIT10276,8.80956E+12,Clear Code Superfruit Cleanser 150 ml,$186.84 
4500151311,09/27/2024,2024,Q3,09,10/28/2024,CA,1710,00180,16,Each,8.53,PIT,PIT10279,8.80956E+12,From Grn Avocado Cleansing Balm 100ml,$136.48 
4500151311,09/27/2024,2024,Q3,09,10/28/2024,CA,1710,00190,40,Each,2.39,NRP,NRP48296,8.80617E+12,Aloe Vera Cleansing Tissue 80 Shts,$95.60 
4500151311,09/27/2024,2024,Q3,09,10/28/2024,CA,1710,00200,12,Each,6.8,NRP,NRP47942,8.80617E+12,Herbology Lav FootCrm 70ml,$81.60 
4500151311,09/27/2024,2024,Q3,09,10/28/2024,CA,1710,00210,20,Each,9.26,PIT,PIT10014,8.80956E+12,Centella Grn LevelBuffet Srm 2 floz,$185.20 
4500151311,09/27/2024,2024,Q3,09,10/28/2024,CA,1710,00220,84,Each,4.45,NRP,NRP47490,8.80617E+12,Jeju Sparkling Mud Foam Cleanser 150ml,$373.80 
4500151311,09/27/2024,2024,Q3,09,10/28/2024,CA,1710,00230,45,Each,6.61,PIT,PIT10015,8.80956E+12,Centella Grn LevelEyeCrm 1 floz,$297.45 
4500151311,09/27/2024,2024,Q3,09,10/28/2024,CA,1710,00240,12,Each,6.1,NRP,NRP47192,8.80617E+12,Calendula Forest GardnDpClnsngOil 200ml,$73.20 
4500151311,09/27/2024,2024,Q3,09,10/28/2024,CA,1710,00250,460,Each,9.26,PIT,PIT10031,8.80956E+12,Centella Unscnt Srm 2 floz,"$4,259.60 "
4500151311,09/27/2024,2024,Q3,09,10/28/2024,CA,1710,00260,16,Each,6.53,NRP,NRP46868,8.80617E+12,Argan Essential Deep Care Cond 300ml,$104.48 
4500151311,09/27/2024,2024,Q3,09,10/28/2024,CA,1710,00270,18,Each,10.98,PIT,PIT10034,8.80956E+12,Centella Unscented Toner 200 ml,$197.64 
4500151311,09/27/2024,2024,Q3,09,10/28/2024,CA,1710,00280,48,Each,9.63,PIT,PIT10039,8.80956E+12,SeaBuckthorn V  1.7 floz,$462.24 
4500151311,09/27/2024,2024,Q3,09,10/28/2024,CA,1710,00290,32,Each,4.42,NRP,NRP46865,8.80617E+12,Argan Essential Moist Hair Mist 220ml,$141.44 
4500151311,09/27/2024,2024,Q3,09,10/28/2024,CA,1710,00300,105,Each,6.08,PIT,PIT10070,8.80956E+12,Cica Clring BB CrmSPF38PA#211.0floz,$638.40 
4500151311,09/27/2024,2024,Q3,09,10/28/2024,CA,1710,00310,36,Each,4.18,PIT,PIT10075,8.80956E+12,Bamboo Charcoal Konjac Sponge 1pc,$150.48 
4500151311,09/27/2024,2024,Q3,09,10/28/2024,CA,1710,00320,12,Each,7.08,NRP,NRP46862,8.80617E+12,Argan Essen Hair NoWash Treatmnt 160ml,$84.96 
4500151311,09/27/2024,2024,Q3,09,10/28/2024,CA,1710,00330,24,Each,4.97,NRP,NRP46861,8.80617E+12,Argan Essential DeepCareHairPack 200ml,$119.28 
4500151311,09/27/2024,2024,Q3,09,10/28/2024,CA,1710,00340,96,Each,12,PIT,PIT10096,8.80956E+12,DAILY GOTO SUNSCREEN 60ml,"$1,152.00 "
4500151311,09/27/2024,2024,Q3,09,10/28/2024,CA,1710,00350,54,Each,9.57,PIT,PIT10100,8.80956E+12,CENTELLA GREEN LEVEL CALM TONER 200ml,$516.78 
4500151311,09/27/2024,2024,Q3,09,10/28/2024,CA,1710,00360,80,Each,9.8,TSN,TSN01025,8.80962E+12,Premium TS Treatment 200ml,$784.00 
4500151311,09/27/2024,2024,Q3,09,10/28/2024,CA,1710,00370,20,Each,7.84,TSN,TSN01014,8.80962E+12,TS Chkhan HairColorCream 05DkBrwn 120g,$156.80 
4500151311,09/27/2024,2024,Q3,09,10/28/2024,CA,1710,00380,20,Each,3.27,NRP,NRP45742,8.80617E+12,Jeju Spark Cleans Tissue 50 Sheets 205g,$65.40 
4500151311,09/27/2024,2024,Q3,09,10/28/2024,CA,1710,00390,20,Each,7.84,TSN,TSN01013,8.80962E+12,TS Chkhan Hair Color Cream 03Black 120g,$156.80 
4500151311,09/27/2024,2024,Q3,09,10/28/2024,CA,1710,00400,20,Each,11.53,SRI,SRI99760,8.80908E+12,Organic Hand Lip Care Set 50ml4g,$230.60 
4500151311,09/27/2024,2024,Q3,09,10/28/2024,CA,1710,00410,40,Each,0.45,NRP,NRP45606,8.80617E+12,REAL NATURE OLIVE MASK SHEET 23ml,$18.00 
4500151311,09/27/2024,2024,Q3,09,10/28/2024,CA,1710,00420,12,Each,11.53,SRI,SRI99733,8.80908E+12,Organic Start Trav Kit 30ml20ml30ml7ml,$138.36 
4500151312,09/27/2024,2024,Q3,09,10/28/2024,KY,1712,00010,60,Each,6.09,NRP,NRP48619,8.80617E+12,Real Squeeze Aloe Vera Eye Serum 15ml,$365.40 
4500151312,09/27/2024,2024,Q3,09,10/28/2024,KY,1712,00020,12,Each,10.46,NRP,NRP48620,8.80617E+12,Real Sqze Ale Vera Hydro Eye Ptch 60ea,$125.52 
4500151312,09/27/2024,2024,Q3,09,10/28/2024,KY,1712,00030,24,Each,11.34,NRP,NRP48703,8.80617E+12,Blck Bn Invig Hair Shampoo 10.14 floz,$272.16 
4500151312,09/27/2024,2024,Q3,09,10/28/2024,KY,1712,00040,48,Each,5.16,NRP,NRP49010,8.80617E+12,Mild and Mst Aloe Vera Water Gel 250ml,$247.68 
4500151312,09/27/2024,2024,Q3,09,10/28/2024,KY,1712,00050,135,Each,6.61,PIT,PIT10015,8.80956E+12,Centella Grn LevelEyeCrm 1 floz,$892.35 
4500151312,09/27/2024,2024,Q3,09,10/28/2024,KY,1712,00060,1200,Each,9.26,PIT,PIT10031,8.80956E+12,Centella Unscnt Srm 2 floz,"$11,112.00 "
4500151312,09/27/2024,2024,Q3,09,10/28/2024,KY,1712,00070,120,Each,4.46,PIT,PIT10033,8.80956E+12,Care RcvryCica  51 Ptch,$535.20 
4500151312,09/27/2024,2024,Q3,09,10/28/2024,KY,1712,00080,36,Each,10.98,PIT,PIT10034,8.80956E+12,Centella Unscented Toner 200 ml,$395.28 
4500151312,09/27/2024,2024,Q3,09,10/28/2024,KY,1712,00090,70,Each,6.08,PIT,PIT10068,8.80956E+12,Cica Clrng BB CrmSPF38PA#271.0floz,$425.60 
4500151312,09/27/2024,2024,Q3,09,10/28/2024,KY,1712,00100,350,Each,6.08,PIT,PIT10070,8.80956E+12,Cica Clring BB CrmSPF38PA#211.0floz,"$2,128.00 "
4500151312,09/27/2024,2024,Q3,09,10/28/2024,KY,1712,00110,120,Each,9.63,PIT,PIT10072,8.80956E+12,Pure VtmnCSrm  2 floz,"$1,155.60 "
4500151312,09/27/2024,2024,Q3,09,10/28/2024,KY,1712,00120,84,Each,4.18,PIT,PIT10074,8.80956E+12,Jeju Volcanic Scoria Konjac Sponge 1pc,$351.12 
4500151312,09/27/2024,2024,Q3,09,10/28/2024,KY,1712,00130,60,Each,4.18,PIT,PIT10075,8.80956E+12,Bamboo Charcoal Konjac Sponge 1pc,$250.80 
4500151312,09/27/2024,2024,Q3,09,10/28/2024,KY,1712,00140,120,Each,12,PIT,PIT10096,8.80956E+12,DAILY GOTO SUNSCREEN 60ml,"$1,440.00 "
4500151312,09/27/2024,2024,Q3,09,10/28/2024,KY,1712,00150,54,Each,9.57,PIT,PIT10100,8.80956E+12,CENTELLA GREEN LEVEL CALM TONER 200ml,$516.78 
4500151312,09/27/2024,2024,Q3,09,10/28/2024,KY,1712,00160,40,Each,9.8,TSN,TSN01025,8.80962E+12,Premium TS Treatment 200ml,$392.00 
4500151312,09/27/2024,2024,Q3,09,10/28/2024,KY,1712,00170,30,Each,7.84,TSN,TSN01017,8.80962E+12,TS Chkhan HairColorCream 07LtBrwn 120g,$235.20 
4500151312,09/27/2024,2024,Q3,09,10/28/2024,KY,1712,00180,50,Each,7.84,TSN,TSN01014,8.80962E+12,TS Chkhan HairColorCream 05DkBrwn 120g,$392.00 
4500151312,09/27/2024,2024,Q3,09,10/28/2024,KY,1712,00190,50,Each,7.84,TSN,TSN01013,8.80962E+12,TS Chkhan Hair Color Cream 03Black 120g,$392.00 
4500151312,09/27/2024,2024,Q3,09,10/28/2024,KY,1712,00200,16,Each,10.25,SRI,SRI99708,8.80908E+12,Cleanse Me Softly Milk Cleanser 200ml,$164.00 
4500151312,09/27/2024,2024,Q3,09,10/28/2024,KY,1712,00210,16,Each,9.4,SRI,SRI99705,8.80908E+12,Time Is Running Out Mist 100ml,$150.40 
4500151312,09/27/2024,2024,Q3,09,10/28/2024,KY,1712,00220,550,Each,7.29,PIT,PIT10105,8.80956E+12,OATIN CALMING GEL CREAM 100ml,"$4,009.50 "
4500151312,09/27/2024,2024,Q3,09,10/28/2024,KY,1712,00230,140,Each,5.47,PIT,PIT10141,8.80956E+12,CICA CLEARING BBCRM 13 NEUTRALIVORY 1oz,$765.80 
4500151312,09/27/2024,2024,Q3,09,10/28/2024,KY,1712,00240,35,Each,5.47,PIT,PIT10142,8.80956E+12,CICA CLEARING BBCRM 15 ROSE IVORY 1oz,$191.45 
4500151312,09/27/2024,2024,Q3,09,10/28/2024,KY,1712,00250,35,Each,5.47,PIT,PIT10143,8.80956E+12,CICA CLEARING BBCRM 31 DEEP WARM 1oz,$191.45 
4500151312,09/27/2024,2024,Q3,09,10/28/2024,KY,1712,00260,60,Each,9.92,PIT,PIT10201,8.80956E+12,Galacto Niacin 97 Power Essence 2 fl oz,$595.20 
4500151312,09/27/2024,2024,Q3,09,10/28/2024,KY,1712,00270,144,Each,12,PIT,PIT10212,8.80956E+12,Dermide Relf Barrier Msturiz 3.38 fl oz,"$1,728.00 "
4500151312,09/27/2024,2024,Q3,09,10/28/2024,KY,1712,00280,60,Each,9.92,PIT,PIT10213,8.80956E+12,Dermd Cica Barrier Sleep Pack2.7 fl oz,$595.20 
4500151312,09/27/2024,2024,Q3,09,10/28/2024,KY,1712,00290,32,Each,6.16,PIT,PIT10219,8.80956E+12,Relief Cleansing Bar 3.52 oz,$197.12 
4500151312,09/27/2024,2024,Q3,09,10/28/2024,KY,1712,00300,56,Each,11.48,PIT,PIT10256,8.80956E+12,Oatin Silky Toner 6.76 fl oz,$642.88 
4500151312,09/27/2024,2024,Q3,09,10/28/2024,KY,1712,00310,140,Each,12.53,PIT,PIT10257,8.80956E+12,Oatin Intense Cream 5.07 fl oz,"$1,754.20 "
4500151312,09/27/2024,2024,Q3,09,10/28/2024,KY,1712,00320,32,Each,8.53,PIT,PIT10279,8.80956E+12,From Grn Avocado Cleansing Balm 100ml,$272.96 
4500151312,09/27/2024,2024,Q3,09,10/28/2024,KY,1712,00330,90,Each,9.7,PIT,PIT10306,8.80956E+12,Timeless Bloom Retinol Spot Cream 30ml,$873.00 
4500151312,09/27/2024,2024,Q3,09,10/28/2024,KY,1712,00340,342,Each,9.83,PIT,PIT10307,8.80956E+12,Sft Tch Sunscreen Urban Def SPF50 60ml,"$3,361.86 "
4500151312,09/27/2024,2024,Q3,09,10/28/2024,KY,1712,00350,60,Each,3.27,NRP,NRP45742,8.80617E+12,Jeju Spark Cleans Tissue 50 Sheets 205g,$196.20 
4500151312,09/27/2024,2024,Q3,09,10/28/2024,KY,1712,00360,40,Each,0.45,NRP,NRP45607,8.80617E+12,REAL NATURE SHEA BUTTER MASK SHEET 23ml,$18.00 
4500151312,09/27/2024,2024,Q3,09,10/28/2024,KY,1712,00370,64,Each,5.42,NRP,NRP46216,8.80617E+12,Niacinamide Luminous Skin Ampoule 30 ml,$346.88 
4500151312,09/27/2024,2024,Q3,09,10/28/2024,KY,1712,00380,32,Each,5.42,NRP,NRP46220,8.80617E+12,Collagen Skin Elasticity Ampoule 30 ml,$173.44 
4500151312,09/27/2024,2024,Q3,09,10/28/2024,KY,1712,00390,32,Each,5.42,NRP,NRP46222,8.80617E+12,Vitamin E Glossy Skin Ampoule 30 ml,$173.44 
4500151312,09/27/2024,2024,Q3,09,10/28/2024,KY,1712,00400,36,Each,6.03,NRP,NRP46863,8.80617E+12,Argan Essential Deep Care Hair Ess 80ml,$217.08 
4500151312,09/27/2024,2024,Q3,09,10/28/2024,KY,1712,00410,80,Each,0.45,NRP,NRP45606,8.80617E+12,REAL NATURE OLIVE MASK SHEET 23ml,$36.00 
4500151312,09/27/2024,2024,Q3,09,10/28/2024,KY,1712,00420,120,Each,0.45,NRP,NRP44948,8.80617E+12,REAL NATURE TEA TREE MASK SHEET 23ml,$54.00 
4500151312,09/27/2024,2024,Q3,09,10/28/2024,KY,1712,00430,80,Each,0.45,NRP,NRP44946,8.80617E+12,REAL NATURE ROSE MASK SHEET 23ml,$36.00 
4500151312,09/27/2024,2024,Q3,09,10/28/2024,KY,1712,00440,80,Each,0.45,NRP,NRP44938,8.80617E+12,REAL NATURE TOMATO MASK SHEET 23ml,$36.00 
4500151312,09/27/2024,2024,Q3,09,10/28/2024,KY,1712,00450,80,Each,0.45,NRP,NRP44935,8.80617E+12,REAL NATURE ROYAL JELLY MASK SHEET 23ml,$36.00 
4500151312,09/27/2024,2024,Q3,09,10/28/2024,KY,1712,00460,30,Each,5.53,NRP,NRP46864,8.80617E+12,Argan Essential Curling Essence 100ml,$165.90 
4500151312,09/27/2024,2024,Q3,09,10/28/2024,KY,1712,00470,48,Each,4.42,NRP,NRP46865,8.80617E+12,Argan Essential Moist Hair Mist 220ml,$212.16 
4500151312,09/27/2024,2024,Q3,09,10/28/2024,KY,1712,00480,184,Each,6.53,NRP,NRP46867,8.80617E+12,Argan Essential Deep Care Shampoo 300ml,"$1,201.52 "
4500151312,09/27/2024,2024,Q3,09,10/28/2024,KY,1712,00490,80,Each,6.53,NRP,NRP46868,8.80617E+12,Argan Essential Deep Care Cond 300ml,$522.40 
4500151312,09/27/2024,2024,Q3,09,10/28/2024,KY,1712,00500,24,Each,8.28,NRP,NRP47345,8.80617E+12,Shea Butter Ultra Steam Crm 3.38 fl oz,$198.72 
4500151312,09/27/2024,2024,Q3,09,10/28/2024,KY,1712,00510,24,Each,3.46,NRP,NRP47552,8.80617E+12,Body Peeling Mist Peach Scent 300 ml,$83.04 
4500151312,09/27/2024,2024,Q3,09,10/28/2024,KY,1712,00520,12,Each,3.46,NRP,NRP47553,8.80617E+12,Body Peel Mist Cotton Scnt 10.14 floz,$41.52 
4500151312,09/27/2024,2024,Q3,09,10/28/2024,KY,1712,00530,18,Each,6.8,NRP,NRP47941,8.80617E+12,Herbology Molokhia Dp Moist Crm 70ml,$122.40 
4500151312,09/27/2024,2024,Q3,09,10/28/2024,KY,1712,00540,12,Each,8.49,NRP,NRP48264,8.80617E+12,Vitapair C Vitamin Peeling Gel 120ml,$101.88 
4500151312,09/27/2024,2024,Q3,09,10/28/2024,KY,1712,00550,70,Each,2.39,NRP,NRP48296,8.80617E+12,Aloe Vera Cleansing Tissue 80 Shts,$167.30 
4500151312,09/27/2024,2024,Q3,09,10/28/2024,KY,1712,00560,84,Each,1.71,NRP,NRP43831,8.80617E+12,Frsh Herb Peach Cleans Foam 5.74 floz,$143.64 
4500151312,09/27/2024,2024,Q3,09,10/28/2024,KY,1712,00570,120,Each,1.71,NRP,NRP43830,8.80617E+12,Frsh Herb Snail Cleans Foam 5.74 floz,$205.20 
4500151312,09/27/2024,2024,Q3,09,10/28/2024,KY,1712,00580,60,Each,1.71,NRP,NRP43829,8.80617E+12,Frsh Herb Aloe Cleans Foam 5.74 floz,$102.60 
4500151312,09/27/2024,2024,Q3,09,10/28/2024,KY,1712,00590,12,Each,2.96,NRP,NRP42355,8.80617E+12,BAMBOO CHARCOAL MUD PACK 150g,$35.52 
4500151312,09/27/2024,2024,Q3,09,10/28/2024,KY,1712,00600,12,Each,10.9,NRP,NRP48603,8.80617E+12,Kombuch Blck Tea Treat Emul 4.39 floz,$130.80 
4500151313,09/27/2024,2024,Q3,09,11/26/2024,CA,1710,00010,40,Each,3.24,HBF,HBF94578,8.80962E+12,HBAF Roasted Onion Almond 120 g,$129.60 
4500151313,09/27/2024,2024,Q3,09,11/26/2024,CA,1710,00020,60,Each,3.24,HBF,HBF94533,8.80962E+12,HBAF Laver Almond 120 g,$194.40 
4500151313,09/27/2024,2024,Q3,09,11/26/2024,CA,1710,00030,60,Each,3.24,HBF,HBF94494,8.80962E+12,HBAF Garlic Bread Almond 120 g,$194.40 
4500151313,09/27/2024,2024,Q3,09,11/26/2024,CA,1710,00040,60,Each,3.24,HBF,HBF94493,8.80962E+12,HBAF Cheongyang Mayo Almond 120 g,$194.40 
4500151313,09/27/2024,2024,Q3,09,11/26/2024,CA,1710,00050,60,Each,3.24,HBF,HBF94478,8.80962E+12,HBAF Tteokbokki Almond 120 g,$194.40 
4500151313,09/27/2024,2024,Q3,09,11/26/2024,CA,1710,00060,60,Each,3.24,HBF,HBF94477,8.80962E+12,HBAF Hot & Spicy Chicken Almond 120 g,$194.40 
4500151313,09/27/2024,2024,Q3,09,11/26/2024,CA,1710,00070,100,Each,3.24,HBF,HBF94451,8.80962E+12,HBAF Baked Corn Almond 120 g,$324.00 
4500151313,09/27/2024,2024,Q3,09,11/26/2024,CA,1710,00080,40,Each,3.24,HBF,HBF94450,8.80962E+12,HBAF Wasabi Almond 120 g,$129.60 
4500151313,09/27/2024,2024,Q3,09,11/26/2024,CA,1710,00090,120,Each,3.24,HBF,HBF94449,8.80962E+12,HBAF Honey Butter Almond 120 g,$388.80 
4500151313,09/27/2024,2024,Q3,09,11/26/2024,CA,1710,00100,120,Each,3.24,HBF,HBF94201,8.80962E+12,HBAF Caramel Salt Almond & Pretzel 120g,$388.80 
4500151314,09/27/2024,2024,Q3,09,11/26/2024,KY,1712,00010,40,Each,3.24,HBF,HBF94578,8.80962E+12,HBAF Roasted Onion Almond 120 g,$129.60 
4500151314,09/27/2024,2024,Q3,09,11/26/2024,KY,1712,00020,40,Each,3.24,HBF,HBF94533,8.80962E+12,HBAF Laver Almond 120 g,$129.60 
4500151314,09/27/2024,2024,Q3,09,11/26/2024,KY,1712,00030,100,Each,3.24,HBF,HBF94494,8.80962E+12,HBAF Garlic Bread Almond 120 g,$324.00 
4500151314,09/27/2024,2024,Q3,09,11/26/2024,KY,1712,00040,40,Each,3.24,HBF,HBF94493,8.80962E+12,HBAF Cheongyang Mayo Almond 120 g,$129.60 
4500151314,09/27/2024,2024,Q3,09,11/26/2024,KY,1712,00050,60,Each,3.24,HBF,HBF94478,8.80962E+12,HBAF Tteokbokki Almond 120 g,$194.40 
4500151314,09/27/2024,2024,Q3,09,11/26/2024,KY,1712,00060,40,Each,3.24,HBF,HBF94477,8.80962E+12,HBAF Hot & Spicy Chicken Almond 120 g,$129.60 
4500151314,09/27/2024,2024,Q3,09,11/26/2024,KY,1712,00070,80,Each,3.24,HBF,HBF94201,8.80962E+12,HBAF Caramel Salt Almond & Pretzel 120g,$259.20 
4500151314,09/27/2024,2024,Q3,09,11/26/2024,KY,1712,00080,120,Each,3.24,HBF,HBF94449,8.80962E+12,HBAF Honey Butter Almond 120 g,$388.80 
4500151315,09/27/2024,2024,Q3,09,10/28/2024,CA,1710,00010,15,Each,10.4,MUZ,MUZ58005,8.80984E+12,Objct Liq Lip Tnt 005 Stunning .20 floz,$156.00 
4500151315,09/27/2024,2024,Q3,09,10/28/2024,CA,1710,00020,70,Each,5.01,APB,APB68276,8.80987E+12,Glutath Niacinamide Sunscreen 40ml,$350.70 
4500151315,09/27/2024,2024,Q3,09,10/28/2024,CA,1710,00030,15,Each,10.4,MUZ,MUZ58041,8.80984E+12,Objct Mat Lip Tnt 001 Signatre .20 floz,$156.00 
4500151315,09/27/2024,2024,Q3,09,10/28/2024,CA,1710,00040,128,Each,5.01,APB,APB68274,8.80987E+12,Glutath Niacinamide Body Lotion 300ml,$641.28 
4500151315,09/27/2024,2024,Q3,09,10/28/2024,CA,1710,00050,120,Each,5.01,APB,APB68267,8.80987E+12,Glutath Niacinamide Ampoule Serum 40ml,$601.20 
4500151315,09/27/2024,2024,Q3,09,10/28/2024,CA,1710,00060,30,Each,10.4,MUZ,MUZ58047,8.80984E+12,Objct Mat Lip Tnt 007 Rare.20 floz,$312.00 
4500151315,09/27/2024,2024,Q3,09,10/28/2024,CA,1710,00070,100,Each,0.56,APB,APB68269,8.80987E+12,Glutath Niacinamide Sheet Mask 25ml,$56.00 
4500151315,09/27/2024,2024,Q3,09,10/28/2024,CA,1710,00080,72,Each,5.01,APB,APB68271,8.80987E+12,Glutath Niacinamide Mist Essence 105ml,$360.72 
4500151315,09/27/2024,2024,Q3,09,10/28/2024,CA,1710,00090,96,Each,5.01,APB,APB68268,8.80987E+12,Glutath Niacinamide Facial Cream 55ml,$480.96 
4500151315,09/27/2024,2024,Q3,09,10/28/2024,CA,1710,00100,80,Each,5.01,APB,APB68270,8.80987E+12,Glutath Niacinamide Facial Toner 160ml,$400.80 
4500151316,09/27/2024,2024,Q3,09,10/28/2024,KY,1712,00010,15,Each,10.4,MUZ,MUZ58033,8.80984E+12,Objct Liq Lip Tnt 013 Appeal .20 floz,$156.00 
4500151316,09/27/2024,2024,Q3,09,10/28/2024,KY,1712,00020,288,Each,5.01,APB,APB68268,8.80987E+12,Glutath Niacinamide Facial Cream 55ml,"$1,442.88 "
4500151316,09/27/2024,2024,Q3,09,10/28/2024,KY,1712,00030,240,Each,5.01,APB,APB68267,8.80987E+12,Glutath Niacinamide Ampoule Serum 40ml,"$1,202.40 "
4500151316,09/27/2024,2024,Q3,09,10/28/2024,KY,1712,00040,300,Each,0.56,APB,APB68269,8.80987E+12,Glutath Niacinamide Sheet Mask 25ml,$168.00 
4500151316,09/27/2024,2024,Q3,09,10/28/2024,KY,1712,00050,240,Each,5.01,APB,APB68270,8.80987E+12,Glutath Niacinamide Facial Toner 160ml,"$1,202.40 "
4500151316,09/27/2024,2024,Q3,09,10/28/2024,KY,1712,00060,120,Each,5.01,APB,APB68271,8.80987E+12,Glutath Niacinamide Mist Essence 105ml,$601.20 
4500151316,09/27/2024,2024,Q3,09,10/28/2024,KY,1712,00070,84,Each,5.01,APB,APB68272,8.80987E+12,Glutath Niacinamide Fac Cleanser 80ml,$420.84 
4500151316,09/27/2024,2024,Q3,09,10/28/2024,KY,1712,00080,208,Each,5.01,APB,APB68273,8.80987E+12,Glutath Niacinamide Body Wash 300ml,"$1,042.08 "
4500151316,09/27/2024,2024,Q3,09,10/28/2024,KY,1712,00090,480,Each,5.01,APB,APB68274,8.80987E+12,Glutath Niacinamide Body Lotion 300ml,"$2,404.80 "
4500151316,09/27/2024,2024,Q3,09,10/28/2024,KY,1712,00100,120,Each,5.01,APB,APB68275,8.80987E+12,Glutath Niacinamide Eye Cream 20ml,$601.20 
4500151316,09/27/2024,2024,Q3,09,10/28/2024,KY,1712,00110,200,Each,5.01,APB,APB68276,8.80987E+12,Glutath Niacinamide Sunscreen 40ml,"$1,002.00 "
4500153821,10/11/2024,2024,Q4,10,11/12/2024,CA,1710,00010,10,Each,7.84,TSN,TSN01017,8.80962E+12,TS Chkhan HairColorCream 07LtBrwn 120g,$78.40 
4500153821,10/11/2024,2024,Q4,10,11/12/2024,CA,1710,00020,40,Each,5.16,NRP,NRP49010,8.80617E+12,Mild and Mst Aloe Vera Water Gel 250ml,$206.40 
4500153821,10/11/2024,2024,Q4,10,11/12/2024,CA,1710,00030,456,Each,2.13,NRP,NRP48814,8.80617E+12,NRP Aloe Vera Watery Gel 300ml,$971.28 
4500153821,10/11/2024,2024,Q4,10,11/12/2024,CA,1710,00040,24,Each,3.46,NRP,NRP47553,8.80617E+12,Body Peel Mist Cotton Scnt 10.14 floz,$83.04 
4500153821,10/11/2024,2024,Q4,10,11/12/2024,CA,1710,00050,12,Each,13.96,NRP,NRP48695,8.80617E+12,Kombuch Blck Tea Frst Essce 4.73 floz,$167.52 
4500153821,10/11/2024,2024,Q4,10,11/12/2024,CA,1710,00060,48,Each,4.48,NRP,NRP47492,8.80617E+12,Jeju Spark Enrich Facial Clnsr 300ml,$215.04 
4500153821,10/11/2024,2024,Q4,10,11/12/2024,CA,1710,00070,192,Each,5.2,PIT,PIT10063,8.80956E+12,DefenceBrrier   5.07 flo,$998.40 
4500153821,10/11/2024,2024,Q4,10,11/12/2024,CA,1710,00080,84,Each,2.13,NRP,NRP48297,8.80617E+12,Aloe Vera Foam Cleanser 5.07 fl oz,$178.92 
4500153821,10/11/2024,2024,Q4,10,11/12/2024,CA,1710,00090,70,Each,2.39,NRP,NRP48296,8.80617E+12,Aloe Vera Cleansing Tissue 80 Shts,$167.30 
4500153821,10/11/2024,2024,Q4,10,11/12/2024,CA,1710,00100,24,Each,6.53,NRP,NRP46868,8.80617E+12,Argan Essential Deep Care Cond 300ml,$156.72 
4500153821,10/11/2024,2024,Q4,10,11/12/2024,CA,1710,00110,64,Each,4.97,NRP,NRP46861,8.80617E+12,Argan Essential DeepCareHairPack 200ml,$318.08 
4500153821,10/11/2024,2024,Q4,10,11/12/2024,CA,1710,00120,63,Each,9.83,PIT,PIT10260,8.80956E+12,Daily Soft Touch Sunscreen 2.02 fl oz,$619.29 
4500153821,10/11/2024,2024,Q4,10,11/12/2024,CA,1710,00130,24,Each,4.18,PIT,PIT10074,8.80956E+12,Jeju Volcanic Scoria Konjac Sponge 1pc,$100.32 
4500153821,10/11/2024,2024,Q4,10,11/12/2024,CA,1710,00140,72,Each,2.96,NRP,NRP42355,8.80617E+12,BAMBOO CHARCOAL MUD PACK 150g,$213.12 
4500153821,10/11/2024,2024,Q4,10,11/12/2024,CA,1710,00150,16,Each,5.42,NRP,NRP46222,8.80617E+12,Vitamin E Glossy Skin Ampoule 30 ml,$86.72 
4500153821,10/11/2024,2024,Q4,10,11/12/2024,CA,1710,00160,36,Each,7.33,NRP,NRP48844,8.80617E+12,Aqua Super Max Watery Emulsion 130ml,$263.88 
4500153821,10/11/2024,2024,Q4,10,11/12/2024,CA,1710,00170,36,Each,9.57,PIT,PIT10100,8.80956E+12,CENTELLA GREEN LEVEL CALM TONER 200ml,$344.52 
4500153821,10/11/2024,2024,Q4,10,11/12/2024,CA,1710,00180,48,Each,7.59,PIT,PIT10035,8.80956E+12,GrnDeep FoamCl  5.07 flo,$364.32 
4500153821,10/11/2024,2024,Q4,10,11/12/2024,CA,1710,00190,60,Each,1.71,NRP,NRP43829,8.80617E+12,Frsh Herb Aloe Cleans Foam 5.74 floz,$102.60 
4500153821,10/11/2024,2024,Q4,10,11/12/2024,CA,1710,00200,120,Each,4.46,PIT,PIT10033,8.80956E+12,Care RcvryCica  51 Ptch,$535.20 
4500153821,10/11/2024,2024,Q4,10,11/12/2024,CA,1710,00210,48,Each,1.71,NRP,NRP43830,8.80617E+12,Frsh Herb Snail Cleans Foam 5.74 floz,$82.08 
4500153821,10/11/2024,2024,Q4,10,11/12/2024,CA,1710,00220,16,Each,8.53,PIT,PIT10279,8.80956E+12,From Grn Avocado Cleansing Balm 100ml,$136.48 
4500153821,10/11/2024,2024,Q4,10,11/12/2024,CA,1710,00230,36,Each,7.33,NRP,NRP48843,8.80617E+12,Aqua Super Aqua Max Watery Toner 150ml,$263.88 
4500153821,10/11/2024,2024,Q4,10,11/12/2024,CA,1710,00240,48,Each,5.42,NRP,NRP46216,8.80617E+12,Niacinamide Luminous Skin Ampoule 30 ml,$260.16 
4500153821,10/11/2024,2024,Q4,10,11/12/2024,CA,1710,00250,16,Each,5.42,NRP,NRP46214,8.80617E+12,Tea Tree Pore Care Ampoule 30 ml,$86.72 
4500153821,10/11/2024,2024,Q4,10,11/12/2024,CA,1710,00260,234,Each,9.83,PIT,PIT10307,8.80956E+12,Sft Tch Sunscreen Urban Def SPF50 60ml,"$2,300.22 "
4500153821,10/11/2024,2024,Q4,10,11/12/2024,CA,1710,00270,90,Each,6.5,PIT,PIT10102,8.80956E+12,CENTELLA UNSCENTED EYE CREAM 30ml,$585.00 
4500153821,10/11/2024,2024,Q4,10,11/12/2024,CA,1710,00280,60,Each,3.27,NRP,NRP45742,8.80617E+12,Jeju Spark Cleans Tissue 50 Sheets 205g,$196.20 
4500153821,10/11/2024,2024,Q4,10,11/12/2024,CA,1710,00290,20,Each,13.67,SRI,SRI99710,8.80908E+12,Deep In A Barrier Cream 50ml,$273.40 
4500153821,10/11/2024,2024,Q4,10,11/12/2024,CA,1710,00300,12,Each,8.28,NRP,NRP47879,8.80617E+12,Real Squeeze Aloe Vera Emulsion 130ml,$99.36 
4500153821,10/11/2024,2024,Q4,10,11/12/2024,CA,1710,00310,16,Each,9.4,SRI,SRI99705,8.80908E+12,Time Is Running Out Mist 100ml,$150.40 
4500153821,10/11/2024,2024,Q4,10,11/12/2024,CA,1710,00320,40,Each,0.45,NRP,NRP44938,8.80617E+12,REAL NATURE TOMATO MASK SHEET 23ml,$18.00 
4500153821,10/11/2024,2024,Q4,10,11/12/2024,CA,1710,00330,18,Each,7.69,SRI,SRI77899,8.80919E+12,Let Me Refresh Foam Cleanser 120ml,$138.42 
4500153821,10/11/2024,2024,Q4,10,11/12/2024,CA,1710,00340,18,Each,11.96,SRI,SRI55257,8.80616E+12,My First Essener 100ml,$215.28 
4500153822,10/11/2024,2024,Q4,10,11/12/2024,KY,1712,00010,2832,Each,2.13,NRP,NRP48814,8.80617E+12,NRP Aloe Vera Watery Gel 300ml,"$6,032.16 "
4500153822,10/11/2024,2024,Q4,10,11/12/2024,KY,1712,00020,48,Each,2.13,NRP,NRP48298,8.80617E+12,Sooth Moist AloeVeraClnsng GelCrm 150ml,$102.24 
4500153822,10/11/2024,2024,Q4,10,11/12/2024,KY,1712,00030,12,Each,6.53,NRP,NRP48257,8.80617E+12,Green Derma Soothing Cream 100ml,$78.36 
4500153822,10/11/2024,2024,Q4,10,11/12/2024,KY,1712,00040,24,Each,6.8,NRP,NRP47942,8.80617E+12,Herbology Lav FootCrm 70ml,$163.20 
4500153822,10/11/2024,2024,Q4,10,11/12/2024,KY,1712,00050,72,Each,7.33,NRP,NRP48843,8.80617E+12,Aqua Super Aqua Max Watery Toner 150ml,$527.76 
4500153822,10/11/2024,2024,Q4,10,11/12/2024,KY,1712,00060,72,Each,7.33,NRP,NRP48844,8.80617E+12,Aqua Super Max Watery Emulsion 130ml,$527.76 
4500153822,10/11/2024,2024,Q4,10,11/12/2024,KY,1712,00070,108,Each,3.46,NRP,NRP47553,8.80617E+12,Body Peel Mist Cotton Scnt 10.14 floz,$373.68 
4500153822,10/11/2024,2024,Q4,10,11/12/2024,KY,1712,00080,24,Each,3.46,NRP,NRP47552,8.80617E+12,Body Peeling Mist Peach Scent 300 ml,$83.04 
4500153822,10/11/2024,2024,Q4,10,11/12/2024,KY,1712,00090,36,Each,3.46,NRP,NRP47551,8.80617E+12,Body Peeling Mist Phyto Scent 300 ml,$124.56 
4500153822,10/11/2024,2024,Q4,10,11/12/2024,KY,1712,00100,24,Each,8.28,NRP,NRP47347,8.80617E+12,Shea Butter Fresh Steam Crm 3.38 fl oz,$198.72 
4500153822,10/11/2024,2024,Q4,10,11/12/2024,KY,1712,00110,24,Each,4.78,NRP,NRP47070,8.80617E+12,Relf Cre Spot Patch 24-12 MM 36-10 MM,$114.72 
4500153822,10/11/2024,2024,Q4,10,11/12/2024,KY,1712,00120,72,Each,6.53,NRP,NRP46868,8.80617E+12,Argan Essential Deep Care Cond 300ml,$470.16 
4500153822,10/11/2024,2024,Q4,10,11/12/2024,KY,1712,00130,48,Each,5.42,NRP,NRP46222,8.80617E+12,Vitamin E Glossy Skin Ampoule 30 ml,$260.16 
4500153822,10/11/2024,2024,Q4,10,11/12/2024,KY,1712,00140,24,Each,2.96,NRP,NRP42355,8.80617E+12,BAMBOO CHARCOAL MUD PACK 150g,$71.04 
4500153822,10/11/2024,2024,Q4,10,11/12/2024,KY,1712,00150,48,Each,5.42,NRP,NRP46216,8.80617E+12,Niacinamide Luminous Skin Ampoule 30 ml,$260.16 
4500153822,10/11/2024,2024,Q4,10,11/12/2024,KY,1712,00160,84,Each,1.71,NRP,NRP43832,8.80617E+12,Frsh Herb Acerol Cleans Foam 5.74 floz,$143.64 
4500153822,10/11/2024,2024,Q4,10,11/12/2024,KY,1712,00170,60,Each,3.27,NRP,NRP45742,8.80617E+12,Jeju Spark Cleans Tissue 50 Sheets 205g,$196.20 
4500153822,10/11/2024,2024,Q4,10,11/12/2024,KY,1712,00180,40,Each,0.45,NRP,NRP45607,8.80617E+12,REAL NATURE SHEA BUTTER MASK SHEET 23ml,$18.00 
4500153822,10/11/2024,2024,Q4,10,11/12/2024,KY,1712,00190,36,Each,7.69,SRI,SRI77899,8.80919E+12,Let Me Refresh Foam Cleanser 120ml,$276.84 
4500153822,10/11/2024,2024,Q4,10,11/12/2024,KY,1712,00200,48,Each,9.4,SRI,SRI99705,8.80908E+12,Time Is Running Out Mist 100ml,$451.20 
4500153822,10/11/2024,2024,Q4,10,11/12/2024,KY,1712,00210,20,Each,7.69,SRI,SRI99757,8.80908E+12,Back To My Memories Handcream  50ml,$153.80 
4500153822,10/11/2024,2024,Q4,10,11/12/2024,KY,1712,00220,32,Each,10.25,SRI,SRI99761,8.80908E+12,Cleanse Me SoftlyMilkClnsr Citrus 200ml,$328.00 
4500153822,10/11/2024,2024,Q4,10,11/12/2024,KY,1712,00230,90,Each,9.7,PIT,PIT10306,8.80956E+12,Timeless Bloom Retinol Spot Cream 30ml,$873.00 
4500153822,10/11/2024,2024,Q4,10,11/12/2024,KY,1712,00240,80,Each,8.53,PIT,PIT10279,8.80956E+12,From Grn Avocado Cleansing Balm 100ml,$682.40 
4500153822,10/11/2024,2024,Q4,10,11/12/2024,KY,1712,00250,36,Each,10.38,PIT,PIT10276,8.80956E+12,Clear Code Superfruit Cleanser 150 ml,$373.68 
4500153822,10/11/2024,2024,Q4,10,11/12/2024,KY,1712,00260,40,Each,9.92,PIT,PIT10265,8.80956E+12,DeepSea Droplet Serum SnowMushroom 30ml,$396.80 
4500153822,10/11/2024,2024,Q4,10,11/12/2024,KY,1712,00270,630,Each,9.83,PIT,PIT10260,8.80956E+12,Daily Soft Touch Sunscreen 2.02 fl oz,"$6,192.90 "
4500153822,10/11/2024,2024,Q4,10,11/12/2024,KY,1712,00280,132,Each,9.93,PIT,PIT10253,8.80956E+12,From Green Cleansing Oil 6.76 fl oz,"$1,310.76 "
4500153822,10/11/2024,2024,Q4,10,11/12/2024,KY,1712,00290,312,Each,9.61,PIT,PIT10247,8.80956E+12,Centella Unscented Recovery Cream 50ml,"$2,998.32 "
4500153822,10/11/2024,2024,Q4,10,11/12/2024,KY,1712,00300,120,Each,9.26,PIT,PIT10246,8.80956E+12,Centella Green Lev Rcov Crm 1.69 fl oz,"$1,111.20 "
4500153822,10/11/2024,2024,Q4,10,11/12/2024,KY,1712,00310,126,Each,10.79,PIT,PIT10236,8.80956E+12,Timeless Bloom Bakuchiol Serum 1.01floz,"$1,359.54 "
4500153822,10/11/2024,2024,Q4,10,11/12/2024,KY,1712,00320,120,Each,9.92,PIT,PIT10213,8.80956E+12,Dermd Cica Barrier Sleep Pack2.7 fl oz,"$1,190.40 "
4500153822,10/11/2024,2024,Q4,10,11/12/2024,KY,1712,00330,80,Each,9.92,PIT,PIT10201,8.80956E+12,Galacto Niacin 97 Power Essence 2 fl oz,$793.60 
4500153822,10/11/2024,2024,Q4,10,11/12/2024,KY,1712,00340,168,Each,7.59,PIT,PIT10035,8.80956E+12,GrnDeep FoamCl  5.07 flo,"$1,275.12 "
4500153822,10/11/2024,2024,Q4,10,11/12/2024,KY,1712,00350,96,Each,9.05,PIT,PIT10038,8.80956E+12,Deep Sea Pure WtrCrm 1.7 floz,$868.80 
4500153822,10/11/2024,2024,Q4,10,11/12/2024,KY,1712,00360,408,Each,5.2,PIT,PIT10063,8.80956E+12,DefenceBrrier   5.07 flo,"$2,121.60 "
4500153822,10/11/2024,2024,Q4,10,11/12/2024,KY,1712,00370,700,Each,6.08,PIT,PIT10069,8.80956E+12,Cica Clrng BB CrmSPF38PA#231.0floz,"$4,256.00 "
4500153822,10/11/2024,2024,Q4,10,11/12/2024,KY,1712,00380,120,Each,12,PIT,PIT10096,8.80956E+12,DAILY GOTO SUNSCREEN 60ml,"$1,440.00 "
4500153822,10/11/2024,2024,Q4,10,11/12/2024,KY,1712,00390,144,Each,9.57,PIT,PIT10100,8.80956E+12,CENTELLA GREEN LEVEL CALM TONER 200ml,"$1,378.08 "
4500153822,10/11/2024,2024,Q4,10,11/12/2024,KY,1712,00400,270,Each,6.5,PIT,PIT10102,8.80956E+12,CENTELLA UNSCENTED EYE CREAM 30ml,"$1,755.00 "
4500153822,10/11/2024,2024,Q4,10,11/12/2024,KY,1712,00410,175,Each,5.47,PIT,PIT10141,8.80956E+12,CICA CLEARING BBCRM 13 NEUTRALIVORY 1oz,$957.25 
4500153822,10/11/2024,2024,Q4,10,11/12/2024,KY,1712,00420,72,Each,9.92,PIT,PIT10200,8.80956E+12,FermCmplx94 Boosting Essence 5.07 fl oz,$714.24 
4500153822,10/11/2024,2024,Q4,10,11/12/2024,KY,1712,00430,36,Each,10.98,PIT,PIT10034,8.80956E+12,Centella Unscented Toner 200 ml,$395.28 
4500153823,10/11/2024,2024,Q4,10,12/10/2024,CA,1710,00010,80,Each,3.24,HBF,HBF94578,8.80962E+12,HBAF Roasted Onion Almond 120 g,$259.20 
4500153823,10/11/2024,2024,Q4,10,12/10/2024,CA,1710,00020,80,Each,3.24,HBF,HBF94533,8.80962E+12,HBAF Laver Almond 120 g,$259.20 
4500153823,10/11/2024,2024,Q4,10,12/10/2024,CA,1710,00030,140,Each,3.24,HBF,HBF94450,8.80962E+12,HBAF Wasabi Almond 120 g,$453.60 
4500153823,10/11/2024,2024,Q4,10,12/10/2024,CA,1710,00040,120,Each,3.24,HBF,HBF94477,8.80962E+12,HBAF Hot & Spicy Chicken Almond 120 g,$388.80 
4500153823,10/11/2024,2024,Q4,10,12/10/2024,CA,1710,00050,100,Each,3.24,HBF,HBF94478,8.80962E+12,HBAF Tteokbokki Almond 120 g,$324.00 
4500153823,10/11/2024,2024,Q4,10,12/10/2024,CA,1710,00060,40,Each,3.24,HBF,HBF94493,8.80962E+12,HBAF Cheongyang Mayo Almond 120 g,$129.60 
4500153823,10/11/2024,2024,Q4,10,12/10/2024,CA,1710,00070,100,Each,3.24,HBF,HBF94494,8.80962E+12,HBAF Garlic Bread Almond 120 g,$324.00 
4500153824,10/11/2024,2024,Q4,10,12/10/2024,KY,1712,00010,40,Each,3.24,HBF,HBF94493,8.80962E+12,HBAF Cheongyang Mayo Almond 120 g,$129.60 
4500153824,10/11/2024,2024,Q4,10,12/10/2024,KY,1712,00020,60,Each,3.24,HBF,HBF94578,8.80962E+12,HBAF Roasted Onion Almond 120 g,$194.40 
4500153824,10/11/2024,2024,Q4,10,12/10/2024,KY,1712,00030,120,Each,7.99,LFT,LFT67921,8.80592E+12,Lacto Fit Gold 100 g,$958.80 
4500153824,10/11/2024,2024,Q4,10,12/10/2024,KY,1712,00040,80,Each,3.24,HBF,HBF94533,8.80962E+12,HBAF Laver Almond 120 g,$259.20 
4500153824,10/11/2024,2024,Q4,10,12/10/2024,KY,1712,00050,30,Each,9.53,LFT,LFT69431,8.80592E+12,Lacto Fit Liver Support 120 g,$285.90 
4500153824,10/11/2024,2024,Q4,10,12/10/2024,KY,1712,00060,24,Each,10.51,LFT,LFT69271,8.80592E+12,Lacto Fit Glucose Control 120 g,$252.24 
4500153824,10/11/2024,2024,Q4,10,12/10/2024,KY,1712,00070,90,Each,12.99,LFT,LFT68201,8.80592E+12,Lacto Fit Slim 120 g,"$1,169.10 "
4500153824,10/11/2024,2024,Q4,10,12/10/2024,KY,1712,00080,60,Each,8.33,LFT,LFT68101,8.80592E+12,Lacto Fit Core 120 g,$499.80 
4500153824,10/11/2024,2024,Q4,10,12/10/2024,KY,1712,00090,80,Each,3.24,HBF,HBF94450,8.80962E+12,HBAF Wasabi Almond 120 g,$259.20 
4500153824,10/11/2024,2024,Q4,10,12/10/2024,KY,1712,00100,80,Each,3.24,HBF,HBF94451,8.80962E+12,HBAF Baked Corn Almond 120 g,$259.20 
4500153824,10/11/2024,2024,Q4,10,12/10/2024,KY,1712,00110,40,Each,3.24,HBF,HBF94477,8.80962E+12,HBAF Hot & Spicy Chicken Almond 120 g,$129.60 
4500153824,10/11/2024,2024,Q4,10,12/10/2024,KY,1712,00120,140,Each,3.24,HBF,HBF94449,8.80962E+12,HBAF Honey Butter Almond 120 g,$453.60 
4500153824,10/11/2024,2024,Q4,10,12/10/2024,KY,1712,00130,120,Each,3.24,HBF,HBF94478,8.80962E+12,HBAF Tteokbokki Almond 120 g,$388.80 
4500153824,10/11/2024,2024,Q4,10,12/10/2024,KY,1712,00140,100,Each,3.24,HBF,HBF94201,8.80962E+12,HBAF Caramel Salt Almond & Pretzel 120g,$324.00 
4500153825,10/11/2024,2024,Q4,10,11/12/2024,CA,1710,00010,10,Each,10.4,MUZ,MUZ58025,8.80984E+12,Icy Glow 05 Temping 0.18 fl oz,$104.00 
4500153825,10/11/2024,2024,Q4,10,11/12/2024,CA,1710,00020,300,Each,0.56,APB,APB68269,8.80987E+12,Glutath Niacinamide Sheet Mask 25ml,$168.00 
4500153825,10/11/2024,2024,Q4,10,11/12/2024,CA,1710,00030,100,Each,5.01,APB,APB68270,8.80987E+12,Glutath Niacinamide Facial Toner 160ml,$501.00 
4500153825,10/11/2024,2024,Q4,10,11/12/2024,CA,1710,00040,15,Each,10.4,MUZ,MUZ58041,8.80984E+12,Objct Mat Lip Tnt 001 Signatre .20 floz,$156.00 
4500153825,10/11/2024,2024,Q4,10,11/12/2024,CA,1710,00050,72,Each,5.01,APB,APB68271,8.80987E+12,Glutath Niacinamide Mist Essence 105ml,$360.72 
4500153825,10/11/2024,2024,Q4,10,11/12/2024,CA,1710,00060,21,Each,5.01,APB,APB68272,8.80987E+12,Glutath Niacinamide Fac Cleanser 80ml,$105.21 
4500153825,10/11/2024,2024,Q4,10,11/12/2024,CA,1710,00070,160,Each,5.01,APB,APB68273,8.80987E+12,Glutath Niacinamide Body Wash 300ml,$801.60 
4500153825,10/11/2024,2024,Q4,10,11/12/2024,CA,1710,00080,176,Each,5.01,APB,APB68274,8.80987E+12,Glutath Niacinamide Body Lotion 300ml,$881.76 
4500153825,10/11/2024,2024,Q4,10,11/12/2024,CA,1710,00090,80,Each,5.01,APB,APB68267,8.80987E+12,Glutath Niacinamide Ampoule Serum 40ml,$400.80 
4500153825,10/11/2024,2024,Q4,10,11/12/2024,CA,1710,00100,100,Each,5.01,APB,APB68275,8.80987E+12,Glutath Niacinamide Eye Cream 20ml,$501.00 
4500153825,10/11/2024,2024,Q4,10,11/12/2024,CA,1710,00110,144,Each,5.01,APB,APB68268,8.80987E+12,Glutath Niacinamide Facial Cream 55ml,$721.44 
4500153826,10/11/2024,2024,Q4,10,11/12/2024,KY,1712,00010,15,Each,10.4,MUZ,MUZ58036,8.80984E+12,Objct Liq Lip Tnt 016 After .20 floz,$156.00 
4500153826,10/11/2024,2024,Q4,10,11/12/2024,KY,1712,00020,15,Each,10.4,MUZ,MUZ58047,8.80984E+12,Objct Mat Lip Tnt 007 Rare.20 floz,$156.00 
4500153826,10/11/2024,2024,Q4,10,11/12/2024,KY,1712,00030,18,Each,24.4,MUZ,MUZ58083,8.80984E+12,Sleek Matt Cushion N23 30 g,$439.20 
4500153826,10/11/2024,2024,Q4,10,11/12/2024,KY,1712,00040,120,Each,5.01,APB,APB68275,8.80987E+12,Glutath Niacinamide Eye Cream 20ml,$601.20 
4500153826,10/11/2024,2024,Q4,10,11/12/2024,KY,1712,00050,240,Each,5.01,APB,APB68273,8.80987E+12,Glutath Niacinamide Body Wash 300ml,"$1,202.40 "
4500153826,10/11/2024,2024,Q4,10,11/12/2024,KY,1712,00060,147,Each,5.01,APB,APB68272,8.80987E+12,Glutath Niacinamide Fac Cleanser 80ml,$736.47 
4500153826,10/11/2024,2024,Q4,10,11/12/2024,KY,1712,00070,96,Each,5.01,APB,APB68271,8.80987E+12,Glutath Niacinamide Mist Essence 105ml,$480.96 
4500153826,10/11/2024,2024,Q4,10,11/12/2024,KY,1712,00080,220,Each,5.01,APB,APB68270,8.80987E+12,Glutath Niacinamide Facial Toner 160ml,"$1,102.20 "
4500153826,10/11/2024,2024,Q4,10,11/12/2024,KY,1712,00090,550,Each,0.56,APB,APB68269,8.80987E+12,Glutath Niacinamide Sheet Mask 25ml,$308.00 
4500153826,10/11/2024,2024,Q4,10,11/12/2024,KY,1712,00100,264,Each,5.01,APB,APB68268,8.80987E+12,Glutath Niacinamide Facial Cream 55ml,"$1,322.64 "
4500153826,10/11/2024,2024,Q4,10,11/12/2024,KY,1712,00110,180,Each,5.01,APB,APB68267,8.80987E+12,Glutath Niacinamide Ampoule Serum 40ml,$901.80 
4500156403,10/29/2024,2024,Q4,10,12/02/2024,CA,1710,00010,32,Each,5.42,NRP,NRP46222,8.80617E+12,Vitamin E Glossy Skin Ampoule 30 ml,$173.44 
4500156403,10/29/2024,2024,Q4,10,12/02/2024,CA,1710,00020,24,Each,7.08,NRP,NRP46862,8.80617E+12,Argan Essen Hair NoWash Treatmnt 160ml,$169.92 
4500156403,10/29/2024,2024,Q4,10,12/02/2024,CA,1710,00030,72,Each,6.03,NRP,NRP46863,8.80617E+12,Argan Essential Deep Care Hair Ess 80ml,$434.16 
4500156403,10/29/2024,2024,Q4,10,12/02/2024,CA,1710,00040,72,Each,4.42,NRP,NRP46865,8.80617E+12,Argan Essential Moist Hair Mist 220ml,$318.24 
4500156403,10/29/2024,2024,Q4,10,12/02/2024,CA,1710,00050,40,Each,6.53,NRP,NRP46867,8.80617E+12,Argan Essential Deep Care Shampoo 300ml,$261.20 
4500156403,10/29/2024,2024,Q4,10,12/02/2024,CA,1710,00060,36,Each,6.29,NRP,NRP47193,8.80617E+12,Chamomile Forest Garden DpClnsOil 200ml,$226.44 
4500156403,10/29/2024,2024,Q4,10,12/02/2024,CA,1710,00070,24,Each,8.28,NRP,NRP47345,8.80617E+12,Shea Butter Ultra Steam Crm 3.38 fl oz,$198.72 
4500156403,10/29/2024,2024,Q4,10,12/02/2024,CA,1710,00080,48,Each,4.45,NRP,NRP47490,8.80617E+12,Jeju Sparkling Mud Foam Cleanser 150ml,$213.60 
4500156403,10/29/2024,2024,Q4,10,12/02/2024,CA,1710,00090,24,Each,3.46,NRP,NRP47551,8.80617E+12,Body Peeling Mist Phyto Scent 300 ml,$83.04 
4500156403,10/29/2024,2024,Q4,10,12/02/2024,CA,1710,00100,24,Each,3.46,NRP,NRP47552,8.80617E+12,Body Peeling Mist Peach Scent 300 ml,$83.04 
4500156403,10/29/2024,2024,Q4,10,12/02/2024,CA,1710,00110,24,Each,3.46,NRP,NRP47553,8.80617E+12,Body Peel Mist Cotton Scnt 10.14 floz,$83.04 
4500156403,10/29/2024,2024,Q4,10,12/02/2024,CA,1710,00120,50,Each,2.39,NRP,NRP48296,8.80617E+12,Aloe Vera Cleansing Tissue 80 Shts,$119.50 
4500156403,10/29/2024,2024,Q4,10,12/02/2024,CA,1710,00130,24,Each,2.13,NRP,NRP48298,8.80617E+12,Sooth Moist AloeVeraClnsng GelCrm 150ml,$51.12 
4500156403,10/29/2024,2024,Q4,10,12/02/2024,CA,1710,00140,20,Each,7.84,TSN,TSN01013,8.80962E+12,TS Chkhan Hair Color Cream 03Black 120g,$156.80 
4500156403,10/29/2024,2024,Q4,10,12/02/2024,CA,1710,00150,16,Each,9.4,SRI,SRI99705,8.80908E+12,Time Is Running Out Mist 100ml,$150.40 
4500156403,10/29/2024,2024,Q4,10,12/02/2024,CA,1710,00160,40,Each,7.69,SRI,SRI99757,8.80908E+12,Back To My Memories Handcream  50ml,$307.60 
4500156403,10/29/2024,2024,Q4,10,12/02/2024,CA,1710,00170,10,Each,10.4,MUZ,MUZ58026,8.80984E+12,Icy Glow 06 Cheshire 0.18 fl oz,$104.00 
4500156403,10/29/2024,2024,Q4,10,12/02/2024,CA,1710,00180,15,Each,10.4,MUZ,MUZ58043,8.80984E+12,Objct Mat Lip Tnt 003 Posh .20 floz,$156.00 
4500156403,10/29/2024,2024,Q4,10,12/02/2024,CA,1710,00190,15,Each,10.4,MUZ,MUZ58044,8.80984E+12,Objct Mat Lip Tnt  004 Celeb .20 floz,$156.00 
4500156403,10/29/2024,2024,Q4,10,12/02/2024,CA,1710,00200,15,Each,10.4,MUZ,MUZ58052,8.80984E+12,Fitting Blush 02 Kinda 5 g,$156.00 
4500156403,10/29/2024,2024,Q4,10,12/02/2024,CA,1710,00210,24,Each,11.34,NRP,NRP48703,8.80617E+12,Blck Bn Invig Hair Shampoo 10.14 floz,$272.16 
4500156403,10/29/2024,2024,Q4,10,12/02/2024,CA,1710,00220,576,Each,2.13,NRP,NRP48814,8.80617E+12,NRP Aloe Vera Watery Gel 300ml,"$1,226.88 "
4500156403,10/29/2024,2024,Q4,10,12/02/2024,CA,1710,00230,24,Each,9.41,NRP,NRP48847,8.80617E+12,Aqa Sup Max Combin Watery Cream 80ml,$225.84 
4500156403,10/29/2024,2024,Q4,10,12/02/2024,CA,1710,00240,32,Each,5.16,NRP,NRP49010,8.80617E+12,Mild and Mst Aloe Vera Water Gel 250ml,$165.12 
4500156403,10/29/2024,2024,Q4,10,12/02/2024,CA,1710,00250,32,Each,5.42,NRP,NRP46220,8.80617E+12,Collagen Skin Elasticity Ampoule 30 ml,$173.44 
4500156403,10/29/2024,2024,Q4,10,12/02/2024,CA,1710,00260,72,Each,5.01,APB,APB68401,8.80987E+12,Glutath Niacin Toner Pad 60 Pads 100ml,$360.72 
4500156403,10/29/2024,2024,Q4,10,12/02/2024,CA,1710,00270,72,Each,5.01,APB,APB68400,8.80987E+12,Glutathione Niacinamide Cln Water 160ml,$360.72 
4500156403,10/29/2024,2024,Q4,10,12/02/2024,CA,1710,00280,72,Each,5.01,APB,APB68399,8.80987E+12,Glutathione Niacinamide Cleans Blm 80ml,$360.72 
4500156403,10/29/2024,2024,Q4,10,12/02/2024,CA,1710,00290,72,Each,5.01,APB,APB68398,8.80987E+12,Glutathione Niacinamide Clean Oil 105ml,$360.72 
4500156403,10/29/2024,2024,Q4,10,12/02/2024,CA,1710,00300,160,Each,5.01,APB,APB68276,8.80987E+12,Glutath Niacinamide Sunscreen 40ml,$801.60 
4500156403,10/29/2024,2024,Q4,10,12/02/2024,CA,1710,00310,336,Each,5.01,APB,APB68274,8.80987E+12,Glutath Niacinamide Body Lotion 300ml,"$1,683.36 "
4500156403,10/29/2024,2024,Q4,10,12/02/2024,CA,1710,00320,176,Each,5.01,APB,APB68273,8.80987E+12,Glutath Niacinamide Body Wash 300ml,$881.76 
4500156403,10/29/2024,2024,Q4,10,12/02/2024,CA,1710,00330,126,Each,5.01,APB,APB68272,8.80987E+12,Glutath Niacinamide Fac Cleanser 80ml,$631.26 
4500156403,10/29/2024,2024,Q4,10,12/02/2024,CA,1710,00340,168,Each,5.01,APB,APB68271,8.80987E+12,Glutath Niacinamide Mist Essence 105ml,$841.68 
4500156403,10/29/2024,2024,Q4,10,12/02/2024,CA,1710,00350,200,Each,5.01,APB,APB68270,8.80987E+12,Glutath Niacinamide Facial Toner 160ml,"$1,002.00 "
4500156403,10/29/2024,2024,Q4,10,12/02/2024,CA,1710,00360,600,Each,0.56,APB,APB68269,8.80987E+12,Glutath Niacinamide Sheet Mask 25ml,$336.00 
4500156403,10/29/2024,2024,Q4,10,12/02/2024,CA,1710,00370,180,Each,5.01,APB,APB68267,8.80987E+12,Glutath Niacinamide Ampoule Serum 40ml,$901.80 
4500156403,10/29/2024,2024,Q4,10,12/02/2024,CA,1710,00380,20,Each,7.84,TSN,TSN01014,8.80962E+12,TS Chkhan HairColorCream 05DkBrwn 120g,$156.80 
4500156403,10/29/2024,2024,Q4,10,12/02/2024,CA,1710,00390,36,Each,1.71,NRP,NRP43829,8.80617E+12,Frsh Herb Aloe Cleans Foam 5.74 floz,$61.56 
4500156403,10/29/2024,2024,Q4,10,12/02/2024,CA,1710,00400,24,Each,1.71,NRP,NRP43831,8.80617E+12,Frsh Herb Peach Cleans Foam 5.74 floz,$41.04 
4500156403,10/29/2024,2024,Q4,10,12/02/2024,CA,1710,00410,24,Each,1.71,NRP,NRP43832,8.80617E+12,Frsh Herb Acerol Cleans Foam 5.74 floz,$41.04 
4500156403,10/29/2024,2024,Q4,10,12/02/2024,CA,1710,00420,80,Each,0.45,NRP,NRP44935,8.80617E+12,REAL NATURE ROYAL JELLY MASK SHEET 23ml,$36.00 
4500156403,10/29/2024,2024,Q4,10,12/02/2024,CA,1710,00430,40,Each,0.45,NRP,NRP44938,8.80617E+12,REAL NATURE TOMATO MASK SHEET 23ml,$18.00 
4500156403,10/29/2024,2024,Q4,10,12/02/2024,CA,1710,00440,80,Each,0.45,NRP,NRP44946,8.80617E+12,REAL NATURE ROSE MASK SHEET 23ml,$36.00 
4500156403,10/29/2024,2024,Q4,10,12/02/2024,CA,1710,00450,40,Each,0.45,NRP,NRP44948,8.80617E+12,REAL NATURE TEA TREE MASK SHEET 23ml,$18.00 
4500156403,10/29/2024,2024,Q4,10,12/02/2024,CA,1710,00460,80,Each,0.45,NRP,NRP45606,8.80617E+12,REAL NATURE OLIVE MASK SHEET 23ml,$36.00 
4500156403,10/29/2024,2024,Q4,10,12/02/2024,CA,1710,00470,80,Each,0.45,NRP,NRP45607,8.80617E+12,REAL NATURE SHEA BUTTER MASK SHEET 23ml,$36.00 
4500156403,10/29/2024,2024,Q4,10,12/02/2024,CA,1710,00480,60,Each,3.27,NRP,NRP45742,8.80617E+12,Jeju Spark Cleans Tissue 50 Sheets 205g,$196.20 
4500156403,10/29/2024,2024,Q4,10,12/02/2024,CA,1710,00490,64,Each,5.42,NRP,NRP46216,8.80617E+12,Niacinamide Luminous Skin Ampoule 30 ml,$346.88 
4500156403,10/29/2024,2024,Q4,10,12/02/2024,CA,1710,00500,250,Each,7.29,PIT,PIT10105,8.80956E+12,OATIN CALMING GEL CREAM 100ml,"$1,822.50 "
4500156403,10/29/2024,2024,Q4,10,12/02/2024,CA,1710,00510,16,Each,8.53,PIT,PIT10279,8.80956E+12,From Grn Avocado Cleansing Balm 100ml,$136.48 
4500156403,10/29/2024,2024,Q4,10,12/02/2024,CA,1710,00520,24,Each,4.18,PIT,PIT10075,8.80956E+12,Bamboo Charcoal Konjac Sponge 1pc,$100.32 
4500156403,10/29/2024,2024,Q4,10,12/02/2024,CA,1710,00530,20,Each,9.92,PIT,PIT10265,8.80956E+12,DeepSea Droplet Serum SnowMushroom 30ml,$198.40 
4500156403,10/29/2024,2024,Q4,10,12/02/2024,CA,1710,00540,70,Each,6.08,PIT,PIT10070,8.80956E+12,Cica Clring BB CrmSPF38PA#211.0floz,$425.60 
4500156403,10/29/2024,2024,Q4,10,12/02/2024,CA,1710,00550,192,Each,9.05,PIT,PIT10038,8.80956E+12,Deep Sea Pure WtrCrm 1.7 floz,"$1,737.60 "
4500156403,10/29/2024,2024,Q4,10,12/02/2024,CA,1710,00560,18,Each,10.98,PIT,PIT10034,8.80956E+12,Centella Unscented Toner 200 ml,$197.64 
4500156403,10/29/2024,2024,Q4,10,12/02/2024,CA,1710,00570,96,Each,9.93,PIT,PIT10253,8.80956E+12,From Green Cleansing Oil 6.76 fl oz,$953.28 
4500156403,10/29/2024,2024,Q4,10,12/02/2024,CA,1710,00580,400,Each,4.46,PIT,PIT10033,8.80956E+12,Wndr Rlf Cent Spot Patch 51 Pcs,"$1,784.00 "
4500156403,10/29/2024,2024,Q4,10,12/02/2024,CA,1710,00590,520,Each,9.26,PIT,PIT10031,8.80956E+12,Centella Unscnt Srm 2 floz,"$4,815.20 "
4500156404,10/29/2024,2024,Q4,10,12/03/2024,KY,1712,00010,24,Each,6.03,NRP,NRP46863,8.80617E+12,Argan Essential Deep Care Hair Ess 80ml,$144.72 
4500156404,10/29/2024,2024,Q4,10,12/03/2024,KY,1712,00020,750,Each,7.29,PIT,PIT10105,8.80956E+12,OATIN CALMING GEL CREAM 100ml,"$5,467.50 "
4500156404,10/29/2024,2024,Q4,10,12/03/2024,KY,1712,00030,147,Each,7.34,PIT,PIT10082,8.80956E+12,Centella Unscented Mini Kit 3pc,"$1,078.98 "
4500156404,10/29/2024,2024,Q4,10,12/03/2024,KY,1712,00040,36,Each,4.18,PIT,PIT10075,8.80956E+12,Bamboo Charcoal Konjac Sponge 1pc,$150.48 
4500156404,10/29/2024,2024,Q4,10,12/03/2024,KY,1712,00050,36,Each,4.18,PIT,PIT10074,8.80956E+12,Jeju Volcanic Scoria Konjac Sponge 1pc,$150.48 
4500156404,10/29/2024,2024,Q4,10,12/03/2024,KY,1712,00060,630,Each,6.08,PIT,PIT10070,8.80956E+12,Cica Clring BB CrmSPF38PA#211.0floz,"$3,830.40 "
4500156404,10/29/2024,2024,Q4,10,12/03/2024,KY,1712,00070,70,Each,6.08,PIT,PIT10068,8.80956E+12,Cica Clrng BB CrmSPF38PA#271.0floz,$425.60 
4500156404,10/29/2024,2024,Q4,10,12/03/2024,KY,1712,00080,144,Each,9.63,PIT,PIT10039,8.80956E+12,SeaBuckthorn V  1.7 floz,"$1,386.72 "
4500156404,10/29/2024,2024,Q4,10,12/03/2024,KY,1712,00090,360,Each,9.05,PIT,PIT10038,8.80956E+12,Deep Sea Pure WtrCrm 1.7 floz,"$3,258.00 "
4500156404,10/29/2024,2024,Q4,10,12/03/2024,KY,1712,00100,72,Each,10.98,PIT,PIT10034,8.80956E+12,Centella Unscented Toner 200 ml,$790.56 
4500156404,10/29/2024,2024,Q4,10,12/03/2024,KY,1712,00110,280,Each,4.46,PIT,PIT10033,8.80956E+12,Wndr Rlf Cent Spot Patch 51 Pcs,"$1,248.80 "
4500156404,10/29/2024,2024,Q4,10,12/03/2024,KY,1712,00120,520,Each,9.26,PIT,PIT10031,8.80956E+12,Centella Unscnt Srm 2 floz,"$4,815.20 "
4500156404,10/29/2024,2024,Q4,10,12/03/2024,KY,1712,00130,128,Each,4.42,NRP,NRP46865,8.80617E+12,Argan Essential Moist Hair Mist 220ml,$565.76 
4500156404,10/29/2024,2024,Q4,10,12/03/2024,KY,1712,00140,160,Each,6.53,NRP,NRP46867,8.80617E+12,Argan Essential Deep Care Shampoo 300ml,"$1,044.80 "
4500156404,10/29/2024,2024,Q4,10,12/03/2024,KY,1712,00150,42,Each,6.1,NRP,NRP47192,8.80617E+12,Calendula Forest GardnDpClnsngOil 200ml,$256.20 
4500156404,10/29/2024,2024,Q4,10,12/03/2024,KY,1712,00160,96,Each,6.29,NRP,NRP47193,8.80617E+12,Chamomile Forest Garden DpClnsOil 200ml,$603.84 
4500156404,10/29/2024,2024,Q4,10,12/03/2024,KY,1712,00170,24,Each,8.28,NRP,NRP47345,8.80617E+12,Shea Butter Ultra Steam Crm 3.38 fl oz,$198.72 
4500156404,10/29/2024,2024,Q4,10,12/03/2024,KY,1712,00180,48,Each,4.45,NRP,NRP47490,8.80617E+12,Jeju Sparkling Mud Foam Cleanser 150ml,$213.60 
4500156404,10/29/2024,2024,Q4,10,12/03/2024,KY,1712,00190,84,Each,3.46,NRP,NRP47551,8.80617E+12,Body Peeling Mist Phyto Scent 300 ml,$290.64 
4500156404,10/29/2024,2024,Q4,10,12/03/2024,KY,1712,00200,72,Each,3.46,NRP,NRP47553,8.80617E+12,Body Peel Mist Cotton Scnt 10.14 floz,$249.12 
4500156404,10/29/2024,2024,Q4,10,12/03/2024,KY,1712,00210,12,Each,8.71,NRP,NRP48221,8.80617E+12,Green Derma Mild Cica Serum 1.69 fl oz,$104.52 
4500156404,10/29/2024,2024,Q4,10,12/03/2024,KY,1712,00220,50,Each,2.39,NRP,NRP48296,8.80617E+12,Aloe Vera Cleansing Tissue 80 Shts,$119.50 
4500156404,10/29/2024,2024,Q4,10,12/03/2024,KY,1712,00230,180,Each,2.13,NRP,NRP48297,8.80617E+12,Aloe Vera Foam Cleanser 5.07 fl oz,$383.40 
4500156404,10/29/2024,2024,Q4,10,12/03/2024,KY,1712,00240,60,Each,10.46,NRP,NRP48620,8.80617E+12,Real Sqze Ale Vera Hydro Eye Ptch 60ea,$627.60 
4500156404,10/29/2024,2024,Q4,10,12/03/2024,KY,1712,00250,3444,Each,2.13,NRP,NRP48814,8.80617E+12,NRP Aloe Vera Watery Gel 300ml,"$7,335.72 "
4500156404,10/29/2024,2024,Q4,10,12/03/2024,KY,1712,00260,48,Each,9.41,NRP,NRP48847,8.80617E+12,Aqa Sup Max Combin Watery Cream 80ml,$451.68 
4500156404,10/29/2024,2024,Q4,10,12/03/2024,KY,1712,00270,48,Each,5.16,NRP,NRP49010,8.80617E+12,Mild and Mst Aloe Vera Water Gel 250ml,$247.68 
4500156404,10/29/2024,2024,Q4,10,12/03/2024,KY,1712,00280,30,Each,10.4,MUZ,MUZ58043,8.80984E+12,Objct Mat Lip Tnt 003 Posh .20 floz,$312.00 
4500156404,10/29/2024,2024,Q4,10,12/03/2024,KY,1712,00290,15,Each,10.4,MUZ,MUZ58041,8.80984E+12,Objct Mat Lip Tnt 001 Signatre .20 floz,$156.00 
4500156404,10/29/2024,2024,Q4,10,12/03/2024,KY,1712,00300,48,Each,7.08,NRP,NRP46862,8.80617E+12,Argan Essen Hair NoWash Treatmnt 160ml,$339.84 
4500156404,10/29/2024,2024,Q4,10,12/03/2024,KY,1712,00310,20,Each,13.67,SRI,SRI99710,8.80908E+12,Deep In A Barrier Cream 50ml,$273.40 
4500156404,10/29/2024,2024,Q4,10,12/02/2024,KY,1712,00320,36,Each,5.01,APB,APB68400,8.80987E+12,Glutathione Niacinamide Cln Water 160ml,$180.36 
4500156404,10/29/2024,2024,Q4,10,12/03/2024,KY,1712,00330,20,Each,7.69,SRI,SRI99757,8.80908E+12,Back To My Memories Handcream  50ml,$153.80 
4500156404,10/29/2024,2024,Q4,10,12/02/2024,KY,1712,00340,36,Each,5.01,APB,APB68401,8.80987E+12,Glutath Niacin Toner Pad 60 Pads 100ml,$180.36 
4500156404,10/29/2024,2024,Q4,10,12/03/2024,KY,1712,00350,144,Each,9.26,PIT,PIT10246,8.80956E+12,Centella Green Lev Rcov Crm 1.69 fl oz,"$1,333.44 "
4500156404,10/29/2024,2024,Q4,10,12/03/2024,KY,1712,00360,228,Each,12,PIT,PIT10212,8.80956E+12,Dermide Relf Barrier Msturiz 3.38 fl oz,"$2,736.00 "
4500156404,10/29/2024,2024,Q4,10,12/03/2024,KY,1712,00370,56,Each,12.53,PIT,PIT10257,8.80956E+12,Oatin Intense Cream 5.07 fl oz,$701.68 
4500156404,10/29/2024,2024,Q4,10,12/03/2024,KY,1712,00380,18,Each,11.96,SRI,SRI55257,8.80616E+12,My First Essener 100ml,$215.28 
4500156404,10/29/2024,2024,Q4,10,12/02/2024,KY,1712,00390,36,Each,5.01,APB,APB68399,8.80987E+12,Glutathione Niacinamide Cleans Blm 80ml,$180.36 
4500156404,10/29/2024,2024,Q4,10,12/02/2024,KY,1712,00400,36,Each,5.01,APB,APB68398,8.80987E+12,Glutathione Niacinamide Clean Oil 105ml,$180.36 
4500156404,10/29/2024,2024,Q4,10,12/03/2024,KY,1712,00410,150,Each,5.01,APB,APB68276,8.80987E+12,Glutath Niacinamide Sunscreen 40ml,$751.50 
4500156404,10/29/2024,2024,Q4,10,12/03/2024,KY,1712,00420,160,Each,5.01,APB,APB68275,8.80987E+12,Glutath Niacinamide Eye Cream 20ml,$801.60 
4500156404,10/29/2024,2024,Q4,10,12/03/2024,KY,1712,00430,352,Each,5.01,APB,APB68274,8.80987E+12,Glutath Niacinamide Body Lotion 300ml,"$1,763.52 "
4500156404,10/29/2024,2024,Q4,10,12/03/2024,KY,1712,00440,304,Each,5.01,APB,APB68273,8.80987E+12,Glutath Niacinamide Body Wash 300ml,"$1,523.04 "
4500156404,10/29/2024,2024,Q4,10,12/03/2024,KY,1712,00450,70,Each,5.47,PIT,PIT10142,8.80956E+12,CICA CLEARING BBCRM 15 ROSE IVORY 1oz,$382.90 
4500156404,10/29/2024,2024,Q4,10,12/03/2024,KY,1712,00460,378,Each,9.83,PIT,PIT10307,8.80956E+12,Sft Tch Sunscreen Urban Def SPF50 60ml,"$3,715.74 "
4500156404,10/29/2024,2024,Q4,10,12/03/2024,KY,1712,00470,216,Each,5.01,APB,APB68271,8.80987E+12,Glutath Niacinamide Mist Essence 105ml,"$1,082.16 "
4500156404,10/29/2024,2024,Q4,10,12/03/2024,KY,1712,00480,40,Each,7.84,TSN,TSN01014,8.80962E+12,TS Chkhan HairColorCream 05DkBrwn 120g,$313.60 
4500156404,10/29/2024,2024,Q4,10,12/03/2024,KY,1712,00490,192,Each,1.71,NRP,NRP43829,8.80617E+12,Frsh Herb Aloe Cleans Foam 5.74 floz,$328.32 
4500156404,10/29/2024,2024,Q4,10,12/03/2024,KY,1712,00500,240,Each,0.45,NRP,NRP44935,8.80617E+12,REAL NATURE ROYAL JELLY MASK SHEET 23ml,$108.00 
4500156404,10/29/2024,2024,Q4,10,12/03/2024,KY,1712,00510,320,Each,0.45,NRP,NRP44946,8.80617E+12,REAL NATURE ROSE MASK SHEET 23ml,$144.00 
4500156404,10/29/2024,2024,Q4,10,12/03/2024,KY,1712,00520,80,Each,0.45,NRP,NRP44948,8.80617E+12,REAL NATURE TEA TREE MASK SHEET 23ml,$36.00 
4500156404,10/29/2024,2024,Q4,10,12/03/2024,KY,1712,00530,240,Each,0.45,NRP,NRP45606,8.80617E+12,REAL NATURE OLIVE MASK SHEET 23ml,$108.00 
4500156404,10/29/2024,2024,Q4,10,12/03/2024,KY,1712,00540,160,Each,0.45,NRP,NRP45607,8.80617E+12,REAL NATURE SHEA BUTTER MASK SHEET 23ml,$72.00 
4500156404,10/29/2024,2024,Q4,10,12/03/2024,KY,1712,00550,120,Each,3.27,NRP,NRP45742,8.80617E+12,Jeju Spark Cleans Tissue 50 Sheets 205g,$392.40 
4500156404,10/29/2024,2024,Q4,10,12/03/2024,KY,1712,00560,128,Each,5.42,NRP,NRP46216,8.80617E+12,Niacinamide Luminous Skin Ampoule 30 ml,$693.76 
4500156404,10/29/2024,2024,Q4,10,12/03/2024,KY,1712,00570,16,Each,5.42,NRP,NRP46220,8.80617E+12,Collagen Skin Elasticity Ampoule 30 ml,$86.72 
4500156404,10/29/2024,2024,Q4,10,12/03/2024,KY,1712,00580,168,Each,4.97,NRP,NRP46861,8.80617E+12,Argan Essential DeepCareHairPack 200ml,$834.96 
4500156405,10/29/2024,2024,Q4,10,12/30/2024,CA,1710,00010,40,Each,3.24,HBF,HBF94578,8.80962E+12,HBAF Roasted Onion Almond 120 g,$129.60 
4500156405,10/29/2024,2024,Q4,10,12/30/2024,CA,1710,00020,150,Each,7.99,LFT,LFT67921,8.80592E+12,Lacto Fit Gold 100 g,"$1,198.50 "
4500156405,10/29/2024,2024,Q4,10,12/30/2024,CA,1710,00030,40,Each,3.24,HBF,HBF94449,8.80962E+12,HBAF Honey Butter Almond 120 g,$129.60 
4500156405,10/29/2024,2024,Q4,10,12/30/2024,CA,1710,00040,90,Each,8.33,LFT,LFT68101,8.80592E+12,Lacto Fit Core 120 g,$749.70 
4500156405,10/29/2024,2024,Q4,10,12/30/2024,CA,1710,00050,60,Each,3.24,HBF,HBF94201,8.80962E+12,HBAF Caramel Salt Almond & Pretzel 120g,$194.40 
4500156405,10/29/2024,2024,Q4,10,12/30/2024,CA,1710,00060,120,Each,12.99,LFT,LFT68201,8.80592E+12,Lacto Fit Slim 120 g,"$1,558.80 "
4500156406,10/29/2024,2024,Q4,10,01/02/2025,KY,1712,00010,40,Each,3.24,HBF,HBF94578,8.80962E+12,HBAF Roasted Onion Almond 120 g,$129.60 
4500156406,10/29/2024,2024,Q4,10,01/02/2025,KY,1712,00020,90,Each,9.53,LFT,LFT69431,8.80592E+12,Lacto Fit Liver Support 120 g,$857.70 
4500156406,10/29/2024,2024,Q4,10,01/02/2025,KY,1712,00030,60,Each,10.51,LFT,LFT69271,8.80592E+12,Lacto Fit Glucose Control 120 g,$630.60 
4500156406,10/29/2024,2024,Q4,10,01/02/2025,KY,1712,00040,30,Each,10.15,LFT,LFT68241,8.80592E+12,Plant-based Lacto Fit 120 g,$304.50 
4500156406,10/29/2024,2024,Q4,10,01/02/2025,KY,1712,00050,150,Each,12.99,LFT,LFT68201,8.80592E+12,Lacto Fit Slim 120 g,"$1,948.50 "
4500156406,10/29/2024,2024,Q4,10,01/02/2025,KY,1712,00060,240,Each,15.94,LFT,LFT68181,8.80592E+12,Lacto Fit Beauty 120 g,"$3,825.60 "
4500156406,10/29/2024,2024,Q4,10,01/02/2025,KY,1712,00070,210,Each,8.33,LFT,LFT68101,8.80592E+12,Lacto Fit Core 120 g,"$1,749.30 "
4500156406,10/29/2024,2024,Q4,10,01/02/2025,KY,1712,00080,60,Each,7.99,LFT,LFT67921,8.80592E+12,Lacto Fit Gold 100 g,$479.40 
4500156406,10/29/2024,2024,Q4,10,01/02/2025,KY,1712,00090,120,Each,10.15,LFT,LFT67871,8.80592E+12,Lacto Fit Kids 120 g,"$1,218.00 "
4500156406,10/29/2024,2024,Q4,10,01/02/2025,KY,1712,00100,20,Each,3.24,HBF,HBF94493,8.80962E+12,HBAF Cheongyang Mayo Almond 120 g,$64.80 
4500156406,10/29/2024,2024,Q4,10,01/02/2025,KY,1712,00110,80,Each,3.24,HBF,HBF94478,8.80962E+12,HBAF Tteokbokki Almond 120 g,$259.20 
4500156406,10/29/2024,2024,Q4,10,01/02/2025,KY,1712,00120,40,Each,3.24,HBF,HBF94477,8.80962E+12,HBAF Hot & Spicy Chicken Almond 120 g,$129.60 
4500156406,10/29/2024,2024,Q4,10,01/02/2025,KY,1712,00130,60,Each,3.24,HBF,HBF94201,8.80962E+12,HBAF Caramel Salt Almond & Pretzel 120g,$194.40 
4500156515,10/30/2024,2024,Q4,10,12/02/2024,KY,1712,00010,42,Each,12.34,DMX,DMX48141,8.80989E+12,TX Cream 1.69 fl oz (50 ml),$518.28 
4500156515,10/30/2024,2024,Q4,10,12/02/2024,KY,1712,00020,60,Each,10.49,DMX,DMX48185,8.80989E+12,Bond Clin Prot Bond Remod Clinic 250ml,$629.40 
4500156516,10/30/2024,2024,Q4,10,12/02/2024,CA,1710,00010,84,Each,12.34,DMX,DMX48141,8.80989E+12,TX Cream 1.69 fl oz (50 ml),"$1,036.56 "
4500156516,10/30/2024,2024,Q4,10,12/02/2024,CA,1710,00020,120,Each,10.49,DMX,DMX48185,8.80989E+12,Bond Clin Prot Bond Remod Clinic 250ml,"$1,258.80 "
4500158807,11/13/2024,2024,Q4,11,12/13/2024,CA,1710,00010,15,Each,10.4,MUZ,MUZ58033,8.80984E+12,Objct Liq Lip Tnt 013 Appeal .20 floz,$156.00 
4500158807,11/13/2024,2024,Q4,11,12/13/2024,CA,1710,00020,15,Each,10.4,MUZ,MUZ58043,8.80984E+12,Objct Mat Lip Tnt 003 Posh .20 floz,$156.00 
4500158807,11/13/2024,2024,Q4,11,12/13/2024,CA,1710,00030,15,Each,10.4,MUZ,MUZ58045,8.80984E+12,Objct Mat Lip Tnt 005 Diva .20 floz,$156.00 
4500158807,11/13/2024,2024,Q4,11,12/13/2024,CA,1710,00040,15,Each,10.4,MUZ,MUZ58047,8.80984E+12,Objct Mat Lip Tnt 007 Rare.20 floz,$156.00 
4500158807,11/13/2024,2024,Q4,11,12/13/2024,CA,1710,00050,16,Each,5.42,NRP,NRP46220,8.80617E+12,Collagen Skin Elasticity Ampoule 30 ml,$86.72 
4500158807,11/13/2024,2024,Q4,11,12/13/2024,CA,1710,00060,48,Each,5.42,NRP,NRP46216,8.80617E+12,Niacinamide Luminous Skin Ampoule 30 ml,$260.16 
4500158807,11/13/2024,2024,Q4,11,12/13/2024,CA,1710,00070,16,Each,5.42,NRP,NRP46214,8.80617E+12,Tea Tree Pore Care Ampoule 30 ml,$86.72 
4500158807,11/13/2024,2024,Q4,11,12/13/2024,CA,1710,00080,24,Each,6.53,NRP,NRP46868,8.80617E+12,Argan Essential Deep Care Cond 300ml,$156.72 
4500158807,11/13/2024,2024,Q4,11,12/13/2024,CA,1710,00090,12,Each,6.1,NRP,NRP47192,8.80617E+12,Calendula Forest GardnDpClnsngOil 200ml,$73.20 
4500158807,11/13/2024,2024,Q4,11,12/13/2024,CA,1710,00100,18,Each,24.4,MUZ,MUZ58083,8.80984E+12,Sleek Matt Cushion N23 30 g,$439.20 
4500158807,11/13/2024,2024,Q4,11,12/13/2024,CA,1710,00110,24,Each,6.29,NRP,NRP47193,8.80617E+12,Chamomile Forest Garden DpClnsOil 200ml,$150.96 
4500158807,11/13/2024,2024,Q4,11,12/13/2024,CA,1710,00120,24,Each,2.13,NRP,NRP48298,8.80617E+12,Sooth Moist AloeVeraClnsng GelCrm 150ml,$51.12 
4500158807,11/13/2024,2024,Q4,11,12/13/2024,CA,1710,00130,12,Each,8.28,NRP,NRP47879,8.80617E+12,Real Squeeze Aloe Vera Emulsion 130ml,$99.36 
4500158807,11/13/2024,2024,Q4,11,12/13/2024,CA,1710,00140,24,Each,2.96,NRP,NRP42355,8.80617E+12,BAMBOO CHARCOAL MUD PACK 150g,$71.04 
4500158807,11/13/2024,2024,Q4,11,12/13/2024,CA,1710,00150,80,Each,0.45,NRP,NRP44938,8.80617E+12,REAL NATURE TOMATO MASK SHEET 23ml,$36.00 
4500158807,11/13/2024,2024,Q4,11,12/13/2024,CA,1710,00160,24,Each,1.71,NRP,NRP43831,8.80617E+12,Frsh Herb Peach Cleans Foam 5.74 floz,$41.04 
4500158807,11/13/2024,2024,Q4,11,12/13/2024,CA,1710,00170,264,Each,5.01,APB,APB68268,8.80987E+12,Glutath Niacinamide Facial Cream 55ml,"$1,322.64 "
4500158807,11/13/2024,2024,Q4,11,12/13/2024,CA,1710,00180,20,Each,11.53,SRI,SRI99760,8.80908E+12,Organic Hand Lip Care Set 50ml4g,$230.60 
4500158807,11/13/2024,2024,Q4,11,12/13/2024,CA,1710,00190,16,Each,9.4,SRI,SRI99706,8.80908E+12,Day By Day Cleansing Gel 150ml,$150.40 
4500158807,11/13/2024,2024,Q4,11,12/13/2024,CA,1710,00200,32,Each,9.4,SRI,SRI99705,8.80908E+12,Time Is Running Out Mist 100ml,$300.80 
4500158807,11/13/2024,2024,Q4,11,12/13/2024,CA,1710,00210,18,Each,16.23,SRI,SRI77910,8.80919E+12,All Your Love Body Cream 300ml,$292.14 
4500158807,11/13/2024,2024,Q4,11,12/13/2024,CA,1710,00220,18,Each,14.52,SRI,SRI55258,8.80616E+12,Enriched By Nature Cream 50ml,$261.36 
4500158807,11/13/2024,2024,Q4,11,12/13/2024,CA,1710,00230,36,Each,11.96,SRI,SRI55257,8.80616E+12,My First Essener 100ml,$430.56 
4500158807,11/13/2024,2024,Q4,11,12/13/2024,CA,1710,00240,10,Each,10.4,MUZ,MUZ58024,8.80984E+12,Icy Glow 04 Wonder 0.18 fl oz,$104.00 
4500158807,11/13/2024,2024,Q4,11,12/13/2024,CA,1710,00250,20,Each,9.26,PIT,PIT10014,8.80956E+12,Centella Grn LevelBuffet Srm 2 floz,$185.20 
4500158807,11/13/2024,2024,Q4,11,12/13/2024,CA,1710,00260,24,Each,4.18,PIT,PIT10074,8.80956E+12,Jeju Volcanic Scoria Konjac Sponge 1pc,$100.32 
4500158807,11/13/2024,2024,Q4,11,12/13/2024,CA,1710,00270,21,Each,7.34,PIT,PIT10082,8.80956E+12,Centella Unscented Mini Kit 3pc,$154.14 
4500158807,11/13/2024,2024,Q4,11,12/13/2024,CA,1710,00280,70,Each,5.47,PIT,PIT10142,8.80956E+12,CICA CLEARING BBCRM 15 ROSE IVORY 1oz,$382.90 
4500158807,11/13/2024,2024,Q4,11,12/13/2024,CA,1710,00290,35,Each,5.47,PIT,PIT10143,8.80956E+12,CICA CLEARING BBCRM 31 DEEP WARM 1oz,$191.45 
4500158807,11/13/2024,2024,Q4,11,12/13/2024,CA,1710,00300,60,Each,9.92,PIT,PIT10213,8.80956E+12,Dermd Cica Barrier Sleep Pack2.7 fl oz,$595.20 
4500158807,11/13/2024,2024,Q4,11,12/13/2024,CA,1710,00310,42,Each,10.79,PIT,PIT10236,8.80956E+12,Timeless Bloom Bakuchiol Serum 1.01floz,$453.18 
4500158807,11/13/2024,2024,Q4,11,12/13/2024,CA,1710,00320,20,Each,9.92,PIT,PIT10265,8.80956E+12,DeepSea Droplet Serum SnowMushroom 30ml,$198.40 
4500158808,11/13/2024,2024,Q4,11,12/18/2024,KY,1712,00010,24,Each,10.9,NRP,NRP48603,8.80617E+12,Kombuch Blck Tea Treat Emul 4.39 floz,$261.60 
4500158808,11/13/2024,2024,Q4,11,12/18/2024,KY,1712,00020,12,Each,13.09,NRP,NRP48604,8.80617E+12,Kombuch Blck Tea Treat Amp 1.69 floz,$157.08 
4500158808,11/13/2024,2024,Q4,11,12/18/2024,KY,1712,00030,24,Each,12.65,NRP,NRP48605,8.80617E+12,Komb Blck Tea Treat Crm 1.69 floz,$303.60 
4500158808,11/13/2024,2024,Q4,11,12/18/2024,KY,1712,00040,12,Each,3.46,NRP,NRP47552,8.80617E+12,Body Peeling Mist Peach Scent 300 ml,$41.52 
4500158808,11/13/2024,2024,Q4,11,12/18/2024,KY,1712,00050,60,Each,3.46,NRP,NRP47551,8.80617E+12,Body Peeling Mist Phyto Scent 300 ml,$207.60 
4500158808,11/13/2024,2024,Q4,11,12/18/2024,KY,1712,00060,12,Each,4.45,NRP,NRP47490,8.80617E+12,Jeju Sparkling Mud Foam Cleanser 150ml,$53.40 
4500158808,11/13/2024,2024,Q4,11,12/18/2024,KY,1712,00070,48,Each,11.34,NRP,NRP48703,8.80617E+12,Blck Bn Invig Hair Shampoo 10.14 floz,$544.32 
4500158808,11/13/2024,2024,Q4,11,12/18/2024,KY,1712,00080,120,Each,5.01,APB,APB68267,8.80987E+12,Glutath Niacinamide Ampoule Serum 40ml,$601.20 
4500158808,11/13/2024,2024,Q4,11,12/18/2024,KY,1712,00090,12,Each,4.78,NRP,NRP47070,8.80617E+12,Relf Cre Spot Patch 24-12 MM 36-10 MM,$57.36 
4500158808,11/13/2024,2024,Q4,11,12/18/2024,KY,1712,00100,150,Each,0.56,APB,APB68269,8.80987E+12,Glutath Niacinamide Sheet Mask 25ml,$84.00 
4500158808,11/13/2024,2024,Q4,11,12/18/2024,KY,1712,00110,60,Each,6.03,NRP,NRP46863,8.80617E+12,Argan Essential Deep Care Hair Ess 80ml,$361.80 
4500158808,11/13/2024,2024,Q4,11,12/18/2024,KY,1712,00120,16,Each,5.42,NRP,NRP46220,8.80617E+12,Collagen Skin Elasticity Ampoule 30 ml,$86.72 
4500158808,11/13/2024,2024,Q4,11,12/18/2024,KY,1712,00130,16,Each,5.01,APB,APB68274,8.80987E+12,Glutath Niacinamide Body Lotion 300ml,$80.16 
4500158808,11/13/2024,2024,Q4,11,12/18/2024,KY,1712,00140,112,Each,5.42,NRP,NRP46216,8.80617E+12,Niacinamide Luminous Skin Ampoule 30 ml,$607.04 
4500158808,11/13/2024,2024,Q4,11,12/18/2024,KY,1712,00150,32,Each,10.46,NRP,NRP45415,8.80617E+12,Fresh Powdery Sun Stick SPF50 0.71 oz,$334.72 
4500158808,11/13/2024,2024,Q4,11,12/18/2024,KY,1712,00160,40,Each,0.45,NRP,NRP44948,8.80617E+12,REAL NATURE TEA TREE MASK SHEET 23ml,$18.00 
4500158808,11/13/2024,2024,Q4,11,12/18/2024,KY,1712,00170,36,Each,1.71,NRP,NRP43831,8.80617E+12,Frsh Herb Peach Cleans Foam 5.74 floz,$61.56 
4500158808,11/13/2024,2024,Q4,11,12/18/2024,KY,1712,00180,60,Each,1.71,NRP,NRP43830,8.80617E+12,Frsh Herb Snail Cleans Foam 5.74 floz,$102.60 
4500158808,11/13/2024,2024,Q4,11,12/18/2024,KY,1712,00190,24,Each,2.96,NRP,NRP42355,8.80617E+12,BAMBOO CHARCOAL MUD PACK 150g,$71.04 
4500158808,11/13/2024,2024,Q4,11,12/18/2024,KY,1712,00200,15,Each,10.4,MUZ,MUZ58033,8.80984E+12,Objct Liq Lip Tnt 013 Appeal .20 floz,$156.00 
4500158808,11/13/2024,2024,Q4,11,12/18/2024,KY,1712,00210,20,Each,13.67,SRI,SRI99710,8.80908E+12,Deep In A Barrier Cream 50ml,$273.40 
4500158808,11/13/2024,2024,Q4,11,12/18/2024,KY,1712,00220,16,Each,10.25,SRI,SRI99708,8.80908E+12,Cleanse Me Softly Milk Cleanser 200ml,$164.00 
4500158808,11/13/2024,2024,Q4,11,12/18/2024,KY,1712,00230,15,Each,10.4,MUZ,MUZ58041,8.80984E+12,Objct Mat Lip Tnt 001 Signatre .20 floz,$156.00 
4500158808,11/13/2024,2024,Q4,11,12/18/2024,KY,1712,00240,32,Each,9.4,SRI,SRI99705,8.80908E+12,Time Is Running Out Mist 100ml,$300.80 
4500158808,11/13/2024,2024,Q4,11,12/18/2024,KY,1712,00250,14,Each,11.48,PIT,PIT10256,8.80956E+12,Oatin Silky Toner 6.76 fl oz,$160.72 
4500158808,11/13/2024,2024,Q4,11,12/18/2024,KY,1712,00260,18,Each,16.23,SRI,SRI77910,8.80919E+12,All Your Love Body Cream 300ml,$292.14 
4500158808,11/13/2024,2024,Q4,11,12/18/2024,KY,1712,00270,15,Each,10.4,MUZ,MUZ58043,8.80984E+12,Objct Mat Lip Tnt 003 Posh .20 floz,$156.00 
4500158808,11/13/2024,2024,Q4,11,12/18/2024,KY,1712,00280,24,Each,9.93,PIT,PIT10253,8.80956E+12,From Green Cleansing Oil 6.76 fl oz,$238.32 
4500158808,11/13/2024,2024,Q4,11,12/18/2024,KY,1712,00290,10,Each,10.4,MUZ,MUZ58021,8.80984E+12,Icy Glow 01 Vague 0.18 fl oz,$104.00 
4500158808,11/13/2024,2024,Q4,11,12/18/2024,KY,1712,00300,15,Each,10.4,MUZ,MUZ58047,8.80984E+12,Objct Mat Lip Tnt 007 Rare.20 floz,$156.00 
4500158808,11/13/2024,2024,Q4,11,12/18/2024,KY,1712,00310,240,Each,9.05,PIT,PIT10038,8.80956E+12,Deep Sea Pure WtrCrm 1.7 floz,"$2,172.00 "
4500158808,11/13/2024,2024,Q4,11,12/18/2024,KY,1712,00320,24,Each,9.63,PIT,PIT10072,8.80956E+12,Pure VtmnCSrm  2 floz,$231.12 
4500158808,11/13/2024,2024,Q4,11,12/18/2024,KY,1712,00330,45,Each,6.5,PIT,PIT10102,8.80956E+12,CENTELLA UNSCENTED EYE CREAM 30ml,$292.50 
4500158808,11/13/2024,2024,Q4,11,12/18/2024,KY,1712,00340,250,Each,7.29,PIT,PIT10105,8.80956E+12,OATIN CALMING GEL CREAM 100ml,"$1,822.50 "
4500158809,11/13/2024,2024,Q4,11,01/13/2025,CA,1710,00010,30,Each,9.53,LFT,LFT69431,8.80592E+12,Lacto Fit Liver Support 120 g,$285.90 
4500158809,11/13/2024,2024,Q4,11,01/13/2025,CA,1710,00020,40,Each,3.24,HBF,HBF94201,8.80962E+12,HBAF Caramel Salt Almond & Pretzel 120g,$129.60 
4500158809,11/13/2024,2024,Q4,11,01/13/2025,CA,1710,00030,100,Each,3.24,HBF,HBF94449,8.80962E+12,HBAF Honey Butter Almond 120 g,$324.00 
4500158809,11/13/2024,2024,Q4,11,01/13/2025,CA,1710,00040,24,Each,10.51,LFT,LFT69271,8.80592E+12,Lacto Fit Glucose Control 120 g,$252.24 
4500158809,11/13/2024,2024,Q4,11,01/13/2025,CA,1710,00050,60,Each,3.24,HBF,HBF94451,8.80962E+12,HBAF Baked Corn Almond 120 g,$194.40 
4500158809,11/13/2024,2024,Q4,11,01/13/2025,CA,1710,00060,90,Each,10.15,LFT,LFT67871,8.80592E+12,Lacto Fit Kids 120 g,$913.50 
4500158809,11/13/2024,2024,Q4,11,01/13/2025,CA,1710,00070,40,Each,3.24,HBF,HBF94578,8.80962E+12,HBAF Roasted Onion Almond 120 g,$129.60 
4500158810,11/13/2024,2024,Q4,11,01/17/2025,KY,1712,00010,40,Each,3.24,HBF,HBF94201,8.80962E+12,HBAF Caramel Salt Almond & Pretzel 120g,$129.60 
4500158810,11/13/2024,2024,Q4,11,01/17/2025,KY,1712,00020,120,Each,3.24,HBF,HBF94449,8.80962E+12,HBAF Honey Butter Almond 120 g,$388.80 
4500158810,11/13/2024,2024,Q4,11,01/17/2025,KY,1712,00030,60,Each,10.15,LFT,LFT68241,8.80592E+12,Plant-based Lacto Fit 120 g,$609.00 
4500158810,11/13/2024,2024,Q4,11,01/17/2025,KY,1712,00040,60,Each,12.99,LFT,LFT68201,8.80592E+12,Lacto Fit Slim 120 g,$779.40 
4500158810,11/13/2024,2024,Q4,11,01/17/2025,KY,1712,00050,120,Each,15.94,LFT,LFT68181,8.80592E+12,Lacto Fit Beauty 120 g,"$1,912.80 "
4500158810,11/13/2024,2024,Q4,11,01/17/2025,KY,1712,00060,20,Each,3.24,HBF,HBF94493,8.80962E+12,HBAF Cheongyang Mayo Almond 120 g,$64.80 
4500158810,11/13/2024,2024,Q4,11,01/17/2025,KY,1712,00070,90,Each,7.99,LFT,LFT67921,8.80592E+12,Lacto Fit Gold 100 g,$719.10 
4500158810,11/13/2024,2024,Q4,11,01/17/2025,KY,1712,00080,60,Each,3.24,HBF,HBF94494,8.80962E+12,HBAF Garlic Bread Almond 120 g,$194.40 
4500158810,11/13/2024,2024,Q4,11,01/17/2025,KY,1712,00090,20,Each,3.24,HBF,HBF94533,8.80962E+12,HBAF Laver Almond 120 g,$64.80 
4500158810,11/13/2024,2024,Q4,11,01/17/2025,KY,1712,00100,60,Each,9.31,LFT,LFT67861,8.80592E+12,Lacto Fit Bebe 120 g,$558.60 
4500160297,11/22/2024,2024,Q4,11,12/23/2024,CA,1710,00010,42,Each,10.79,PIT,PIT10236,8.80956E+12,Timeless Bloom Bakuchiol Serum 1.01floz,$453.18 
4500160297,11/22/2024,2024,Q4,11,12/23/2024,CA,1710,00020,72,Each,9.61,PIT,PIT10247,8.80956E+12,Centella Unscented Recovery Cream 50ml,$691.92 
4500160297,11/22/2024,2024,Q4,11,12/23/2024,CA,1710,00030,22,Each,5.13,SRI,SRI99720,8.80908E+12,More Than Lip Balm 4g,$112.86 
4500160297,11/22/2024,2024,Q4,11,12/23/2024,CA,1710,00040,18,Each,16.23,SRI,SRI77910,8.80919E+12,All Your Love Body Cream 300ml,$292.14 
4500160297,11/22/2024,2024,Q4,11,12/23/2024,CA,1710,00050,18,Each,7.69,SRI,SRI77899,8.80919E+12,Let Me Refresh Foam Cleanser 120ml,$138.42 
4500160297,11/22/2024,2024,Q4,11,12/23/2024,CA,1710,00060,18,Each,14.52,SRI,SRI55258,8.80616E+12,Enriched By Nature Cream 50ml,$261.36 
4500160297,11/22/2024,2024,Q4,11,12/23/2024,CA,1710,00070,108,Each,9.83,PIT,PIT10307,8.80956E+12,Sft Tch Sunscreen Urban Def SPF50 60ml,"$1,061.64 "
4500160297,11/22/2024,2024,Q4,11,12/23/2024,CA,1710,00080,24,Each,2.96,NRP,NRP42355,8.80617E+12,BAMBOO CHARCOAL MUD PACK 150g,$71.04 
4500160297,11/22/2024,2024,Q4,11,12/23/2024,CA,1710,00090,72,Each,1.71,NRP,NRP43829,8.80617E+12,Frsh Herb Aloe Cleans Foam 5.74 floz,$123.12 
4500160297,11/22/2024,2024,Q4,11,12/23/2024,CA,1710,00100,36,Each,1.71,NRP,NRP43830,8.80617E+12,Frsh Herb Snail Cleans Foam 5.74 floz,$61.56 
4500160297,11/22/2024,2024,Q4,11,12/23/2024,CA,1710,00110,12,Each,1.71,NRP,NRP43832,8.80617E+12,Frsh Herb Acerol Cleans Foam 5.74 floz,$20.52 
4500160297,11/22/2024,2024,Q4,11,12/23/2024,CA,1710,00120,80,Each,0.45,NRP,NRP44946,8.80617E+12,REAL NATURE ROSE MASK SHEET 23ml,$36.00 
4500160297,11/22/2024,2024,Q4,11,12/23/2024,CA,1710,00130,64,Each,5.42,NRP,NRP46216,8.80617E+12,Niacinamide Luminous Skin Ampoule 30 ml,$346.88 
4500160297,11/22/2024,2024,Q4,11,12/23/2024,CA,1710,00140,40,Each,0.45,NRP,NRP45606,8.80617E+12,REAL NATURE OLIVE MASK SHEET 23ml,$18.00 
4500160297,11/22/2024,2024,Q4,11,12/23/2024,CA,1710,00150,48,Each,9.41,NRP,NRP48847,8.80617E+12,Aqa Sup Max Combin Watery Cream 80ml,$451.68 
4500160297,11/22/2024,2024,Q4,11,12/23/2024,CA,1710,00160,480,Each,2.13,NRP,NRP48814,8.80617E+12,NRP Aloe Vera Watery Gel 300ml,"$1,022.40 "
4500160297,11/22/2024,2024,Q4,11,12/23/2024,CA,1710,00170,12,Each,11.34,NRP,NRP48703,8.80617E+12,Blck Bn Invig Hair Shampoo 10.14 floz,$136.08 
4500160297,11/22/2024,2024,Q4,11,12/23/2024,CA,1710,00180,12,Each,6.09,NRP,NRP48619,8.80617E+12,Real Squeeze Aloe Vera Eye Serum 15ml,$73.08 
4500160297,11/22/2024,2024,Q4,11,12/23/2024,CA,1710,00190,24,Each,13.09,NRP,NRP48604,8.80617E+12,Kombuch Blck Tea Treat Amp 1.69 floz,$314.16 
4500160297,11/22/2024,2024,Q4,11,12/23/2024,CA,1710,00200,24,Each,2.13,NRP,NRP48297,8.80617E+12,Aloe Vera Foam Cleanser 5.07 fl oz,$51.12 
4500160297,11/22/2024,2024,Q4,11,12/23/2024,CA,1710,00210,12,Each,6.53,NRP,NRP48257,8.80617E+12,Green Derma Soothing Cream 100ml,$78.36 
4500160297,11/22/2024,2024,Q4,11,12/23/2024,CA,1710,00220,48,Each,4.97,NRP,NRP46861,8.80617E+12,Argan Essential DeepCareHairPack 200ml,$238.56 
4500160297,11/22/2024,2024,Q4,11,12/23/2024,CA,1710,00230,40,Each,5.01,APB,APB68267,8.80987E+12,Glutath Niacinamide Ampoule Serum 40ml,$200.40 
4500160297,11/22/2024,2024,Q4,11,12/23/2024,CA,1710,00240,70,Each,6.08,PIT,PIT10070,8.80956E+12,Cica Clring BB CrmSPF38PA#211.0floz,$425.60 
4500160297,11/22/2024,2024,Q4,11,12/23/2024,CA,1710,00250,35,Each,6.08,PIT,PIT10069,8.80956E+12,Cica Clrng BB CrmSPF38PA#231.0floz,$212.80 
4500160297,11/22/2024,2024,Q4,11,12/23/2024,CA,1710,00260,35,Each,6.08,PIT,PIT10068,8.80956E+12,Cica Clrng BB CrmSPF38PA#271.0floz,$212.80 
4500160297,11/22/2024,2024,Q4,11,12/23/2024,CA,1710,00270,220,Each,9.26,PIT,PIT10031,8.80956E+12,Centella Unscnt Srm 2 floz,"$2,037.20 "
4500160297,11/22/2024,2024,Q4,11,12/23/2024,CA,1710,00280,90,Each,6.61,PIT,PIT10015,8.80956E+12,Centella Grn LevelEyeCrm 1 floz,$594.90 
4500160297,11/22/2024,2024,Q4,11,12/23/2024,CA,1710,00290,21,Each,7.34,PIT,PIT10082,8.80956E+12,Centella Unscented Mini Kit 3pc,$154.14 
4500160297,11/22/2024,2024,Q4,11,12/23/2024,CA,1710,00300,45,Each,6.5,PIT,PIT10102,8.80956E+12,CENTELLA UNSCENTED EYE CREAM 30ml,$292.50 
4500160297,11/22/2024,2024,Q4,11,12/23/2024,CA,1710,00310,70,Each,5.47,PIT,PIT10141,8.80956E+12,CICA CLEARING BBCRM 13 NEUTRALIVORY 1oz,$382.90 
4500160297,11/22/2024,2024,Q4,11,12/23/2024,CA,1710,00320,24,Each,12,PIT,PIT10212,8.80956E+12,Dermide Relf Barrier Msturiz 3.38 fl oz,$288.00 
4500160298,11/22/2024,2024,Q4,11,12/27/2024,KY,1712,00010,18,Each,6.1,NRP,NRP47192,8.80617E+12,Calendula Forest GardnDpClnsngOil 200ml,$109.80 
4500160298,11/22/2024,2024,Q4,11,12/27/2024,KY,1712,00020,48,Each,4.42,NRP,NRP46865,8.80617E+12,Argan Essential Moist Hair Mist 220ml,$212.16 
4500160298,11/22/2024,2024,Q4,11,12/27/2024,KY,1712,00030,168,Each,9.05,PIT,PIT10038,8.80956E+12,Deep Sea Pure WtrCrm 1.7 floz,"$1,520.40 "
4500160298,11/22/2024,2024,Q4,11,12/27/2024,KY,1712,00040,240,Each,4.46,PIT,PIT10033,8.80956E+12,Wndr Rlf Cent Spot Patch 51 Pcs,"$1,070.40 "
4500160298,11/22/2024,2024,Q4,11,12/27/2024,KY,1712,00050,1020,Each,9.26,PIT,PIT10031,8.80956E+12,Centella Unscnt Srm 2 floz,"$9,445.20 "
4500160298,11/22/2024,2024,Q4,11,12/27/2024,KY,1712,00060,48,Each,11.34,NRP,NRP48703,8.80617E+12,Blck Bn Invig Hair Shampoo 10.14 floz,$544.32 
4500160298,11/22/2024,2024,Q4,11,12/27/2024,KY,1712,00070,350,Each,6.08,PIT,PIT10069,8.80956E+12,Cica Clrng BB CrmSPF38PA#231.0floz,"$2,128.00 "
4500160298,11/22/2024,2024,Q4,11,12/27/2024,KY,1712,00080,1656,Each,2.13,NRP,NRP48814,8.80617E+12,NRP Aloe Vera Watery Gel 300ml,"$3,527.28 "
4500160298,11/22/2024,2024,Q4,11,12/27/2024,KY,1712,00090,32,Each,5.42,NRP,NRP46222,8.80617E+12,Vitamin E Glossy Skin Ampoule 30 ml,$173.44 
4500160298,11/22/2024,2024,Q4,11,12/27/2024,KY,1712,00100,96,Each,9.63,PIT,PIT10072,8.80956E+12,Pure VtmnCSrm  2 floz,$924.48 
4500160298,11/22/2024,2024,Q4,11,12/27/2024,KY,1712,00110,80,Each,0.45,NRP,NRP44946,8.80617E+12,REAL NATURE ROSE MASK SHEET 23ml,$36.00 
4500160298,11/22/2024,2024,Q4,11,12/27/2024,KY,1712,00120,32,Each,5.42,NRP,NRP46220,8.80617E+12,Collagen Skin Elasticity Ampoule 30 ml,$173.44 
4500160298,11/22/2024,2024,Q4,11,12/27/2024,KY,1712,00130,24,Each,1.71,NRP,NRP43832,8.80617E+12,Frsh Herb Acerol Cleans Foam 5.74 floz,$41.04 
4500160298,11/22/2024,2024,Q4,11,12/27/2024,KY,1712,00140,72,Each,9.57,PIT,PIT10100,8.80956E+12,CENTELLA GREEN LEVEL CALM TONER 200ml,$689.04 
4500160298,11/22/2024,2024,Q4,11,12/27/2024,KY,1712,00150,24,Each,1.71,NRP,NRP43831,8.80617E+12,Frsh Herb Peach Cleans Foam 5.74 floz,$41.04 
4500160298,11/22/2024,2024,Q4,11,12/27/2024,KY,1712,00160,144,Each,5.01,APB,APB68274,8.80987E+12,Glutath Niacinamide Body Lotion 300ml,$721.44 
4500160298,11/22/2024,2024,Q4,11,12/27/2024,KY,1712,00170,135,Each,6.5,PIT,PIT10102,8.80956E+12,CENTELLA UNSCENTED EYE CREAM 30ml,$877.50 
4500160298,11/22/2024,2024,Q4,11,12/27/2024,KY,1712,00180,600,Each,7.29,PIT,PIT10105,8.80956E+12,OATIN CALMING GEL CREAM 100ml,"$4,374.00 "
4500160298,11/22/2024,2024,Q4,11,12/27/2024,KY,1712,00190,42,Each,5.01,APB,APB68272,8.80987E+12,Glutath Niacinamide Fac Cleanser 80ml,$210.42 
4500160298,11/22/2024,2024,Q4,11,12/27/2024,KY,1712,00200,150,Each,0.56,APB,APB68269,8.80987E+12,Glutath Niacinamide Sheet Mask 25ml,$84.00 
4500160298,11/22/2024,2024,Q4,11,12/27/2024,KY,1712,00210,210,Each,6.08,PIT,PIT10070,8.80956E+12,Cica Clring BB CrmSPF38PA#211.0floz,"$1,276.80 "
4500160298,11/22/2024,2024,Q4,11,12/27/2024,KY,1712,00220,108,Each,9.83,PIT,PIT10307,8.80956E+12,Sft Tch Sunscreen Urban Def SPF50 60ml,"$1,061.64 "
4500160298,11/22/2024,2024,Q4,11,12/27/2024,KY,1712,00230,84,Each,10.79,PIT,PIT10236,8.80956E+12,Timeless Bloom Bakuchiol Serum 1.01floz,$906.36 
4500160298,11/22/2024,2024,Q4,11,12/27/2024,KY,1712,00240,16,Each,8.53,PIT,PIT10279,8.80956E+12,From Grn Avocado Cleansing Balm 100ml,$136.48 
4500160298,11/22/2024,2024,Q4,11,12/27/2024,KY,1712,00250,105,Each,9.83,PIT,PIT10260,8.80956E+12,Daily Soft Touch Sunscreen 2.02 fl oz,"$1,032.15 "
4500160298,11/22/2024,2024,Q4,11,12/27/2024,KY,1712,00260,70,Each,5.47,PIT,PIT10142,8.80956E+12,CICA CLEARING BBCRM 15 ROSE IVORY 1oz,$382.90 
4500160298,11/22/2024,2024,Q4,11,12/27/2024,KY,1712,00270,18,Each,14.52,SRI,SRI55258,8.80616E+12,Enriched By Nature Cream 50ml,$261.36 
4500160298,11/22/2024,2024,Q4,11,12/27/2024,KY,1712,00280,120,Each,9.26,PIT,PIT10246,8.80956E+12,Centella Green Lev Rcov Crm 1.69 fl oz,"$1,111.20 "
4500160298,11/22/2024,2024,Q4,11,12/27/2024,KY,1712,00290,60,Each,12,PIT,PIT10212,8.80956E+12,Dermide Relf Barrier Msturiz 3.38 fl oz,$720.00 
4500160298,11/22/2024,2024,Q4,11,12/27/2024,KY,1712,00300,16,Each,10.25,SRI,SRI99708,8.80908E+12,Cleanse Me Softly Milk Cleanser 200ml,$164.00 
4500160298,11/22/2024,2024,Q4,11,12/27/2024,KY,1712,00310,80,Each,0.45,NRP,NRP45607,8.80617E+12,REAL NATURE SHEA BUTTER MASK SHEET 23ml,$36.00 
4500160298,11/22/2024,2024,Q4,11,12/27/2024,KY,1712,00320,96,Each,9.93,PIT,PIT10253,8.80956E+12,From Green Cleansing Oil 6.76 fl oz,$953.28 
4500160298,11/22/2024,2024,Q4,11,12/27/2024,KY,1712,00330,96,Each,9.61,PIT,PIT10247,8.80956E+12,Centella Unscented Recovery Cream 50ml,$922.56 
4500160298,11/22/2024,2024,Q4,11,12/27/2024,KY,1712,00340,80,Each,0.45,NRP,NRP45606,8.80617E+12,REAL NATURE OLIVE MASK SHEET 23ml,$36.00 
4500160299,11/22/2024,2024,Q4,11,01/21/2025,CA,1710,00010,40,Each,3.24,HBF,HBF94477,8.80962E+12,HBAF Hot & Spicy Chicken Almond 120 g,$129.60 
4500160299,11/22/2024,2024,Q4,11,01/21/2025,CA,1710,00020,60,Each,3.24,HBF,HBF94478,8.80962E+12,HBAF Tteokbokki Almond 120 g,$194.40 
4500160299,11/22/2024,2024,Q4,11,01/21/2025,CA,1710,00030,20,Each,3.24,HBF,HBF94493,8.80962E+12,HBAF Cheongyang Mayo Almond 120 g,$64.80 
4500160299,11/22/2024,2024,Q4,11,01/21/2025,CA,1710,00040,20,Each,3.24,HBF,HBF94494,8.80962E+12,HBAF Garlic Bread Almond 120 g,$64.80 
4500160299,11/22/2024,2024,Q4,11,01/21/2025,CA,1710,00050,20,Each,3.24,HBF,HBF94533,8.80962E+12,HBAF Laver Almond 120 g,$64.80 
4500160299,11/22/2024,2024,Q4,11,01/21/2025,CA,1710,00060,40,Each,3.24,HBF,HBF94451,8.80962E+12,HBAF Baked Corn Almond 120 g,$129.60 
4500160299,11/22/2024,2024,Q4,11,01/21/2025,CA,1710,00070,80,Each,3.24,HBF,HBF94201,8.80962E+12,HBAF Caramel Salt Almond & Pretzel 120g,$259.20 
4500160300,11/22/2024,2024,Q4,11,01/27/2025,KY,1712,00010,300,Each,12.99,LFT,LFT68201,8.80592E+12,Lacto Fit Slim 120 g,"$3,897.00 "
4500160300,11/22/2024,2024,Q4,11,01/27/2025,KY,1712,00020,600,Each,15.94,LFT,LFT68181,8.80592E+12,Lacto Fit Beauty 120 g,"$9,564.00 "
4500160300,11/22/2024,2024,Q4,11,01/27/2025,KY,1712,00030,40,Each,3.24,HBF,HBF94451,8.80962E+12,HBAF Baked Corn Almond 120 g,$129.60 
4500160300,11/22/2024,2024,Q4,11,01/27/2025,KY,1712,00040,30,Each,9.31,LFT,LFT67861,8.80592E+12,Lacto Fit Bebe 120 g,$279.30 
4500160300,11/22/2024,2024,Q4,11,01/27/2025,KY,1712,00050,40,Each,3.24,HBF,HBF94450,8.80962E+12,HBAF Wasabi Almond 120 g,$129.60 
4500162936,12/11/2024,2024,Q4,12,01/10/2025,CA,1710,00010,30,Each,9.92,PIT,PIT10213,8.80956E+12,Dermd Cica Barrier Sleep Pack2.7 fl oz,$297.60 
4500162936,12/11/2024,2024,Q4,12,01/10/2025,CA,1710,00020,24,Each,4.18,PIT,PIT10074,8.80956E+12,Jeju Volcanic Scoria Konjac Sponge 1pc,$100.32 
4500162936,12/11/2024,2024,Q4,12,01/10/2025,CA,1710,00030,40,Each,11.53,SRI,SRI99760,8.80908E+12,Organic Hand Lip Care Set 50ml4g,$461.20 
4500162936,12/11/2024,2024,Q4,12,01/10/2025,CA,1710,00040,15,Each,10.4,MUZ,MUZ58053,8.80984E+12,Fitting Blush 03 Ecstasy 5 g,$156.00 
4500162936,12/11/2024,2024,Q4,12,01/10/2025,CA,1710,00050,15,Each,10.4,MUZ,MUZ58033,8.80984E+12,Objct Liq Lip Tnt 013 Appeal .20 floz,$156.00 
4500162936,12/11/2024,2024,Q4,12,01/10/2025,CA,1710,00060,15,Each,10.4,MUZ,MUZ58055,8.80984E+12,Fitting Blush 05 Find 5 g,$156.00 
4500162936,12/11/2024,2024,Q4,12,01/10/2025,CA,1710,00070,18,Each,9.57,PIT,PIT10100,8.80956E+12,CENTELLA GREEN LEVEL CALM TONER 200ml,$172.26 
4500162936,12/11/2024,2024,Q4,12,01/10/2025,CA,1710,00080,48,Each,12,PIT,PIT10212,8.80956E+12,Dermide Relf Barrier Msturiz 3.38 fl oz,$576.00 
4500162936,12/11/2024,2024,Q4,12,01/10/2025,CA,1710,00090,30,Each,10.4,MUZ,MUZ58036,8.80984E+12,Objct Liq Lip Tnt 016 After .20 floz,$312.00 
4500162936,12/11/2024,2024,Q4,12,01/10/2025,CA,1710,00100,42,Each,8.25,NRP,NRP48845,8.80617E+12,Aqua Super Aqua Max Watery Essence 50ml,$346.50 
4500162936,12/11/2024,2024,Q4,12,01/10/2025,CA,1710,00110,768,Each,2.13,NRP,NRP48814,8.80617E+12,NRP Aloe Vera Watery Gel 300ml,"$1,635.84 "
4500162936,12/11/2024,2024,Q4,12,01/10/2025,CA,1710,00120,10,Each,10.4,MUZ,MUZ58026,8.80984E+12,Icy Glow 06 Cheshire 0.18 fl oz,$104.00 
4500162936,12/11/2024,2024,Q4,12,01/10/2025,CA,1710,00130,15,Each,12.48,MUZ,MUZ58061,8.80984E+12,Fitting Highlighter Fabulous 5 g,$187.20 
4500162936,12/11/2024,2024,Q4,12,01/10/2025,CA,1710,00140,40,Each,2.39,NRP,NRP48296,8.80617E+12,Aloe Vera Cleansing Tissue 80 Shts,$95.60 
4500162936,12/11/2024,2024,Q4,12,01/10/2025,CA,1710,00150,40,Each,5.01,APB,APB68276,8.80987E+12,Glutath Niacinamide Sunscreen 40ml,$200.40 
4500162936,12/11/2024,2024,Q4,12,01/10/2025,CA,1710,00160,80,Each,5.01,APB,APB68274,8.80987E+12,Glutath Niacinamide Body Lotion 300ml,$400.80 
4500162936,12/11/2024,2024,Q4,12,01/10/2025,CA,1710,00170,80,Each,5.01,APB,APB68273,8.80987E+12,Glutath Niacinamide Body Wash 300ml,$400.80 
4500162936,12/11/2024,2024,Q4,12,01/10/2025,CA,1710,00180,45,Each,6.5,PIT,PIT10102,8.80956E+12,CENTELLA UNSCENTED EYE CREAM 30ml,$292.50 
4500162936,12/11/2024,2024,Q4,12,01/10/2025,CA,1710,00190,175,Each,7.29,PIT,PIT10105,8.80956E+12,OATIN CALMING GEL CREAM 100ml,"$1,275.75 "
4500162936,12/11/2024,2024,Q4,12,01/10/2025,CA,1710,00200,24,Each,5.01,APB,APB68271,8.80987E+12,Glutath Niacinamide Mist Essence 105ml,$120.24 
4500162936,12/11/2024,2024,Q4,12,01/10/2025,CA,1710,00210,100,Each,5.01,APB,APB68267,8.80987E+12,Glutath Niacinamide Ampoule Serum 40ml,$501.00 
4500162936,12/11/2024,2024,Q4,12,01/10/2025,CA,1710,00220,72,Each,5.01,APB,APB68268,8.80987E+12,Glutath Niacinamide Facial Cream 55ml,$360.72 
4500162936,12/11/2024,2024,Q4,12,01/10/2025,CA,1710,00230,70,Each,6.08,PIT,PIT10070,8.80956E+12,Cica Clring BB CrmSPF38PA#211.0floz,$425.60 
4500162936,12/11/2024,2024,Q4,12,01/10/2025,CA,1710,00240,16,Each,4.42,NRP,NRP46865,8.80617E+12,Argan Essential Moist Hair Mist 220ml,$70.72 
4500162936,12/11/2024,2024,Q4,12,01/10/2025,CA,1710,00250,56,Each,12.34,DMX,DMX48141,8.80989E+12,TX Cream 1.69 fl oz (50 ml),$691.04 
4500162936,12/11/2024,2024,Q4,12,01/10/2025,CA,1710,00260,16,Each,6.53,NRP,NRP46868,8.80617E+12,Argan Essential Deep Care Cond 300ml,$104.48 
4500162936,12/11/2024,2024,Q4,12,01/10/2025,CA,1710,00270,14,Each,12.53,PIT,PIT10257,8.80956E+12,Oatin Intense Cream 5.07 fl oz,$175.42 
4500162936,12/11/2024,2024,Q4,12,01/10/2025,CA,1710,00280,48,Each,1.71,NRP,NRP43830,8.80617E+12,Frsh Herb Snail Cleans Foam 5.74 floz,$82.08 
4500162936,12/11/2024,2024,Q4,12,01/10/2025,CA,1710,00290,12,Each,7.08,NRP,NRP46862,8.80617E+12,Argan Essen Hair NoWash Treatmnt 160ml,$84.96 
4500162936,12/11/2024,2024,Q4,12,01/10/2025,CA,1710,00300,48,Each,5.42,NRP,NRP46216,8.80617E+12,Niacinamide Luminous Skin Ampoule 30 ml,$260.16 
4500162936,12/11/2024,2024,Q4,12,01/10/2025,CA,1710,00310,80,Each,4.97,NRP,NRP46861,8.80617E+12,Argan Essential DeepCareHairPack 200ml,$397.60 
4500162936,12/11/2024,2024,Q4,12,01/10/2025,CA,1710,00320,84,Each,9.83,PIT,PIT10260,8.80956E+12,Daily Soft Touch Sunscreen 2.02 fl oz,$825.72 
4500162936,12/11/2024,2024,Q4,12,01/10/2025,CA,1710,00330,16,Each,5.42,NRP,NRP46214,8.80617E+12,Tea Tree Pore Care Ampoule 30 ml,$86.72 
4500162936,12/11/2024,2024,Q4,12,01/10/2025,CA,1710,00340,36,Each,9.93,PIT,PIT10253,8.80956E+12,From Green Cleansing Oil 6.76 fl oz,$357.48 
4500162936,12/11/2024,2024,Q4,12,01/10/2025,CA,1710,00350,24,Each,1.71,NRP,NRP43829,8.80617E+12,Frsh Herb Aloe Cleans Foam 5.74 floz,$41.04 
4500162936,12/11/2024,2024,Q4,12,01/10/2025,CA,1710,00360,72,Each,9.05,PIT,PIT10038,8.80956E+12,Deep Sea Pure WtrCrm 1.7 floz,$651.60 
4500162936,12/11/2024,2024,Q4,12,01/10/2025,CA,1710,00370,48,Each,4.48,NRP,NRP47492,8.80617E+12,Jeju Spark Enrich Facial Clnsr 300ml,$215.04 
4500162936,12/11/2024,2024,Q4,12,01/10/2025,CA,1710,00380,108,Each,9.83,PIT,PIT10307,8.80956E+12,Sft Tch Sunscreen Urban Def SPF50 60ml,"$1,061.64 "
4500162936,12/11/2024,2024,Q4,12,01/10/2025,CA,1710,00390,40,Each,25.78,DMX,DMX48193,8.80989E+12,Eyephalt Eyecream For Eyebags 10ml,"$1,031.20 "
4500162936,12/11/2024,2024,Q4,12,01/10/2025,CA,1710,00400,24,Each,9.63,PIT,PIT10072,8.80956E+12,Pure VtmnCSrm  2 floz,$231.12 
4500162936,12/11/2024,2024,Q4,12,01/10/2025,CA,1710,00410,36,Each,14.52,SRI,SRI55258,8.80616E+12,Enriched By Nature Cream 50ml,$522.72 
4500162937,12/11/2024,2024,Q4,12,01/15/2025,KY,1712,00010,20,Each,9.92,PIT,PIT10265,8.80956E+12,DeepSea Droplet Serum SnowMushroom 30ml,$198.40 
4500162937,12/11/2024,2024,Q4,12,01/15/2025,KY,1712,00020,45,Each,10.4,MUZ,MUZ58043,8.80984E+12,Objct Mat Lip Tnt 003 Posh .20 floz,$468.00 
4500162937,12/11/2024,2024,Q4,12,01/15/2025,KY,1712,00030,75,Each,10.4,MUZ,MUZ58041,8.80984E+12,Objct Mat Lip Tnt 001 Signatre .20 floz,$780.00 
4500162937,12/11/2024,2024,Q4,12,01/15/2025,KY,1712,00040,18,Each,24.4,MUZ,MUZ58083,8.80984E+12,Sleek Matt Cushion N23 30 g,$439.20 
4500162937,12/11/2024,2024,Q4,12,01/15/2025,KY,1712,00050,15,Each,10.4,MUZ,MUZ58051,8.80984E+12,Fitting Blush 01 Odd 5 g,$156.00 
4500162937,12/11/2024,2024,Q4,12,01/15/2025,KY,1712,00060,108,Each,9.92,PIT,PIT10200,8.80956E+12,FermCmplx94 Boosting Essence 5.07 fl oz,"$1,071.36 "
4500162937,12/11/2024,2024,Q4,12,01/15/2025,KY,1712,00070,60,Each,9.92,PIT,PIT10201,8.80956E+12,Galacto Niacin 97 Power Essence 2 fl oz,$595.20 
4500162937,12/11/2024,2024,Q4,12,01/15/2025,KY,1712,00080,196,Each,12.53,PIT,PIT10257,8.80956E+12,Oatin Intense Cream 5.07 fl oz,"$2,455.88 "
4500162937,12/11/2024,2024,Q4,12,01/15/2025,KY,1712,00090,234,Each,9.83,PIT,PIT10307,8.80956E+12,Sft Tch Sunscreen Urban Def SPF50 60ml,"$2,300.22 "
4500162937,12/11/2024,2024,Q4,12,01/15/2025,KY,1712,00100,28,Each,12.34,DMX,DMX48141,8.80989E+12,TX Cream 1.69 fl oz (50 ml),$345.52 
4500162937,12/11/2024,2024,Q4,12,01/15/2025,KY,1712,00110,225,Each,9.92,PIT,PIT10213,8.80956E+12,Dermd Cica Barrier Sleep Pack2.7 fl oz,"$2,232.00 "
4500162937,12/11/2024,2024,Q4,12,01/15/2025,KY,1712,00120,30,Each,10.4,MUZ,MUZ58047,8.80984E+12,Objct Mat Lip Tnt 007 Rare.20 floz,$312.00 
4500162937,12/11/2024,2024,Q4,12,01/15/2025,KY,1712,00130,15,Each,10.4,MUZ,MUZ58052,8.80984E+12,Fitting Blush 02 Kinda 5 g,$156.00 
4500162937,12/11/2024,2024,Q4,12,01/15/2025,KY,1712,00140,35,Each,5.47,PIT,PIT10143,8.80956E+12,CICA CLEARING BBCRM 31 DEEP WARM 1oz,$191.45 
4500162937,12/11/2024,2024,Q4,12,01/15/2025,KY,1712,00150,30,Each,10.4,MUZ,MUZ58026,8.80984E+12,Icy Glow 06 Cheshire 0.18 fl oz,$312.00 
4500162937,12/11/2024,2024,Q4,12,01/15/2025,KY,1712,00160,100,Each,9.26,PIT,PIT10014,8.80956E+12,Centella Grn LevelBuffet Srm 2 floz,$926.00 
4500162937,12/11/2024,2024,Q4,12,01/15/2025,KY,1712,00170,315,Each,6.61,PIT,PIT10015,8.80956E+12,Centella Grn LevelEyeCrm 1 floz,"$2,082.15 "
4500162937,12/11/2024,2024,Q4,12,01/15/2025,KY,1712,00180,36,Each,10.98,PIT,PIT10034,8.80956E+12,Centella Unscented Toner 200 ml,$395.28 
4500162937,12/11/2024,2024,Q4,12,01/15/2025,KY,1712,00190,21,Each,5.01,APB,APB68272,8.80987E+12,Glutath Niacinamide Fac Cleanser 80ml,$105.21 
4500162937,12/11/2024,2024,Q4,12,01/15/2025,KY,1712,00200,15,Each,10.4,MUZ,MUZ58002,8.80984E+12,Objct Liq Lip Tnt 002 Sequence .20 floz,$156.00 
4500162937,12/11/2024,2024,Q4,12,01/15/2025,KY,1712,00210,240,Each,5.01,APB,APB68267,8.80987E+12,Glutath Niacinamide Ampoule Serum 40ml,"$1,202.40 "
4500162937,12/11/2024,2024,Q4,12,01/15/2025,KY,1712,00220,288,Each,5.01,APB,APB68268,8.80987E+12,Glutath Niacinamide Facial Cream 55ml,"$1,442.88 "
4500162937,12/11/2024,2024,Q4,12,01/15/2025,KY,1712,00230,130,Each,5.01,APB,APB68276,8.80987E+12,Glutath Niacinamide Sunscreen 40ml,$651.30 
4500162937,12/11/2024,2024,Q4,12,01/15/2025,KY,1712,00240,144,Each,5.01,APB,APB68274,8.80987E+12,Glutath Niacinamide Body Lotion 300ml,$721.44 
4500162937,12/11/2024,2024,Q4,12,01/15/2025,KY,1712,00250,40,Each,11.53,SRI,SRI99760,8.80908E+12,Organic Hand Lip Care Set 50ml4g,$461.20 
4500162937,12/11/2024,2024,Q4,12,01/15/2025,KY,1712,00260,16,Each,11.96,SRI,SRI55330,8.80616E+12,Fresh Moment Cleansing Oil 200ml,$191.36 
4500162937,12/11/2024,2024,Q4,12,01/15/2025,KY,1712,00270,96,Each,9.63,PIT,PIT10039,8.80956E+12,SeaBuckthorn V  1.7 floz,$924.48 
4500162937,12/11/2024,2024,Q4,12,01/15/2025,KY,1712,00280,35,Each,6.08,PIT,PIT10068,8.80956E+12,Cica Clrng BB CrmSPF38PA#271.0floz,$212.80 
4500162937,12/11/2024,2024,Q4,12,01/15/2025,KY,1712,00290,12,Each,2.96,NRP,NRP42355,8.80617E+12,BAMBOO CHARCOAL MUD PACK 150g,$35.52 
4500162937,12/11/2024,2024,Q4,12,01/15/2025,KY,1712,00300,84,Each,1.71,NRP,NRP43829,8.80617E+12,Frsh Herb Aloe Cleans Foam 5.74 floz,$143.64 
4500162937,12/11/2024,2024,Q4,12,01/15/2025,KY,1712,00310,24,Each,1.71,NRP,NRP43830,8.80617E+12,Frsh Herb Snail Cleans Foam 5.74 floz,$41.04 
4500162937,12/11/2024,2024,Q4,12,01/15/2025,KY,1712,00320,24,Each,1.71,NRP,NRP43832,8.80617E+12,Frsh Herb Acerol Cleans Foam 5.74 floz,$41.04 
4500162937,12/11/2024,2024,Q4,12,01/15/2025,KY,1712,00330,96,Each,5.42,NRP,NRP46216,8.80617E+12,Niacinamide Luminous Skin Ampoule 30 ml,$520.32 
4500162937,12/11/2024,2024,Q4,12,01/15/2025,KY,1712,00340,96,Each,4.97,NRP,NRP46861,8.80617E+12,Argan Essential DeepCareHairPack 200ml,$477.12 
4500162937,12/11/2024,2024,Q4,12,01/15/2025,KY,1712,00350,64,Each,4.42,NRP,NRP46865,8.80617E+12,Argan Essential Moist Hair Mist 220ml,$282.88 
4500162937,12/11/2024,2024,Q4,12,01/15/2025,KY,1712,00360,136,Each,6.53,NRP,NRP46867,8.80617E+12,Argan Essential Deep Care Shampoo 300ml,$888.08 
4500162937,12/11/2024,2024,Q4,12,01/15/2025,KY,1712,00370,104,Each,6.53,NRP,NRP46868,8.80617E+12,Argan Essential Deep Care Cond 300ml,$679.12 
4500162937,12/11/2024,2024,Q4,12,01/15/2025,KY,1712,00380,24,Each,4.78,NRP,NRP47070,8.80617E+12,Relf Cre Spot Patch 24-12 MM 36-10 MM,$114.72 
4500162937,12/11/2024,2024,Q4,12,01/15/2025,KY,1712,00390,24,Each,6.1,NRP,NRP47192,8.80617E+12,Calendula Forest GardnDpClnsngOil 200ml,$146.40 
4500162937,12/11/2024,2024,Q4,12,01/15/2025,KY,1712,00400,12,Each,8.28,NRP,NRP47345,8.80617E+12,Shea Butter Ultra Steam Crm 3.38 fl oz,$99.36 
4500162937,12/11/2024,2024,Q4,12,01/15/2025,KY,1712,00410,12,Each,8.28,NRP,NRP47346,8.80617E+12,Shea Butter Moist Steam Crm 3.38 floz,$99.36 
4500162937,12/11/2024,2024,Q4,12,01/15/2025,KY,1712,00420,60,Each,4.45,NRP,NRP47490,8.80617E+12,Jeju Sparkling Mud Foam Cleanser 150ml,$267.00 
4500162937,12/11/2024,2024,Q4,12,01/15/2025,KY,1712,00430,12,Each,4.48,NRP,NRP47492,8.80617E+12,Jeju Spark Enrich Facial Clnsr 300ml,$53.76 
4500162937,12/11/2024,2024,Q4,12,01/15/2025,KY,1712,00440,48,Each,3.46,NRP,NRP47552,8.80617E+12,Body Peeling Mist Peach Scent 300 ml,$166.08 
4500162937,12/11/2024,2024,Q4,12,01/15/2025,KY,1712,00450,96,Each,9.63,PIT,PIT10072,8.80956E+12,Pure VtmnCSrm  2 floz,$924.48 
4500162937,12/11/2024,2024,Q4,12,01/15/2025,KY,1712,00460,48,Each,4.18,PIT,PIT10075,8.80956E+12,Bamboo Charcoal Konjac Sponge 1pc,$200.64 
4500162937,12/11/2024,2024,Q4,12,01/15/2025,KY,1712,00470,48,Each,5.16,NRP,NRP49010,8.80617E+12,Mild and Mst Aloe Vera Water Gel 250ml,$247.68 
4500162937,12/11/2024,2024,Q4,12,01/15/2025,KY,1712,00480,210,Each,5.47,PIT,PIT10141,8.80956E+12,CICA CLEARING BBCRM 13 NEUTRALIVORY 1oz,"$1,148.70 "
4500162937,12/11/2024,2024,Q4,12,01/15/2025,KY,1712,00490,24,Each,6.53,NRP,NRP48257,8.80617E+12,Green Derma Soothing Cream 100ml,$156.72 
4500162937,12/11/2024,2024,Q4,12,01/15/2025,KY,1712,00500,30,Each,2.39,NRP,NRP48296,8.80617E+12,Aloe Vera Cleansing Tissue 80 Shts,$71.70 
4500162937,12/11/2024,2024,Q4,12,01/15/2025,KY,1712,00510,48,Each,2.13,NRP,NRP48297,8.80617E+12,Aloe Vera Foam Cleanser 5.07 fl oz,$102.24 
4500162937,12/11/2024,2024,Q4,12,01/15/2025,KY,1712,00520,24,Each,6.09,NRP,NRP48619,8.80617E+12,Real Squeeze Aloe Vera Eye Serum 15ml,$146.16 
4500162937,12/11/2024,2024,Q4,12,01/15/2025,KY,1712,00530,36,Each,11.34,NRP,NRP48703,8.80617E+12,Blck Bn Invig Hair Shampoo 10.14 floz,$408.24 
4500162937,12/11/2024,2024,Q4,12,01/15/2025,KY,1712,00540,66,Each,8.25,NRP,NRP48845,8.80617E+12,Aqua Super Aqua Max Watery Essence 50ml,$544.50 
4500162937,12/11/2024,2024,Q4,12,01/15/2025,KY,1712,00550,105,Each,5.47,PIT,PIT10142,8.80956E+12,CICA CLEARING BBCRM 15 ROSE IVORY 1oz,$574.35 
4500162938,12/11/2024,2024,Q4,12,02/10/2025,CA,1710,00010,60,Each,7.99,LFT,LFT67921,8.80592E+12,Lacto Fit Gold 100 g,$479.40 
4500162938,12/11/2024,2024,Q4,12,02/10/2025,CA,1710,00020,90,Each,8.33,LFT,LFT68101,8.80592E+12,Lacto Fit Core 120 g,$749.70 
4500162938,12/11/2024,2024,Q4,12,02/10/2025,CA,1710,00030,30,Each,15.94,LFT,LFT68181,8.80592E+12,Lacto Fit Beauty 120 g,$478.20 
4500162938,12/11/2024,2024,Q4,12,02/10/2025,CA,1710,00040,90,Each,12.99,LFT,LFT68201,8.80592E+12,Lacto Fit Slim 120 g,"$1,169.10 "
4500162938,12/11/2024,2024,Q4,12,02/10/2025,CA,1710,00050,30,Each,9.31,LFT,LFT67861,8.80592E+12,Lacto Fit Bebe 120 g,$279.30 
4500162938,12/11/2024,2024,Q4,12,02/10/2025,CA,1710,00060,42,Each,10.51,LFT,LFT69271,8.80592E+12,Lacto Fit Glucose Control 120 g,$441.42 
4500162938,12/11/2024,2024,Q4,12,02/10/2025,CA,1710,00070,120,Each,3.24,HBF,HBF94449,8.80962E+12,HBAF Honey Butter Almond 120 g,$388.80 
4500162938,12/11/2024,2024,Q4,12,02/10/2025,CA,1710,00080,30,Each,10.15,LFT,LFT67871,8.80592E+12,Lacto Fit Kids 120 g,$304.50 
4500162939,12/11/2024,2024,Q4,12,02/14/2025,KY,1712,00010,30,Each,10.15,LFT,LFT67871,8.80592E+12,Lacto Fit Kids 120 g,$304.50 
4500162939,12/11/2024,2024,Q4,12,02/14/2025,KY,1712,00020,30,Each,10.15,LFT,LFT68241,8.80592E+12,Plant-based Lacto Fit 120 g,$304.50 
4500162939,12/11/2024,2024,Q4,12,02/14/2025,KY,1712,00030,30,Each,9.53,LFT,LFT69431,8.80592E+12,Lacto Fit Liver Support 120 g,$285.90 
4500164227,12/19/2024,2024,Q4,12,01/16/2024,KY,1712,00010,1536,Each,2.13,NRP,NRP48814,8.80617E+12,NRP Aloe Vera Watery Gel 300ml,"$3,271.68 "
4500164228,12/19/2024,2024,Q4,12,01/16/2024,CA,1710,00010,576,Each,2.13,NRP,NRP48814,8.80617E+12,NRP Aloe Vera Watery Gel 300ml,"$1,226.88 "
4500166120,01/10/2025,2025,Q1,01,02/10/2025,CA,1710,00010,24,Each,6.1,NRP,NRP47192,8.80617E+12,Calendula Forest GardnDpClnsngOil 200ml,$146.40 
4500166120,01/10/2025,2025,Q1,01,02/10/2025,CA,1710,00020,40,Each,6.53,NRP,NRP46868,8.80617E+12,Argan Essential Deep Care Cond 300ml,$261.20 
4500166120,01/10/2025,2025,Q1,01,02/10/2025,CA,1710,00030,32,Each,6.53,NRP,NRP46867,8.80617E+12,Argan Essential Deep Care Shampoo 300ml,$208.96 
4500166120,01/10/2025,2025,Q1,01,02/10/2025,CA,1710,00040,72,Each,4.42,NRP,NRP46865,8.80617E+12,Argan Essential Moist Hair Mist 220ml,$318.24 
4500166120,01/10/2025,2025,Q1,01,02/10/2025,CA,1710,00050,48,Each,6.03,NRP,NRP46863,8.80617E+12,Argan Essential Deep Care Hair Ess 80ml,$289.44 
4500166120,01/10/2025,2025,Q1,01,02/10/2025,CA,1710,00060,36,Each,7.08,NRP,NRP46862,8.80617E+12,Argan Essen Hair NoWash Treatmnt 160ml,$254.88 
4500166120,01/10/2025,2025,Q1,01,02/10/2025,CA,1710,00070,24,Each,4.97,NRP,NRP46861,8.80617E+12,Argan Essential DeepCareHairPack 200ml,$119.28 
4500166120,01/10/2025,2025,Q1,01,02/10/2025,CA,1710,00080,32,Each,5.42,NRP,NRP46222,8.80617E+12,Vitamin E Glossy Skin Ampoule 30 ml,$173.44 
4500166120,01/10/2025,2025,Q1,01,02/10/2025,CA,1710,00090,40,Each,3.27,NRP,NRP45742,8.80617E+12,Jeju Spark Cleans Tissue 50 Sheets 205g,$130.80 
4500166120,01/10/2025,2025,Q1,01,02/10/2025,CA,1710,00100,120,Each,0.45,NRP,NRP45607,8.80617E+12,REAL NATURE SHEA BUTTER MASK SHEET 23ml,$54.00 
4500166120,01/10/2025,2025,Q1,01,02/10/2025,CA,1710,00110,80,Each,0.45,NRP,NRP45606,8.80617E+12,REAL NATURE OLIVE MASK SHEET 23ml,$36.00 
4500166120,01/10/2025,2025,Q1,01,02/10/2025,CA,1710,00120,40,Each,0.45,NRP,NRP44948,8.80617E+12,REAL NATURE TEA TREE MASK SHEET 23ml,$18.00 
4500166120,01/10/2025,2025,Q1,01,02/10/2025,CA,1710,00130,200,Each,0.45,NRP,NRP44946,8.80617E+12,REAL NATURE ROSE MASK SHEET 23ml,$90.00 
4500166120,01/10/2025,2025,Q1,01,02/10/2025,CA,1710,00140,120,Each,0.45,NRP,NRP44938,8.80617E+12,REAL NATURE TOMATO MASK SHEET 23ml,$54.00 
4500166120,01/10/2025,2025,Q1,01,02/10/2025,CA,1710,00150,200,Each,0.45,NRP,NRP44935,8.80617E+12,REAL NATURE ROYAL JELLY MASK SHEET 23ml,$90.00 
4500166120,01/10/2025,2025,Q1,01,02/10/2025,CA,1710,00160,24,Each,1.71,NRP,NRP43832,8.80617E+12,Frsh Herb Acerol Cleans Foam 5.74 floz,$41.04 
4500166120,01/10/2025,2025,Q1,01,02/10/2025,CA,1710,00170,24,Each,1.71,NRP,NRP43831,8.80617E+12,Frsh Herb Peach Cleans Foam 5.74 floz,$41.04 
4500166120,01/10/2025,2025,Q1,01,02/10/2025,CA,1710,00180,96,Each,1.71,NRP,NRP43830,8.80617E+12,Frsh Herb Snail Cleans Foam 5.74 floz,$164.16 
4500166120,01/10/2025,2025,Q1,01,02/10/2025,CA,1710,00190,120,Each,1.71,NRP,NRP43829,8.80617E+12,Frsh Herb Aloe Cleans Foam 5.74 floz,$205.20 
4500166120,01/10/2025,2025,Q1,01,02/10/2025,CA,1710,00200,96,Each,2.96,NRP,NRP42355,8.80617E+12,BAMBOO CHARCOAL MUD PACK 150g,$284.16 
4500166120,01/10/2025,2025,Q1,01,02/10/2025,CA,1710,00210,30,Each,10.4,MUZ,MUZ58041,8.80984E+12,Objct Mat Lip Tnt 001 Signatre .20 floz,$312.00 
4500166120,01/10/2025,2025,Q1,01,02/10/2025,CA,1710,00220,20,Each,10.4,MUZ,MUZ58025,8.80984E+12,Icy Glow 05 Temping 0.18 fl oz,$208.00 
4500166120,01/10/2025,2025,Q1,01,02/10/2025,CA,1710,00230,20,Each,10.4,MUZ,MUZ58024,8.80984E+12,Icy Glow 04 Wonder 0.18 fl oz,$208.00 
4500166120,01/10/2025,2025,Q1,01,02/10/2025,CA,1710,00240,72,Each,6.29,NRP,NRP47193,8.80617E+12,Chamomile Forest Garden DpClnsOil 200ml,$452.88 
4500166120,01/10/2025,2025,Q1,01,02/10/2025,CA,1710,00250,32,Each,10.25,SRI,SRI99761,8.80908E+12,Cleanse Me SoftlyMilkClnsr Citrus 200ml,$328.00 
4500166120,01/10/2025,2025,Q1,01,02/10/2025,CA,1710,00260,40,Each,7.69,SRI,SRI99757,8.80908E+12,Back To My Memories Handcream  50ml,$307.60 
4500166120,01/10/2025,2025,Q1,01,02/10/2025,CA,1710,00270,88,Each,5.13,SRI,SRI99720,8.80908E+12,More Than Lip Balm 4g,$451.44 
4500166120,01/10/2025,2025,Q1,01,02/10/2025,CA,1710,00280,20,Each,13.67,SRI,SRI99710,8.80908E+12,Deep In A Barrier Cream 50ml,$273.40 
4500166120,01/10/2025,2025,Q1,01,02/10/2025,CA,1710,00290,32,Each,10.25,SRI,SRI99708,8.80908E+12,Cleanse Me Softly Milk Cleanser 200ml,$328.00 
4500166120,01/10/2025,2025,Q1,01,02/10/2025,CA,1710,00300,48,Each,9.4,SRI,SRI99705,8.80908E+12,Time Is Running Out Mist 100ml,$451.20 
4500166120,01/10/2025,2025,Q1,01,02/10/2025,CA,1710,00310,18,Each,16.23,SRI,SRI77910,8.80919E+12,All Your Love Body Cream 300ml,$292.14 
4500166120,01/10/2025,2025,Q1,01,02/10/2025,CA,1710,00320,36,Each,7.69,SRI,SRI77899,8.80919E+12,Let Me Refresh Foam Cleanser 120ml,$276.84 
4500166120,01/10/2025,2025,Q1,01,02/10/2025,CA,1710,00330,54,Each,14.52,SRI,SRI55258,8.80616E+12,Enriched By Nature Cream 50ml,$784.08 
4500166120,01/10/2025,2025,Q1,01,02/10/2025,CA,1710,00340,54,Each,11.96,SRI,SRI55257,8.80616E+12,My First Essener 100ml,$645.84 
4500166120,01/10/2025,2025,Q1,01,02/10/2025,CA,1710,00350,24,Each,9.41,NRP,NRP48847,8.80617E+12,Aqa Sup Max Combin Watery Cream 80ml,$225.84 
4500166120,01/10/2025,2025,Q1,01,02/10/2025,CA,1710,00360,12,Each,7.33,NRP,NRP48844,8.80617E+12,Aqua Super Max Watery Emulsion 130ml,$87.96 
4500166120,01/10/2025,2025,Q1,01,02/10/2025,CA,1710,00370,18,Each,7.33,NRP,NRP48843,8.80617E+12,Aqua Super Aqua Max Watery Toner 150ml,$131.94 
4500166120,01/10/2025,2025,Q1,01,02/10/2025,CA,1710,00380,672,Each,2.13,NRP,NRP48814,8.80617E+12,NRP Aloe Vera Watery Gel 300ml,"$1,431.36 "
4500166120,01/10/2025,2025,Q1,01,02/10/2025,CA,1710,00390,24,Each,11.34,NRP,NRP48703,8.80617E+12,Blck Bn Invig Hair Shampoo 10.14 floz,$272.16 
4500166120,01/10/2025,2025,Q1,01,02/10/2025,CA,1710,00400,24,Each,13.96,NRP,NRP48695,8.80617E+12,Kombuch Blck Tea Frst Essce 4.73 floz,$335.04 
4500166120,01/10/2025,2025,Q1,01,02/10/2025,CA,1710,00410,12,Each,10.9,NRP,NRP48603,8.80617E+12,Kombuch Blck Tea Treat Emul 4.39 floz,$130.80 
4500166120,01/10/2025,2025,Q1,01,02/10/2025,CA,1710,00420,36,Each,2.13,NRP,NRP48297,8.80617E+12,Aloe Vera Foam Cleanser 5.07 fl oz,$76.68 
4500166120,01/10/2025,2025,Q1,01,02/10/2025,CA,1710,00430,80,Each,2.39,NRP,NRP48296,8.80617E+12,Aloe Vera Cleansing Tissue 80 Shts,$191.20 
4500166120,01/10/2025,2025,Q1,01,02/10/2025,CA,1710,00440,12,Each,6.53,NRP,NRP48257,8.80617E+12,Green Derma Soothing Cream 100ml,$78.36 
4500166120,01/10/2025,2025,Q1,01,02/10/2025,CA,1710,00450,24,Each,3.46,NRP,NRP47553,8.80617E+12,Body Peel Mist Cotton Scnt 10.14 floz,$83.04 
4500166120,01/10/2025,2025,Q1,01,02/10/2025,CA,1710,00460,36,Each,3.46,NRP,NRP47551,8.80617E+12,Body Peeling Mist Phyto Scent 300 ml,$124.56 
4500166120,01/10/2025,2025,Q1,01,02/10/2025,CA,1710,00470,36,Each,4.45,NRP,NRP47490,8.80617E+12,Jeju Sparkling Mud Foam Cleanser 150ml,$160.20 
4500166120,01/10/2025,2025,Q1,01,02/10/2025,CA,1710,00480,21,Each,5.01,APB,APB68272,8.80987E+12,Glutath Niacinamide Fac Cleanser 80ml,$105.21 
4500166120,01/10/2025,2025,Q1,01,02/10/2025,CA,1710,00490,192,Each,5.01,APB,APB68273,8.80987E+12,Glutath Niacinamide Body Wash 300ml,$961.92 
4500166120,01/10/2025,2025,Q1,01,02/10/2025,CA,1710,00500,304,Each,5.01,APB,APB68274,8.80987E+12,Glutath Niacinamide Body Lotion 300ml,"$1,523.04 "
4500166120,01/10/2025,2025,Q1,01,02/10/2025,CA,1710,00510,12,Each,4.66,APB,APB68399,8.80987E+12,Glutathione Niacinamide Cleans Blm 80ml,$55.92 
4500166120,01/10/2025,2025,Q1,01,02/10/2025,CA,1710,00520,96,Each,5.01,APB,APB68271,8.80987E+12,Glutath Niacinamide Mist Essence 105ml,$480.96 
4500166120,01/10/2025,2025,Q1,01,02/10/2025,CA,1710,00530,30,Each,15.07,DMX,DMX48184,8.80989E+12,TX Ret Double Effect Eye Cream 40g,$452.10 
4500166120,01/10/2025,2025,Q1,01,02/10/2025,CA,1710,00540,140,Each,5.01,APB,APB68270,8.80987E+12,Glutath Niacinamide Facial Toner 160ml,$701.40 
4500166120,01/10/2025,2025,Q1,01,02/10/2025,CA,1710,00550,100,Each,5.01,APB,APB68275,8.80987E+12,Glutath Niacinamide Eye Cream 20ml,$501.00 
4500166120,01/10/2025,2025,Q1,01,02/10/2025,CA,1710,00560,288,Each,5.01,APB,APB68268,8.80987E+12,Glutath Niacinamide Facial Cream 55ml,"$1,442.88 "
4500166120,01/10/2025,2025,Q1,01,02/10/2025,CA,1710,00570,10,Each,7.53,DMX,DMX48134,8.80989E+12,Exosome Repair Toner 300 ml,$75.30 
4500166120,01/10/2025,2025,Q1,01,02/10/2025,CA,1710,00580,240,Each,5.01,APB,APB68267,8.80987E+12,Glutath Niacinamide Ampoule Serum 40ml,"$1,202.40 "
4500166120,01/10/2025,2025,Q1,01,02/10/2025,CA,1710,00590,190,Each,5.01,APB,APB68276,8.80987E+12,Glutath Niacinamide Sunscreen 40ml,$951.90 
4500166121,01/10/2025,2025,Q1,01,02/14/2025,KY,1712,00010,90,Each,2.39,NRP,NRP48296,8.80617E+12,Aloe Vera Cleansing Tissue 80 Shts,$215.10 
4500166121,01/10/2025,2025,Q1,01,02/14/2025,KY,1712,00020,200,Each,5.01,APB,APB68276,8.80987E+12,Glutath Niacinamide Sunscreen 40ml,"$1,002.00 "
4500166121,01/10/2025,2025,Q1,01,02/14/2025,KY,1712,00030,108,Each,4.66,APB,APB68398,8.80987E+12,Glutathione Niacinamide Clean Oil 105ml,$503.28 
4500166121,01/10/2025,2025,Q1,01,02/14/2025,KY,1712,00040,144,Each,2.13,NRP,NRP48297,8.80617E+12,Aloe Vera Foam Cleanser 5.07 fl oz,$306.72 
4500166121,01/10/2025,2025,Q1,01,02/14/2025,KY,1712,00050,24,Each,6.53,NRP,NRP48257,8.80617E+12,Green Derma Soothing Cream 100ml,$156.72 
4500166121,01/10/2025,2025,Q1,01,02/14/2025,KY,1712,00060,72,Each,2.13,NRP,NRP48298,8.80617E+12,Sooth Moist AloeVeraClnsng GelCrm 150ml,$153.36 
4500166121,01/10/2025,2025,Q1,01,02/14/2025,KY,1712,00070,36,Each,4.78,NRP,NRP48435,8.80617E+12,After Care Spot Patch 60-12 MM,$172.08 
4500166121,01/10/2025,2025,Q1,01,02/14/2025,KY,1712,00080,48,Each,8.71,NRP,NRP48221,8.80617E+12,Green Derma Mild Cica Serum 1.69 fl oz,$418.08 
4500166121,01/10/2025,2025,Q1,01,02/14/2025,KY,1712,00090,12,Each,8.28,NRP,NRP47879,8.80617E+12,Real Squeeze Aloe Vera Emulsion 130ml,$99.36 
4500166121,01/10/2025,2025,Q1,01,02/14/2025,KY,1712,00100,84,Each,3.46,NRP,NRP47553,8.80617E+12,Body Peel Mist Cotton Scnt 10.14 floz,$290.64 
4500166121,01/10/2025,2025,Q1,01,02/14/2025,KY,1712,00110,108,Each,4.66,APB,APB68399,8.80987E+12,Glutathione Niacinamide Cleans Blm 80ml,$503.28 
4500166121,01/10/2025,2025,Q1,01,02/14/2025,KY,1712,00120,48,Each,3.46,NRP,NRP47552,8.80617E+12,Body Peeling Mist Peach Scent 300 ml,$166.08 
4500166121,01/10/2025,2025,Q1,01,02/14/2025,KY,1712,00130,72,Each,3.46,NRP,NRP47551,8.80617E+12,Body Peeling Mist Phyto Scent 300 ml,$249.12 
4500166121,01/10/2025,2025,Q1,01,02/14/2025,KY,1712,00140,108,Each,4.66,APB,APB68400,8.80987E+12,Glutathione Niacinamide Cln Water 160ml,$503.28 
4500166121,01/10/2025,2025,Q1,01,02/14/2025,KY,1712,00150,36,Each,4.48,NRP,NRP47492,8.80617E+12,Jeju Spark Enrich Facial Clnsr 300ml,$161.28 
4500166121,01/10/2025,2025,Q1,01,02/14/2025,KY,1712,00160,60,Each,4.45,NRP,NRP47490,8.80617E+12,Jeju Sparkling Mud Foam Cleanser 150ml,$267.00 
4500166121,01/10/2025,2025,Q1,01,02/14/2025,KY,1712,00170,108,Each,4.66,APB,APB68401,8.80987E+12,Glutath Niacin Toner Pad 60 Pads 100ml,$503.28 
4500166121,01/10/2025,2025,Q1,01,02/14/2025,KY,1712,00180,12,Each,8.28,NRP,NRP47347,8.80617E+12,Shea Butter Fresh Steam Crm 3.38 fl oz,$99.36 
4500166121,01/10/2025,2025,Q1,01,02/14/2025,KY,1712,00190,12,Each,8.28,NRP,NRP47346,8.80617E+12,Shea Butter Moist Steam Crm 3.38 floz,$99.36 
4500166121,01/10/2025,2025,Q1,01,02/14/2025,KY,1712,00200,36,Each,8.28,NRP,NRP47345,8.80617E+12,Shea Butter Ultra Steam Crm 3.38 fl oz,$298.08 
4500166121,01/10/2025,2025,Q1,01,02/14/2025,KY,1712,00210,96,Each,6.29,NRP,NRP47193,8.80617E+12,Chamomile Forest Garden DpClnsOil 200ml,$603.84 
4500166121,01/10/2025,2025,Q1,01,02/14/2025,KY,1712,00220,54,Each,8.96,DMX,DMX48005,8.80989E+12,TX Peeling Toner 5.07 fl oz (150 ml),$483.84 
4500166121,01/10/2025,2025,Q1,01,02/14/2025,KY,1712,00230,60,Each,6.1,NRP,NRP47192,8.80617E+12,Calendula Forest GardnDpClnsngOil 200ml,$366.00 
4500166121,01/10/2025,2025,Q1,01,02/14/2025,KY,1712,00240,48,Each,15.4,DMX,DMX48086,8.80989E+12,TX Ampoule Rx 1.01 fl oz (30 ml),$739.20 
4500166121,01/10/2025,2025,Q1,01,02/14/2025,KY,1712,00250,48,Each,4.78,NRP,NRP47070,8.80617E+12,Relf Cre Spot Patch 24-12 MM 36-10 MM,$229.44 
4500166121,01/10/2025,2025,Q1,01,02/14/2025,KY,1712,00260,104,Each,6.53,NRP,NRP46868,8.80617E+12,Argan Essential Deep Care Cond 300ml,$679.12 
4500166121,01/10/2025,2025,Q1,01,02/14/2025,KY,1712,00270,48,Each,10.25,SRI,SRI99761,8.80908E+12,Cleanse Me SoftlyMilkClnsr Citrus 200ml,$492.00 
4500166121,01/10/2025,2025,Q1,01,02/14/2025,KY,1712,00280,60,Each,11.53,SRI,SRI99760,8.80908E+12,Organic Hand Lip Care Set 50ml4g,$691.80 
4500166121,01/10/2025,2025,Q1,01,02/14/2025,KY,1712,00290,80,Each,7.69,SRI,SRI99757,8.80908E+12,Back To My Memories Handcream  50ml,$615.20 
4500166121,01/10/2025,2025,Q1,01,02/14/2025,KY,1712,00300,320,Each,5.01,APB,APB68267,8.80987E+12,Glutath Niacinamide Ampoule Serum 40ml,"$1,603.20 "
4500166121,01/10/2025,2025,Q1,01,02/14/2025,KY,1712,00310,44,Each,5.13,SRI,SRI99720,8.80908E+12,More Than Lip Balm 4g,$225.72 
4500166121,01/10/2025,2025,Q1,01,02/14/2025,KY,1712,00320,20,Each,13.67,SRI,SRI99710,8.80908E+12,Deep In A Barrier Cream 50ml,$273.40 
4500166121,01/10/2025,2025,Q1,01,02/14/2025,KY,1712,00330,408,Each,5.01,APB,APB68268,8.80987E+12,Glutath Niacinamide Facial Cream 55ml,"$2,044.08 "
4500166121,01/10/2025,2025,Q1,01,02/14/2025,KY,1712,00340,32,Each,10.25,SRI,SRI99708,8.80908E+12,Cleanse Me Softly Milk Cleanser 200ml,$328.00 
4500166121,01/10/2025,2025,Q1,01,02/14/2025,KY,1712,00350,16,Each,9.4,SRI,SRI99706,8.80908E+12,Day By Day Cleansing Gel 150ml,$150.40 
4500166121,01/10/2025,2025,Q1,01,02/14/2025,KY,1712,00360,64,Each,9.4,SRI,SRI99705,8.80908E+12,Time Is Running Out Mist 100ml,$601.60 
4500166121,01/10/2025,2025,Q1,01,02/14/2025,KY,1712,00370,200,Each,5.01,APB,APB68270,8.80987E+12,Glutath Niacinamide Facial Toner 160ml,"$1,002.00 "
4500166121,01/10/2025,2025,Q1,01,02/14/2025,KY,1712,00380,18,Each,7.69,SRI,SRI77899,8.80919E+12,Let Me Refresh Foam Cleanser 120ml,$138.42 
4500166121,01/10/2025,2025,Q1,01,02/14/2025,KY,1712,00390,24,Each,5.01,APB,APB68271,8.80987E+12,Glutath Niacinamide Mist Essence 105ml,$120.24 
4500166121,01/10/2025,2025,Q1,01,02/14/2025,KY,1712,00400,16,Each,11.96,SRI,SRI55330,8.80616E+12,Fresh Moment Cleansing Oil 200ml,$191.36 
4500166121,01/10/2025,2025,Q1,01,02/14/2025,KY,1712,00410,18,Each,14.52,SRI,SRI55258,8.80616E+12,Enriched By Nature Cream 50ml,$261.36 
4500166121,01/10/2025,2025,Q1,01,02/14/2025,KY,1712,00420,18,Each,11.96,SRI,SRI55257,8.80616E+12,My First Essener 100ml,$215.28 
4500166121,01/10/2025,2025,Q1,01,02/14/2025,KY,1712,00430,105,Each,5.01,APB,APB68272,8.80987E+12,Glutath Niacinamide Fac Cleanser 80ml,$526.05 
4500166121,01/10/2025,2025,Q1,01,02/14/2025,KY,1712,00440,56,Each,5.16,NRP,NRP49010,8.80617E+12,Mild and Mst Aloe Vera Water Gel 250ml,$288.96 
4500166121,01/10/2025,2025,Q1,01,02/14/2025,KY,1712,00450,66,Each,9.41,NRP,NRP48847,8.80617E+12,Aqa Sup Max Combin Watery Cream 80ml,$621.06 
4500166121,01/10/2025,2025,Q1,01,02/14/2025,KY,1712,00460,512,Each,5.01,APB,APB68273,8.80987E+12,Glutath Niacinamide Body Wash 300ml,"$2,565.12 "
4500166121,01/10/2025,2025,Q1,01,02/14/2025,KY,1712,00470,600,Each,2.13,NRP,NRP48814,8.80617E+12,NRP Aloe Vera Watery Gel 300ml,"$1,278.00 "
4500166121,01/10/2025,2025,Q1,01,02/14/2025,KY,1712,00480,720,Each,5.01,APB,APB68274,8.80987E+12,Glutath Niacinamide Body Lotion 300ml,"$3,607.20 "
4500166121,01/10/2025,2025,Q1,01,02/14/2025,KY,1712,00490,12,Each,9.59,NRP,NRP48704,8.80617E+12,Blck Bean Invigo Hair Treatment 200ml,$115.08 
4500166121,01/10/2025,2025,Q1,01,02/14/2025,KY,1712,00500,96,Each,11.34,NRP,NRP48703,8.80617E+12,Blck Bn Invig Hair Shampoo 10.14 floz,"$1,088.64 "
4500166121,01/10/2025,2025,Q1,01,02/14/2025,KY,1712,00510,120,Each,5.01,APB,APB68275,8.80987E+12,Glutath Niacinamide Eye Cream 20ml,$601.20 
4500166121,01/10/2025,2025,Q1,01,02/14/2025,KY,1712,00520,36,Each,10.46,NRP,NRP48620,8.80617E+12,Real Sqze Ale Vera Hydro Eye Ptch 60ea,$376.56 
4500166121,01/10/2025,2025,Q1,01,02/14/2025,KY,1712,00530,36,Each,6.09,NRP,NRP48619,8.80617E+12,Real Squeeze Aloe Vera Eye Serum 15ml,$219.24 
4500166121,01/10/2025,2025,Q1,01,02/14/2025,KY,1712,00540,24,Each,12.65,NRP,NRP48605,8.80617E+12,Komb Blck Tea Treat Crm 1.69 floz,$303.60 
4500166121,01/10/2025,2025,Q1,01,02/14/2025,KY,1712,00550,12,Each,13.09,NRP,NRP48604,8.80617E+12,Kombuch Blck Tea Treat Amp 1.69 floz,$157.08 
4500166121,01/10/2025,2025,Q1,01,02/14/2025,KY,1712,00560,24,Each,10.9,NRP,NRP48603,8.80617E+12,Kombuch Blck Tea Treat Emul 4.39 floz,$261.60 
4500166121,01/10/2025,2025,Q1,01,02/14/2025,KY,1712,00570,30,Each,10.4,MUZ,MUZ58002,8.80984E+12,Objct Liq Lip Tnt 002 Sequence .20 floz,$312.00 
4500166121,01/10/2025,2025,Q1,01,02/14/2025,KY,1712,00580,10,Each,10.4,MUZ,MUZ58021,8.80984E+12,Icy Glow 01 Vague 0.18 fl oz,$104.00 
4500166121,01/10/2025,2025,Q1,01,02/14/2025,KY,1712,00590,15,Each,10.4,MUZ,MUZ58033,8.80984E+12,Objct Liq Lip Tnt 013 Appeal .20 floz,$156.00 
4500166121,01/10/2025,2025,Q1,01,02/14/2025,KY,1712,00600,60,Each,10.4,MUZ,MUZ58041,8.80984E+12,Objct Mat Lip Tnt 001 Signatre .20 floz,$624.00 
4500166121,01/10/2025,2025,Q1,01,02/14/2025,KY,1712,00610,30,Each,10.4,MUZ,MUZ58043,8.80984E+12,Objct Mat Lip Tnt 003 Posh .20 floz,$312.00 
4500166121,01/10/2025,2025,Q1,01,02/14/2025,KY,1712,00620,45,Each,10.4,MUZ,MUZ58047,8.80984E+12,Objct Mat Lip Tnt 007 Rare.20 floz,$468.00 
4500166121,01/10/2025,2025,Q1,01,02/14/2025,KY,1712,00630,18,Each,24.4,MUZ,MUZ58081,8.80984E+12,Sleek Matt Cushion N19 30 g,$439.20 
4500166121,01/10/2025,2025,Q1,01,02/14/2025,KY,1712,00640,36,Each,24.4,MUZ,MUZ58082,8.80984E+12,Sleek Matt Cushion N21 30 g,$878.40 
4500166121,01/10/2025,2025,Q1,01,02/14/2025,KY,1712,00650,72,Each,2.96,NRP,NRP42355,8.80617E+12,BAMBOO CHARCOAL MUD PACK 150g,$213.12 
4500166121,01/10/2025,2025,Q1,01,02/14/2025,KY,1712,00660,156,Each,1.71,NRP,NRP43829,8.80617E+12,Frsh Herb Aloe Cleans Foam 5.74 floz,$266.76 
4500166121,01/10/2025,2025,Q1,01,02/14/2025,KY,1712,00670,96,Each,1.71,NRP,NRP43830,8.80617E+12,Frsh Herb Snail Cleans Foam 5.74 floz,$164.16 
4500166121,01/10/2025,2025,Q1,01,02/14/2025,KY,1712,00680,84,Each,1.71,NRP,NRP43831,8.80617E+12,Frsh Herb Peach Cleans Foam 5.74 floz,$143.64 
4500166121,01/10/2025,2025,Q1,01,02/14/2025,KY,1712,00690,72,Each,1.71,NRP,NRP43832,8.80617E+12,Frsh Herb Acerol Cleans Foam 5.74 floz,$123.12 
4500166121,01/10/2025,2025,Q1,01,02/14/2025,KY,1712,00700,12,Each,22.18,DMX,DMX48198,8.80989E+12,Pic Shot Pig Correct Calc Ample 30ml,$266.16 
4500166121,01/10/2025,2025,Q1,01,02/14/2025,KY,1712,00710,200,Each,0.45,NRP,NRP44935,8.80617E+12,REAL NATURE ROYAL JELLY MASK SHEET 23ml,$90.00 
4500166121,01/10/2025,2025,Q1,01,02/14/2025,KY,1712,00720,90,Each,25.78,DMX,DMX48193,8.80989E+12,Eyephalt Eyecream For Eyebags 10ml,"$2,320.20 "
4500166121,01/10/2025,2025,Q1,01,02/14/2025,KY,1712,00730,40,Each,0.45,NRP,NRP44938,8.80617E+12,REAL NATURE TOMATO MASK SHEET 23ml,$18.00 
4500166121,01/10/2025,2025,Q1,01,02/14/2025,KY,1712,00740,40,Each,15.07,DMX,DMX48184,8.80989E+12,TX Ret Double Effect Eye Cream 40g,$602.80 
4500166121,01/10/2025,2025,Q1,01,02/14/2025,KY,1712,00750,240,Each,0.45,NRP,NRP44946,8.80617E+12,REAL NATURE ROSE MASK SHEET 23ml,$108.00 
4500166121,01/10/2025,2025,Q1,01,02/14/2025,KY,1712,00760,80,Each,0.45,NRP,NRP44948,8.80617E+12,REAL NATURE TEA TREE MASK SHEET 23ml,$36.00 
4500166121,01/10/2025,2025,Q1,01,02/14/2025,KY,1712,00770,36,Each,15.07,DMX,DMX48109,8.80989E+12,Exosome Repair Cream 50 ml,$542.52 
4500166121,01/10/2025,2025,Q1,01,02/14/2025,KY,1712,00780,248,Each,6.53,NRP,NRP46867,8.80617E+12,Argan Essential Deep Care Shampoo 300ml,"$1,619.44 "
4500166121,01/10/2025,2025,Q1,01,02/14/2025,KY,1712,00790,176,Each,4.42,NRP,NRP46865,8.80617E+12,Argan Essential Moist Hair Mist 220ml,$777.92 
4500166121,01/10/2025,2025,Q1,01,02/14/2025,KY,1712,00800,40,Each,7.53,DMX,DMX48134,8.80989E+12,Exosome Repair Toner 300 ml,$301.20 
4500166121,01/10/2025,2025,Q1,01,02/14/2025,KY,1712,00810,72,Each,6.03,NRP,NRP46863,8.80617E+12,Argan Essential Deep Care Hair Ess 80ml,$434.16 
4500166121,01/10/2025,2025,Q1,01,02/14/2025,KY,1712,00820,48,Each,12.34,DMX,DMX48135,8.80989E+12,Papaya Powder Wash 1.7 oz (50 g),$592.32 
4500166121,01/10/2025,2025,Q1,01,02/14/2025,KY,1712,00830,66,Each,7.08,NRP,NRP46862,8.80617E+12,Argan Essen Hair NoWash Treatmnt 160ml,$467.28 
4500166121,01/10/2025,2025,Q1,01,02/14/2025,KY,1712,00840,28,Each,12.34,DMX,DMX48141,8.80989E+12,TX Cream 1.69 fl oz (50 ml),$345.52 
4500166121,01/10/2025,2025,Q1,01,02/14/2025,KY,1712,00850,88,Each,4.97,NRP,NRP46861,8.80617E+12,Argan Essential DeepCareHairPack 200ml,$437.36 
4500166121,01/10/2025,2025,Q1,01,02/14/2025,KY,1712,00860,11,Each,5.58,DMX,DMX48147,8.80989E+12,Oyster Pep-3 Renewal Mask Pck 3 g 5 Ea,$61.38 
4500166121,01/10/2025,2025,Q1,01,02/14/2025,KY,1712,00870,32,Each,5.42,NRP,NRP46222,8.80617E+12,Vitamin E Glossy Skin Ampoule 30 ml,$173.44 
4500166121,01/10/2025,2025,Q1,01,02/14/2025,KY,1712,00880,13,Each,17.69,DMX,DMX48170,8.80989E+12,Exosome Repair Ampoule Plus 40 ml,$229.97 
4500166121,01/10/2025,2025,Q1,01,02/14/2025,KY,1712,00890,120,Each,0.45,NRP,NRP45606,8.80617E+12,REAL NATURE OLIVE MASK SHEET 23ml,$54.00 
4500166121,01/10/2025,2025,Q1,01,02/14/2025,KY,1712,00900,24,Each,12.34,DMX,DMX48167,8.80989E+12,Calcium Dark Spot Eye Cream 15 g,$296.16 
4500166121,01/10/2025,2025,Q1,01,02/14/2025,KY,1712,00910,120,Each,0.45,NRP,NRP45607,8.80617E+12,REAL NATURE SHEA BUTTER MASK SHEET 23ml,$54.00 
4500166121,01/10/2025,2025,Q1,01,02/14/2025,KY,1712,00920,30,Each,5.58,DMX,DMX48157,8.80989E+12,Exosome Repair Mask Pack 30 g x 5 Ea,$167.40 
4500166121,01/10/2025,2025,Q1,01,02/14/2025,KY,1712,00930,60,Each,3.27,NRP,NRP45742,8.80617E+12,Jeju Spark Cleans Tissue 50 Sheets 205g,$196.20 
4500166121,01/10/2025,2025,Q1,01,02/14/2025,KY,1712,00940,128,Each,5.42,NRP,NRP46216,8.80617E+12,Niacinamide Luminous Skin Ampoule 30 ml,$693.76 
4500166121,01/10/2025,2025,Q1,01,02/14/2025,KY,1712,00950,32,Each,5.42,NRP,NRP46220,8.80617E+12,Collagen Skin Elasticity Ampoule 30 ml,$173.44 
4500166121,01/10/2025,2025,Q1,01,02/14/2025,KY,1712,00960,11,Each,10.49,DMX,DMX48148,8.80989E+12,Oyster Pep-3 Renewal Oil Mist 100 ml,$115.39 
4500166122,01/10/2025,2025,Q1,01,03/11/2025,CA,1710,00010,60,Each,3.24,HBF,HBF94201,8.80962E+12,HBAF Caramel Salt Almond & Pretzel 120g,$194.40 
4500166122,01/10/2025,2025,Q1,01,03/11/2025,CA,1710,00020,80,Each,3.24,HBF,HBF94450,8.80962E+12,HBAF Wasabi Almond 120 g,$259.20 
4500166122,01/10/2025,2025,Q1,01,03/11/2025,CA,1710,00030,60,Each,3.24,HBF,HBF94451,8.80962E+12,HBAF Baked Corn Almond 120 g,$194.40 
4500166122,01/10/2025,2025,Q1,01,03/11/2025,CA,1710,00040,60,Each,3.24,HBF,HBF94477,8.80962E+12,HBAF Hot & Spicy Chicken Almond 120 g,$194.40 
4500166122,01/10/2025,2025,Q1,01,03/11/2025,CA,1710,00050,60,Each,3.24,HBF,HBF94478,8.80962E+12,HBAF Tteokbokki Almond 120 g,$194.40 
4500166122,01/10/2025,2025,Q1,01,03/11/2025,CA,1710,00060,40,Each,3.24,HBF,HBF94494,8.80962E+12,HBAF Garlic Bread Almond 120 g,$129.60 
4500166122,01/10/2025,2025,Q1,01,03/11/2025,CA,1710,00070,30,Each,9.53,LFT,LFT69431,8.80592E+12,Lacto Fit Liver Support 120 g,$285.90 
4500166122,01/10/2025,2025,Q1,01,03/11/2025,CA,1710,00080,60,Each,10.15,LFT,LFT68241,8.80592E+12,Plant-based Lacto Fit 120 g,$609.00 
4500166122,01/10/2025,2025,Q1,01,03/11/2025,CA,1710,00090,40,Each,3.24,HBF,HBF94533,8.80962E+12,HBAF Laver Almond 120 g,$129.60 
4500166122,01/10/2025,2025,Q1,01,03/11/2025,CA,1710,00100,30,Each,7.99,LFT,LFT67921,8.80592E+12,Lacto Fit Gold 100 g,$239.70 
4500166123,01/10/2025,2025,Q1,01,03/17/2025,KY,1712,00010,120,Each,3.24,HBF,HBF94478,8.80962E+12,HBAF Tteokbokki Almond 120 g,$388.80 
4500166123,01/10/2025,2025,Q1,01,03/17/2025,KY,1712,00020,40,Each,3.24,HBF,HBF94493,8.80962E+12,HBAF Cheongyang Mayo Almond 120 g,$129.60 
4500166123,01/10/2025,2025,Q1,01,03/17/2025,KY,1712,00030,100,Each,3.24,HBF,HBF94477,8.80962E+12,HBAF Hot & Spicy Chicken Almond 120 g,$324.00 
4500166123,01/10/2025,2025,Q1,01,03/17/2025,KY,1712,00040,100,Each,3.24,HBF,HBF94494,8.80962E+12,HBAF Garlic Bread Almond 120 g,$324.00 
4500166123,01/10/2025,2025,Q1,01,03/17/2025,KY,1712,00050,60,Each,3.24,HBF,HBF94533,8.80962E+12,HBAF Laver Almond 120 g,$194.40 
4500166123,01/10/2025,2025,Q1,01,03/17/2025,KY,1712,00060,80,Each,3.24,HBF,HBF94578,8.80962E+12,HBAF Roasted Onion Almond 120 g,$259.20 
4500166123,01/10/2025,2025,Q1,01,03/17/2025,KY,1712,00070,30,Each,9.31,LFT,LFT67861,8.80592E+12,Lacto Fit Bebe 120 g,$279.30 
4500166123,01/10/2025,2025,Q1,01,03/17/2025,KY,1712,00080,30,Each,10.15,LFT,LFT67871,8.80592E+12,Lacto Fit Kids 120 g,$304.50 
4500166123,01/10/2025,2025,Q1,01,03/17/2025,KY,1712,00090,210,Each,7.99,LFT,LFT67921,8.80592E+12,Lacto Fit Gold 100 g,"$1,677.90 "
4500166123,01/10/2025,2025,Q1,01,03/17/2025,KY,1712,00100,90,Each,8.33,LFT,LFT68101,8.80592E+12,Lacto Fit Core 120 g,$749.70 
4500166123,01/10/2025,2025,Q1,01,03/17/2025,KY,1712,00110,42,Each,10.51,LFT,LFT69271,8.80592E+12,Lacto Fit Glucose Control 120 g,$441.42 
4500166123,01/10/2025,2025,Q1,01,03/17/2025,KY,1712,00120,30,Each,9.53,LFT,LFT69431,8.80592E+12,Lacto Fit Liver Support 120 g,$285.90 
4500166123,01/10/2025,2025,Q1,01,03/17/2025,KY,1712,00130,80,Each,3.24,HBF,HBF94451,8.80962E+12,HBAF Baked Corn Almond 120 g,$259.20 
4500166123,01/10/2025,2025,Q1,01,03/17/2025,KY,1712,00140,80,Each,3.24,HBF,HBF94450,8.80962E+12,HBAF Wasabi Almond 120 g,$259.20 
4500166123,01/10/2025,2025,Q1,01,03/17/2025,KY,1712,00150,160,Each,3.24,HBF,HBF94449,8.80962E+12,HBAF Honey Butter Almond 120 g,$518.40 
4500166123,01/10/2025,2025,Q1,01,03/17/2025,KY,1712,00160,120,Each,3.24,HBF,HBF94201,8.80962E+12,HBAF Caramel Salt Almond & Pretzel 120g,$388.80 
4500167730,01/23/2025,2025,Q1,01,02/27/2025,KY,1712,00010,12,Each,22.18,DMX,DMX48198,8.80989E+12,Pic Shot Pig Correct Calc Ample 30ml,$266.16 
4500167730,01/23/2025,2025,Q1,01,02/27/2025,KY,1712,00020,40,Each,15.07,DMX,DMX48184,8.80989E+12,TX Ret Double Effect Eye Cream 40g,$602.80 
4500167730,01/23/2025,2025,Q1,01,02/27/2025,KY,1712,00030,65,Each,17.69,DMX,DMX48170,8.80989E+12,Exosome Repair Ampoule Plus 40 ml,"$1,149.85 "
4500167730,01/23/2025,2025,Q1,01,02/27/2025,KY,1712,00040,12,Each,12.34,DMX,DMX48167,8.80989E+12,Calcium Dark Spot Eye Cream 15 g,$148.08 
4500167730,01/23/2025,2025,Q1,01,02/27/2025,KY,1712,00050,30,Each,5.58,DMX,DMX48157,8.80989E+12,Exosome Repair Mask Pack 30 g x 5 Ea,$167.40 
4500167730,01/23/2025,2025,Q1,01,02/27/2025,KY,1712,00060,11,Each,10.49,DMX,DMX48148,8.80989E+12,Oyster Pep-3 Renewal Oil Mist 100 ml,$115.39 
4500167730,01/23/2025,2025,Q1,01,02/27/2025,KY,1712,00070,22,Each,5.58,DMX,DMX48147,8.80989E+12,Oyster Pep-3 Renewal Mask Pck 3 g 5 Ea,$122.76 
4500167730,01/23/2025,2025,Q1,01,02/27/2025,KY,1712,00080,28,Each,12.34,DMX,DMX48141,8.80989E+12,TX Cream 1.69 fl oz (50 ml),$345.52 
4500167730,01/23/2025,2025,Q1,01,02/27/2025,KY,1712,00090,24,Each,12.34,DMX,DMX48135,8.80989E+12,Papaya Powder Wash 1.7 oz (50 g),$296.16 
4500167730,01/23/2025,2025,Q1,01,02/27/2025,KY,1712,00100,20,Each,7.53,DMX,DMX48134,8.80989E+12,Exosome Repair Toner 300 ml,$150.60 
4500167730,01/23/2025,2025,Q1,01,02/27/2025,KY,1712,00110,14,Each,18.46,DMX,DMX48115,8.80989E+12,EX Volume Firm Calcium Int Cream 50ml,$258.44 
4500167730,01/23/2025,2025,Q1,01,02/27/2025,KY,1712,00120,24,Each,15.07,DMX,DMX48109,8.80989E+12,Exosome Repair Cream 50 ml,$361.68 
4500167730,01/23/2025,2025,Q1,01,02/27/2025,KY,1712,00130,24,Each,15.4,DMX,DMX48086,8.80989E+12,TX Ampoule Rx 1.01 fl oz (30 ml),$369.60 
4500167730,01/23/2025,2025,Q1,01,02/27/2025,KY,1712,00140,36,Each,8.96,DMX,DMX48005,8.80989E+12,TX Peeling Toner 5.07 fl oz (150 ml),$322.56 
4500167730,01/23/2025,2025,Q1,01,02/27/2025,KY,1712,00150,63,Each,5.01,APB,APB68272,8.80987E+12,Glutath Niacinamide Fac Cleanser 80ml,$315.63 
4500167730,01/23/2025,2025,Q1,01,02/27/2025,KY,1712,00160,208,Each,5.01,APB,APB68273,8.80987E+12,Glutath Niacinamide Body Wash 300ml,"$1,042.08 "
4500167730,01/23/2025,2025,Q1,01,02/27/2025,KY,1712,00170,220,Each,5.01,APB,APB68276,8.80987E+12,Glutath Niacinamide Sunscreen 40ml,"$1,102.20 "
4500167730,01/23/2025,2025,Q1,01,02/27/2025,KY,1712,00180,24,Each,12.65,NRP,NRP48605,8.80617E+12,Komb Blck Tea Treat Crm 1.69 floz,$303.60 
4500167730,01/23/2025,2025,Q1,01,02/27/2025,KY,1712,00190,48,Each,3.46,NRP,NRP47551,8.80617E+12,Body Peeling Mist Phyto Scent 300 ml,$166.08 
4500167730,01/23/2025,2025,Q1,01,02/27/2025,KY,1712,00200,24,Each,8.28,NRP,NRP47347,8.80617E+12,Shea Butter Fresh Steam Crm 3.38 fl oz,$198.72 
4500167730,01/23/2025,2025,Q1,01,02/27/2025,KY,1712,00210,24,Each,8.28,NRP,NRP47346,8.80617E+12,Shea Butter Moist Steam Crm 3.38 floz,$198.72 
4500167730,01/23/2025,2025,Q1,01,02/27/2025,KY,1712,00220,12,Each,8.28,NRP,NRP47345,8.80617E+12,Shea Butter Ultra Steam Crm 3.38 fl oz,$99.36 
4500167730,01/23/2025,2025,Q1,01,02/27/2025,KY,1712,00230,64,Each,6.53,NRP,NRP46868,8.80617E+12,Argan Essential Deep Care Cond 300ml,$417.92 
4500167730,01/23/2025,2025,Q1,01,02/27/2025,KY,1712,00240,112,Each,6.53,NRP,NRP46867,8.80617E+12,Argan Essential Deep Care Shampoo 300ml,$731.36 
4500167730,01/23/2025,2025,Q1,01,02/27/2025,KY,1712,00250,112,Each,4.97,NRP,NRP46861,8.80617E+12,Argan Essential DeepCareHairPack 200ml,$556.64 
4500167730,01/23/2025,2025,Q1,01,02/27/2025,KY,1712,00260,32,Each,5.42,NRP,NRP46222,8.80617E+12,Vitamin E Glossy Skin Ampoule 30 ml,$173.44 
4500167730,01/23/2025,2025,Q1,01,02/27/2025,KY,1712,00270,32,Each,5.42,NRP,NRP46220,8.80617E+12,Collagen Skin Elasticity Ampoule 30 ml,$173.44 
4500167730,01/23/2025,2025,Q1,01,02/27/2025,KY,1712,00280,80,Each,0.45,NRP,NRP45607,8.80617E+12,REAL NATURE SHEA BUTTER MASK SHEET 23ml,$36.00 
4500167730,01/23/2025,2025,Q1,01,02/27/2025,KY,1712,00290,30,Each,10.4,MUZ,MUZ58047,8.80984E+12,Objct Mat Lip Tnt 007 Rare.20 floz,$312.00 
4500167730,01/23/2025,2025,Q1,01,02/27/2025,KY,1712,00300,44,Each,5.13,SRI,SRI99720,8.80908E+12,More Than Lip Balm 4g,$225.72 
4500167730,01/23/2025,2025,Q1,01,02/27/2025,KY,1712,00310,20,Each,13.67,SRI,SRI99710,8.80908E+12,Deep In A Barrier Cream 50ml,$273.40 
4500167730,01/23/2025,2025,Q1,01,02/27/2025,KY,1712,00320,36,Each,16.23,SRI,SRI77910,8.80919E+12,All Your Love Body Cream 300ml,$584.28 
4500167730,01/23/2025,2025,Q1,01,02/27/2025,KY,1712,00330,18,Each,7.69,SRI,SRI77899,8.80919E+12,Let Me Refresh Foam Cleanser 120ml,$138.42 
4500167730,01/23/2025,2025,Q1,01,02/27/2025,KY,1712,00340,16,Each,11.96,SRI,SRI55330,8.80616E+12,Fresh Moment Cleansing Oil 200ml,$191.36 
4500167730,01/23/2025,2025,Q1,01,02/27/2025,KY,1712,00350,18,Each,14.52,SRI,SRI55258,8.80616E+12,Enriched By Nature Cream 50ml,$261.36 
4500167730,01/23/2025,2025,Q1,01,02/27/2025,KY,1712,00360,18,Each,11.96,SRI,SRI55257,8.80616E+12,My First Essener 100ml,$215.28 
4500167731,01/23/2025,2025,Q1,01,03/31/2025,KY,1712,00010,630,Each,15.94,LFT,LFT68181,8.80592E+12,Lacto Fit Beauty 120 g,"$10,042.20 "
4500167731,01/23/2025,2025,Q1,01,03/31/2025,KY,1712,00020,90,Each,8.33,LFT,LFT68101,8.80592E+12,Lacto Fit Core 120 g,$749.70 
4500167731,01/23/2025,2025,Q1,01,03/31/2025,KY,1712,00030,30,Each,10.15,LFT,LFT67871,8.80592E+12,Lacto Fit Kids 120 g,$304.50 
4500167731,01/23/2025,2025,Q1,01,03/31/2025,KY,1712,00040,30,Each,9.31,LFT,LFT67861,8.80592E+12,Lacto Fit Bebe 120 g,$279.30 
4500167731,01/23/2025,2025,Q1,01,03/31/2025,KY,1712,00050,20,Each,3.24,HBF,HBF94493,8.80962E+12,HBAF Cheongyang Mayo Almond 120 g,$64.80 
4500167731,01/23/2025,2025,Q1,01,03/31/2025,KY,1712,00060,40,Each,3.24,HBF,HBF94478,8.80962E+12,HBAF Tteokbokki Almond 120 g,$129.60 
4500167731,01/23/2025,2025,Q1,01,03/31/2025,KY,1712,00070,80,Each,3.24,HBF,HBF94449,8.80962E+12,HBAF Honey Butter Almond 120 g,$259.20 
4500167731,01/23/2025,2025,Q1,01,03/31/2025,KY,1712,00080,40,Each,3.24,HBF,HBF94201,8.80962E+12,HBAF Caramel Salt Almond & Pretzel 120g,$129.60 
4500167731,01/23/2025,2025,Q1,01,03/31/2025,KY,1712,00090,90,Each,12.99,LFT,LFT68201,8.80592E+12,Lacto Fit Slim 120 g,"$1,169.10 "
4500167731,01/23/2025,2025,Q1,01,03/31/2025,KY,1712,00100,30,Each,9.53,LFT,LFT69431,8.80592E+12,Lacto Fit Liver Support 120 g,$285.90 
4500167808,01/23/2025,2025,Q1,01,02/24/2025,CA,1710,00010,36,Each,4.66,APB,APB68401,8.80987E+12,Glutath Niacin Toner Pad 60 Pads 100ml,$167.76 
4500167808,01/23/2025,2025,Q1,01,02/24/2025,CA,1710,00020,160,Each,5.01,APB,APB68276,8.80987E+12,Glutath Niacinamide Sunscreen 40ml,$801.60 
4500167808,01/23/2025,2025,Q1,01,02/24/2025,CA,1710,00030,192,Each,5.01,APB,APB68274,8.80987E+12,Glutath Niacinamide Body Lotion 300ml,$961.92 
4500167808,01/23/2025,2025,Q1,01,02/24/2025,CA,1710,00040,84,Each,12.34,DMX,DMX48141,8.80989E+12,TX Cream 1.69 fl oz (50 ml),"$1,036.56 "
4500167808,01/23/2025,2025,Q1,01,02/24/2025,CA,1710,00050,22,Each,5.58,DMX,DMX48147,8.80989E+12,Oyster Pep-3 Renewal Mask Pck 3 g 5 Ea,$122.76 
4500167808,01/23/2025,2025,Q1,01,02/24/2025,CA,1710,00060,40,Each,5.58,DMX,DMX48157,8.80989E+12,Exosome Repair Mask Pack 30 g x 5 Ea,$223.20 
4500167808,01/23/2025,2025,Q1,01,02/24/2025,CA,1710,00070,36,Each,12.34,DMX,DMX48167,8.80989E+12,Calcium Dark Spot Eye Cream 15 g,$444.24 
4500167808,01/23/2025,2025,Q1,01,02/24/2025,CA,1710,00080,50,Each,15.07,DMX,DMX48184,8.80989E+12,TX Ret Double Effect Eye Cream 40g,$753.50 
4500167808,01/23/2025,2025,Q1,01,02/24/2025,CA,1710,00090,20,Each,10.49,DMX,DMX48185,8.80989E+12,Bond Clin Prot Bond Remod Clinic 250ml,$209.80 
4500167808,01/23/2025,2025,Q1,01,02/24/2025,CA,1710,00100,160,Each,5.01,APB,APB68273,8.80987E+12,Glutath Niacinamide Body Wash 300ml,$801.60 
4500167808,01/23/2025,2025,Q1,01,02/24/2025,CA,1710,00110,42,Each,5.01,APB,APB68272,8.80987E+12,Glutath Niacinamide Fac Cleanser 80ml,$210.42 
4500167808,01/23/2025,2025,Q1,01,02/24/2025,CA,1710,00120,16,Each,11.96,SRI,SRI55330,8.80616E+12,Fresh Moment Cleansing Oil 200ml,$191.36 
4500167808,01/23/2025,2025,Q1,01,02/24/2025,CA,1710,00130,16,Each,9.4,SRI,SRI99706,8.80908E+12,Day By Day Cleansing Gel 150ml,$150.40 
4500167808,01/23/2025,2025,Q1,01,02/24/2025,CA,1710,00140,48,Each,1.71,NRP,NRP43829,8.80617E+12,Frsh Herb Aloe Cleans Foam 5.74 floz,$82.08 
4500167808,01/23/2025,2025,Q1,01,02/24/2025,CA,1710,00150,36,Each,1.71,NRP,NRP43831,8.80617E+12,Frsh Herb Peach Cleans Foam 5.74 floz,$61.56 
4500167808,01/23/2025,2025,Q1,01,02/24/2025,CA,1710,00160,16,Each,10.46,NRP,NRP45415,8.80617E+12,Fresh Powdery Sun Stick SPF50 0.71 oz,$167.36 
4500167808,01/23/2025,2025,Q1,01,02/24/2025,CA,1710,00170,20,Each,3.27,NRP,NRP45742,8.80617E+12,Jeju Spark Cleans Tissue 50 Sheets 205g,$65.40 
4500167808,01/23/2025,2025,Q1,01,02/24/2025,CA,1710,00180,48,Each,5.42,NRP,NRP46216,8.80617E+12,Niacinamide Luminous Skin Ampoule 30 ml,$260.16 
4500167808,01/23/2025,2025,Q1,01,02/24/2025,CA,1710,00190,56,Each,4.97,NRP,NRP46861,8.80617E+12,Argan Essential DeepCareHairPack 200ml,$278.32 
4500167808,01/23/2025,2025,Q1,01,02/24/2025,CA,1710,00200,16,Each,6.53,NRP,NRP46867,8.80617E+12,Argan Essential Deep Care Shampoo 300ml,$104.48 
4500167808,01/23/2025,2025,Q1,01,02/24/2025,CA,1710,00210,32,Each,6.53,NRP,NRP46868,8.80617E+12,Argan Essential Deep Care Cond 300ml,$208.96 
4500167808,01/23/2025,2025,Q1,01,02/24/2025,CA,1710,00220,12,Each,6.1,NRP,NRP47192,8.80617E+12,Calendula Forest GardnDpClnsngOil 200ml,$73.20 
4500167808,01/23/2025,2025,Q1,01,02/24/2025,CA,1710,00230,12,Each,3.46,NRP,NRP47552,8.80617E+12,Body Peeling Mist Peach Scent 300 ml,$41.52 
4500167808,01/23/2025,2025,Q1,01,02/24/2025,CA,1710,00240,12,Each,6.53,NRP,NRP48257,8.80617E+12,Green Derma Soothing Cream 100ml,$78.36 
4500167808,01/23/2025,2025,Q1,01,02/24/2025,CA,1710,00250,36,Each,2.13,NRP,NRP48298,8.80617E+12,Sooth Moist AloeVeraClnsng GelCrm 150ml,$76.68 
4500167808,01/23/2025,2025,Q1,01,02/24/2025,CA,1710,00260,12,Each,6.09,NRP,NRP48619,8.80617E+12,Real Squeeze Aloe Vera Eye Serum 15ml,$73.08 
4500167808,01/23/2025,2025,Q1,01,02/24/2025,CA,1710,00270,12,Each,10.46,NRP,NRP48620,8.80617E+12,Real Sqze Ale Vera Hydro Eye Ptch 60ea,$125.52 
4500167808,01/23/2025,2025,Q1,01,02/24/2025,CA,1710,00280,12,Each,11.34,NRP,NRP48703,8.80617E+12,Blck Bn Invig Hair Shampoo 10.14 floz,$136.08 
4500167808,01/23/2025,2025,Q1,01,02/24/2025,CA,1710,00290,768,Each,2.13,NRP,NRP48814,8.80617E+12,NRP Aloe Vera Watery Gel 300ml,"$1,635.84 "
4500167808,01/23/2025,2025,Q1,01,02/24/2025,CA,1710,00300,12,Each,7.33,NRP,NRP48844,8.80617E+12,Aqua Super Max Watery Emulsion 130ml,$87.96 
4500167808,01/23/2025,2025,Q1,01,02/24/2025,CA,1710,00310,60,Each,15.4,DMX,DMX48086,8.80989E+12,TX Ampoule Rx 1.01 fl oz (30 ml),$924.00 
4500167808,01/23/2025,2025,Q1,01,02/24/2025,CA,1710,00320,50,Each,7.53,DMX,DMX48134,8.80989E+12,Exosome Repair Toner 300 ml,$376.50 
4500167809,01/23/2025,2025,Q1,01,03/24/2025,CA,1710,00010,120,Each,8.33,LFT,LFT68101,8.80592E+12,Lacto Fit Core 120 g,$999.60 
4500167809,01/23/2025,2025,Q1,01,03/24/2025,CA,1710,00020,150,Each,7.99,LFT,LFT67921,8.80592E+12,Lacto Fit Gold 100 g,"$1,198.50 "
4500167809,01/23/2025,2025,Q1,01,03/24/2025,CA,1710,00030,120,Each,10.15,LFT,LFT67871,8.80592E+12,Lacto Fit Kids 120 g,"$1,218.00 "
4500167809,01/23/2025,2025,Q1,01,03/24/2025,CA,1710,00040,120,Each,9.31,LFT,LFT67861,8.80592E+12,Lacto Fit Bebe 120 g,"$1,117.20 "
4500167809,01/23/2025,2025,Q1,01,03/24/2025,CA,1710,00050,60,Each,3.24,HBF,HBF94493,8.80962E+12,HBAF Cheongyang Mayo Almond 120 g,$194.40 
4500167809,01/23/2025,2025,Q1,01,03/24/2025,CA,1710,00060,20,Each,3.24,HBF,HBF94478,8.80962E+12,HBAF Tteokbokki Almond 120 g,$64.80 
4500167809,01/23/2025,2025,Q1,01,03/24/2025,CA,1710,00070,40,Each,3.24,HBF,HBF94477,8.80962E+12,HBAF Hot & Spicy Chicken Almond 120 g,$129.60 
4500167809,01/23/2025,2025,Q1,01,03/24/2025,CA,1710,00080,40,Each,3.24,HBF,HBF94451,8.80962E+12,HBAF Baked Corn Almond 120 g,$129.60 
4500167809,01/23/2025,2025,Q1,01,03/24/2025,CA,1710,00090,20,Each,3.24,HBF,HBF94450,8.80962E+12,HBAF Wasabi Almond 120 g,$64.80 
4500167809,01/23/2025,2025,Q1,01,03/24/2025,CA,1710,00100,60,Each,3.24,HBF,HBF94449,8.80962E+12,HBAF Honey Butter Almond 120 g,$194.40 
4500167809,01/23/2025,2025,Q1,01,03/24/2025,CA,1710,00110,20,Each,3.24,HBF,HBF94201,8.80962E+12,HBAF Caramel Salt Almond & Pretzel 120g,$64.80 
4500167809,01/23/2025,2025,Q1,01,03/24/2025,CA,1710,00120,120,Each,15.94,LFT,LFT68181,8.80592E+12,Lacto Fit Beauty 120 g,"$1,912.80 "
4500167809,01/23/2025,2025,Q1,01,03/24/2025,CA,1710,00130,150,Each,12.99,LFT,LFT68201,8.80592E+12,Lacto Fit Slim 120 g,"$1,948.50 "
4500167809,01/23/2025,2025,Q1,01,03/24/2025,CA,1710,00140,90,Each,10.15,LFT,LFT68241,8.80592E+12,Plant-based Lacto Fit 120 g,$913.50 
4500167809,01/23/2025,2025,Q1,01,03/24/2025,CA,1710,00150,42,Each,10.51,LFT,LFT69271,8.80592E+12,Lacto Fit Glucose Control 120 g,$441.42 
4500167809,01/23/2025,2025,Q1,01,03/24/2025,CA,1710,00160,60,Each,9.53,LFT,LFT69431,8.80592E+12,Lacto Fit Liver Support 120 g,$571.80 
4500169378,02/04/2025,2025,Q1,02,03/11/2025,KY,1712,00010,42,Each,5.01,APB,APB68272,8.80987E+12,Glutath Niacinamide Fac Cleanser 80ml,$210.42 
4500169378,02/04/2025,2025,Q1,02,03/11/2025,KY,1712,00020,140,Each,5.01,APB,APB68270,8.80987E+12,Glutath Niacinamide Facial Toner 160ml,$701.40 
4500169378,02/04/2025,2025,Q1,02,03/11/2025,KY,1712,00030,18,Each,4.48,NRP,NRP47492,8.80617E+12,Jeju Spark Enrich Facial Clnsr 300ml,$80.64 
4500169378,02/04/2025,2025,Q1,02,03/11/2025,KY,1712,00040,36,Each,4.45,NRP,NRP47490,8.80617E+12,Jeju Sparkling Mud Foam Cleanser 150ml,$160.20 
4500169378,02/04/2025,2025,Q1,02,03/11/2025,KY,1712,00050,24,Each,8.28,NRP,NRP47346,8.80617E+12,Shea Butter Moist Steam Crm 3.38 floz,$198.72 
4500169378,02/04/2025,2025,Q1,02,03/11/2025,KY,1712,00060,12,Each,8.28,NRP,NRP47345,8.80617E+12,Shea Butter Ultra Steam Crm 3.38 fl oz,$99.36 
4500169378,02/04/2025,2025,Q1,02,03/11/2025,KY,1712,00070,12,Each,6.03,NRP,NRP46863,8.80617E+12,Argan Essential Deep Care Hair Ess 80ml,$72.36 
4500169378,02/04/2025,2025,Q1,02,03/11/2025,KY,1712,00080,18,Each,7.08,NRP,NRP46862,8.80617E+12,Argan Essen Hair NoWash Treatmnt 160ml,$127.44 
4500169378,02/04/2025,2025,Q1,02,03/11/2025,KY,1712,00090,16,Each,5.42,NRP,NRP46220,8.80617E+12,Collagen Skin Elasticity Ampoule 30 ml,$86.72 
4500169378,02/04/2025,2025,Q1,02,03/11/2025,KY,1712,00100,80,Each,0.45,NRP,NRP45607,8.80617E+12,REAL NATURE SHEA BUTTER MASK SHEET 23ml,$36.00 
4500169378,02/04/2025,2025,Q1,02,03/11/2025,KY,1712,00110,80,Each,0.45,NRP,NRP44948,8.80617E+12,REAL NATURE TEA TREE MASK SHEET 23ml,$36.00 
4500169378,02/04/2025,2025,Q1,02,03/11/2025,KY,1712,00120,80,Each,0.45,NRP,NRP44946,8.80617E+12,REAL NATURE ROSE MASK SHEET 23ml,$36.00 
4500169378,02/04/2025,2025,Q1,02,03/11/2025,KY,1712,00130,40,Each,0.45,NRP,NRP44938,8.80617E+12,REAL NATURE TOMATO MASK SHEET 23ml,$18.00 
4500169378,02/04/2025,2025,Q1,02,03/11/2025,KY,1712,00140,48,Each,1.71,NRP,NRP43832,8.80617E+12,Frsh Herb Acerol Cleans Foam 5.74 floz,$82.08 
4500169378,02/04/2025,2025,Q1,02,03/11/2025,KY,1712,00150,72,Each,1.71,NRP,NRP43831,8.80617E+12,Frsh Herb Peach Cleans Foam 5.74 floz,$123.12 
4500169378,02/04/2025,2025,Q1,02,03/11/2025,KY,1712,00160,84,Each,1.71,NRP,NRP43830,8.80617E+12,Frsh Herb Snail Cleans Foam 5.74 floz,$143.64 
4500169378,02/04/2025,2025,Q1,02,03/11/2025,KY,1712,00170,60,Each,1.71,NRP,NRP43829,8.80617E+12,Frsh Herb Aloe Cleans Foam 5.74 floz,$102.60 
4500169378,02/04/2025,2025,Q1,02,03/11/2025,KY,1712,00180,260,Each,5.01,APB,APB68267,8.80987E+12,Glutath Niacinamide Ampoule Serum 40ml,"$1,302.60 "
4500169378,02/04/2025,2025,Q1,02,03/11/2025,KY,1712,00190,144,Each,5.01,APB,APB68268,8.80987E+12,Glutath Niacinamide Facial Cream 55ml,$721.44 
4500169378,02/04/2025,2025,Q1,02,03/11/2025,KY,1712,00200,15,Each,10.4,MUZ,MUZ58009,8.80984E+12,Objct Liq Lip Tnt 009 Percept .20 floz,$156.00 
4500169378,02/04/2025,2025,Q1,02,03/11/2025,KY,1712,00210,10,Each,10.4,MUZ,MUZ58021,8.80984E+12,Icy Glow 01 Vague 0.18 fl oz,$104.00 
4500169378,02/04/2025,2025,Q1,02,03/11/2025,KY,1712,00220,36,Each,24.4,MUZ,MUZ58082,8.80984E+12,Sleek Matt Cushion N21 30 g,$878.40 
4500169378,02/04/2025,2025,Q1,02,03/11/2025,KY,1712,00230,15,Each,10.4,MUZ,MUZ58055,8.80984E+12,Fitting Blush 05 Find 5 g,$156.00 
4500169378,02/04/2025,2025,Q1,02,03/11/2025,KY,1712,00240,45,Each,10.4,MUZ,MUZ58043,8.80984E+12,Objct Mat Lip Tnt 003 Posh .20 floz,$468.00 
4500169378,02/04/2025,2025,Q1,02,03/11/2025,KY,1712,00250,30,Each,10.4,MUZ,MUZ58041,8.80984E+12,Objct Mat Lip Tnt 001 Signatre .20 floz,$312.00 
4500169378,02/04/2025,2025,Q1,02,03/11/2025,KY,1712,00260,32,Each,5.16,NRP,NRP49010,8.80617E+12,Mild and Mst Aloe Vera Water Gel 250ml,$165.12 
4500169378,02/04/2025,2025,Q1,02,03/11/2025,KY,1712,00270,14,Each,17.69,DMX,DMX48164,8.80989E+12,ECM Neck Barrier Cream 1.69 fl oz,$247.66 
4500169378,02/04/2025,2025,Q1,02,03/11/2025,KY,1712,00280,13,Each,22.18,DMX,DMX48171,8.80989E+12,EX Volume Firming 30 ml,$288.34 
4500169378,02/04/2025,2025,Q1,02,03/11/2025,KY,1712,00290,20,Each,15.07,DMX,DMX48184,8.80989E+12,TX Ret Double Effect Eye Cream 40g,$301.40 
4500169378,02/04/2025,2025,Q1,02,03/11/2025,KY,1712,00300,40,Each,25.78,DMX,DMX48193,8.80989E+12,Eyephalt Eyecream For Eyebags 10ml,"$1,031.20 "
4500169378,02/04/2025,2025,Q1,02,03/11/2025,KY,1712,00310,20,Each,5.58,DMX,DMX48157,8.80989E+12,Exosome Repair Mask Pack 30 g x 5 Ea,$111.60 
4500169378,02/04/2025,2025,Q1,02,03/11/2025,KY,1712,00320,112,Each,12.34,DMX,DMX48141,8.80989E+12,TX Cream 1.69 fl oz (50 ml),"$1,382.08 "
4500169378,02/04/2025,2025,Q1,02,03/11/2025,KY,1712,00330,24,Each,12.34,DMX,DMX48135,8.80989E+12,Papaya Powder Wash 1.7 oz (50 g),$296.16 
4500169378,02/04/2025,2025,Q1,02,03/11/2025,KY,1712,00340,20,Each,7.53,DMX,DMX48134,8.80989E+12,Exosome Repair Toner 300 ml,$150.60 
4500169378,02/04/2025,2025,Q1,02,03/11/2025,KY,1712,00350,36,Each,15.07,DMX,DMX48109,8.80989E+12,Exosome Repair Cream 50 ml,$542.52 
4500169378,02/04/2025,2025,Q1,02,03/11/2025,KY,1712,00360,24,Each,15.4,DMX,DMX48086,8.80989E+12,TX Ampoule Rx 1.01 fl oz (30 ml),$369.60 
4500169378,02/04/2025,2025,Q1,02,03/11/2025,KY,1712,00370,24,Each,9.41,NRP,NRP48847,8.80617E+12,Aqa Sup Max Combin Watery Cream 80ml,$225.84 
4500169378,02/04/2025,2025,Q1,02,03/11/2025,KY,1712,00380,2172,Each,2.13,NRP,NRP48814,8.80617E+12,NRP Aloe Vera Watery Gel 300ml,"$4,626.36 "
4500169378,02/04/2025,2025,Q1,02,03/11/2025,KY,1712,00390,60,Each,11.34,NRP,NRP48703,8.80617E+12,Blck Bn Invig Hair Shampoo 10.14 floz,$680.40 
4500169378,02/04/2025,2025,Q1,02,03/11/2025,KY,1712,00400,24,Each,10.46,NRP,NRP48620,8.80617E+12,Real Sqze Ale Vera Hydro Eye Ptch 60ea,$251.04 
4500169378,02/04/2025,2025,Q1,02,03/11/2025,KY,1712,00410,12,Each,13.09,NRP,NRP48604,8.80617E+12,Kombuch Blck Tea Treat Amp 1.69 floz,$157.08 
4500169378,02/04/2025,2025,Q1,02,03/11/2025,KY,1712,00420,24,Each,4.78,NRP,NRP48435,8.80617E+12,After Care Spot Patch 60-12 MM,$114.72 
4500169378,02/04/2025,2025,Q1,02,03/11/2025,KY,1712,00430,108,Each,2.13,NRP,NRP48297,8.80617E+12,Aloe Vera Foam Cleanser 5.07 fl oz,$230.04 
4500169378,02/04/2025,2025,Q1,02,03/11/2025,KY,1712,00440,96,Each,3.46,NRP,NRP47553,8.80617E+12,Body Peel Mist Cotton Scnt 10.14 floz,$332.16 
4500169378,02/04/2025,2025,Q1,02,03/11/2025,KY,1712,00450,36,Each,8.96,DMX,DMX48005,8.80989E+12,TX Peeling Toner 5.07 fl oz (150 ml),$322.56 
4500169378,02/04/2025,2025,Q1,02,03/11/2025,KY,1712,00460,12,Each,3.46,NRP,NRP47552,8.80617E+12,Body Peeling Mist Peach Scent 300 ml,$41.52 
4500169378,02/04/2025,2025,Q1,02,03/11/2025,KY,1712,00470,48,Each,4.66,APB,APB68401,8.80987E+12,Glutath Niacin Toner Pad 60 Pads 100ml,$223.68 
4500169378,02/04/2025,2025,Q1,02,03/11/2025,KY,1712,00480,48,Each,4.66,APB,APB68399,8.80987E+12,Glutathione Niacinamide Cleans Blm 80ml,$223.68 
4500169378,02/04/2025,2025,Q1,02,03/11/2025,KY,1712,00490,24,Each,4.66,APB,APB68398,8.80987E+12,Glutathione Niacinamide Clean Oil 105ml,$111.84 
4500169378,02/04/2025,2025,Q1,02,03/11/2025,KY,1712,00500,100,Each,5.01,APB,APB68276,8.80987E+12,Glutath Niacinamide Sunscreen 40ml,$501.00 
4500169378,02/04/2025,2025,Q1,02,03/11/2025,KY,1712,00510,112,Each,5.01,APB,APB68274,8.80987E+12,Glutath Niacinamide Body Lotion 300ml,$561.12 
4500169378,02/04/2025,2025,Q1,02,03/11/2025,KY,1712,00520,64,Each,5.01,APB,APB68273,8.80987E+12,Glutath Niacinamide Body Wash 300ml,$320.64 
4500169379,02/04/2025,2025,Q1,02,04/10/2025,KY,1712,00010,30,Each,9.53,LFT,LFT69431,8.80592E+12,Lacto Fit Liver Support 120 g,$285.90 
4500169379,02/04/2025,2025,Q1,02,04/10/2025,KY,1712,00020,90,Each,12.99,LFT,LFT68201,8.80592E+12,Lacto Fit Slim 120 g,"$1,169.10 "
4500169379,02/04/2025,2025,Q1,02,04/10/2025,KY,1712,00030,90,Each,8.33,LFT,LFT68101,8.80592E+12,Lacto Fit Core 120 g,$749.70 
4500169379,02/04/2025,2025,Q1,02,04/10/2025,KY,1712,00040,180,Each,7.99,LFT,LFT67921,8.80592E+12,Lacto Fit Gold 100 g,"$1,438.20 "
4500169379,02/04/2025,2025,Q1,02,04/10/2025,KY,1712,00050,30,Each,10.15,LFT,LFT67871,8.80592E+12,Lacto Fit Kids 120 g,$304.50 
4500169379,02/04/2025,2025,Q1,02,04/10/2025,KY,1712,00060,20,Each,3.24,HBF,HBF94578,8.80962E+12,HBAF Roasted Onion Almond 120 g,$64.80 
4500169379,02/04/2025,2025,Q1,02,04/10/2025,KY,1712,00070,60,Each,3.24,HBF,HBF94201,8.80962E+12,HBAF Caramel Salt Almond & Pretzel 120g,$194.40 
4500169379,02/04/2025,2025,Q1,02,04/10/2025,KY,1712,00080,240,Each,3.24,HBF,HBF94449,8.80962E+12,HBAF Honey Butter Almond 120 g,$777.60 
4500169379,02/04/2025,2025,Q1,02,04/10/2025,KY,1712,00090,40,Each,3.24,HBF,HBF94450,8.80962E+12,HBAF Wasabi Almond 120 g,$129.60 
4500169379,02/04/2025,2025,Q1,02,04/10/2025,KY,1712,00100,40,Each,3.24,HBF,HBF94451,8.80962E+12,HBAF Baked Corn Almond 120 g,$129.60 
4500169379,02/04/2025,2025,Q1,02,04/10/2025,KY,1712,00110,60,Each,3.24,HBF,HBF94533,8.80962E+12,HBAF Laver Almond 120 g,$194.40 
4500169379,02/04/2025,2025,Q1,02,04/10/2025,KY,1712,00120,20,Each,3.24,HBF,HBF94494,8.80962E+12,HBAF Garlic Bread Almond 120 g,$64.80 
4500169379,02/04/2025,2025,Q1,02,04/10/2025,KY,1712,00130,20,Each,3.24,HBF,HBF94493,8.80962E+12,HBAF Cheongyang Mayo Almond 120 g,$64.80 
4500169379,02/04/2025,2025,Q1,02,04/10/2025,KY,1712,00140,60,Each,3.24,HBF,HBF94478,8.80962E+12,HBAF Tteokbokki Almond 120 g,$194.40 
4500169379,02/04/2025,2025,Q1,02,04/10/2025,KY,1712,00150,20,Each,3.24,HBF,HBF94477,8.80962E+12,HBAF Hot & Spicy Chicken Almond 120 g,$64.80 
4500169518,02/04/2025,2025,Q1,02,03/06/2025,CA,1710,00010,22,Each,5.58,DMX,DMX48147,8.80989E+12,Oyster Pep-3 Renewal Mask Pck 3 g 5 Ea,$122.76 
4500169518,02/04/2025,2025,Q1,02,03/06/2025,CA,1710,00020,20,Each,5.58,DMX,DMX48157,8.80989E+12,Exosome Repair Mask Pack 30 g x 5 Ea,$111.60 
4500169518,02/04/2025,2025,Q1,02,03/06/2025,CA,1710,00030,70,Each,12.34,DMX,DMX48141,8.80989E+12,TX Cream 1.69 fl oz (50 ml),$863.80 
4500169518,02/04/2025,2025,Q1,02,03/06/2025,CA,1710,00040,20,Each,7.53,DMX,DMX48134,8.80989E+12,Exosome Repair Toner 300 ml,$150.60 
4500169518,02/04/2025,2025,Q1,02,03/06/2025,CA,1710,00050,36,Each,15.4,DMX,DMX48086,8.80989E+12,TX Ampoule Rx 1.01 fl oz (30 ml),$554.40 
4500169518,02/04/2025,2025,Q1,02,03/06/2025,CA,1710,00060,24,Each,12.34,DMX,DMX48167,8.80989E+12,Calcium Dark Spot Eye Cream 15 g,$296.16 
4500169518,02/04/2025,2025,Q1,02,03/06/2025,CA,1710,00070,20,Each,15.07,DMX,DMX48184,8.80989E+12,TX Ret Double Effect Eye Cream 40g,$301.40 
4500169518,02/04/2025,2025,Q1,02,03/06/2025,CA,1710,00080,70,Each,25.78,DMX,DMX48193,8.80989E+12,Eyephalt Eyecream For Eyebags 10ml,"$1,804.60 "
4500169518,02/04/2025,2025,Q1,02,03/06/2025,CA,1710,00090,12,Each,1.71,NRP,NRP43830,8.80617E+12,Frsh Herb Snail Cleans Foam 5.74 floz,$20.52 
4500169518,02/04/2025,2025,Q1,02,03/06/2025,CA,1710,00100,36,Each,1.71,NRP,NRP43832,8.80617E+12,Frsh Herb Acerol Cleans Foam 5.74 floz,$61.56 
4500169518,02/04/2025,2025,Q1,02,03/06/2025,CA,1710,00110,40,Each,0.45,NRP,NRP44948,8.80617E+12,REAL NATURE TEA TREE MASK SHEET 23ml,$18.00 
4500169518,02/04/2025,2025,Q1,02,03/06/2025,CA,1710,00120,32,Each,5.42,NRP,NRP46216,8.80617E+12,Niacinamide Luminous Skin Ampoule 30 ml,$173.44 
4500169518,02/04/2025,2025,Q1,02,03/06/2025,CA,1710,00130,16,Each,5.42,NRP,NRP46222,8.80617E+12,Vitamin E Glossy Skin Ampoule 30 ml,$86.72 
4500169518,02/04/2025,2025,Q1,02,03/06/2025,CA,1710,00140,48,Each,4.97,NRP,NRP46861,8.80617E+12,Argan Essential DeepCareHairPack 200ml,$238.56 
4500169518,02/04/2025,2025,Q1,02,03/06/2025,CA,1710,00150,64,Each,4.42,NRP,NRP46865,8.80617E+12,Argan Essential Moist Hair Mist 220ml,$282.88 
4500169518,02/04/2025,2025,Q1,02,03/06/2025,CA,1710,00160,12,Each,6.1,NRP,NRP47192,8.80617E+12,Calendula Forest GardnDpClnsngOil 200ml,$73.20 
4500169518,02/04/2025,2025,Q1,02,03/06/2025,CA,1710,00170,12,Each,6.29,NRP,NRP47193,8.80617E+12,Chamomile Forest Garden DpClnsOil 200ml,$75.48 
4500169518,02/04/2025,2025,Q1,02,03/06/2025,CA,1710,00180,12,Each,4.45,NRP,NRP47490,8.80617E+12,Jeju Sparkling Mud Foam Cleanser 150ml,$53.40 
4500169518,02/04/2025,2025,Q1,02,03/06/2025,CA,1710,00190,36,Each,3.46,NRP,NRP47551,8.80617E+12,Body Peeling Mist Phyto Scent 300 ml,$124.56 
4500169518,02/04/2025,2025,Q1,02,03/06/2025,CA,1710,00200,24,Each,3.46,NRP,NRP47552,8.80617E+12,Body Peeling Mist Peach Scent 300 ml,$83.04 
4500169518,02/04/2025,2025,Q1,02,03/06/2025,CA,1710,00210,12,Each,8.28,NRP,NRP47879,8.80617E+12,Real Squeeze Aloe Vera Emulsion 130ml,$99.36 
4500169518,02/04/2025,2025,Q1,02,03/06/2025,CA,1710,00220,20,Each,2.39,NRP,NRP48296,8.80617E+12,Aloe Vera Cleansing Tissue 80 Shts,$47.80 
4500169518,02/04/2025,2025,Q1,02,03/06/2025,CA,1710,00230,24,Each,2.13,NRP,NRP48297,8.80617E+12,Aloe Vera Foam Cleanser 5.07 fl oz,$51.12 
4500169518,02/04/2025,2025,Q1,02,03/06/2025,CA,1710,00240,24,Each,2.13,NRP,NRP48298,8.80617E+12,Sooth Moist AloeVeraClnsng GelCrm 150ml,$51.12 
4500169518,02/04/2025,2025,Q1,02,03/06/2025,CA,1710,00250,12,Each,13.09,NRP,NRP48604,8.80617E+12,Kombuch Blck Tea Treat Amp 1.69 floz,$157.08 
4500169518,02/04/2025,2025,Q1,02,03/06/2025,CA,1710,00260,372,Each,2.13,NRP,NRP48814,8.80617E+12,NRP Aloe Vera Watery Gel 300ml,$792.36 
4500169518,02/04/2025,2025,Q1,02,03/06/2025,CA,1710,00270,15,Each,10.4,MUZ,MUZ58043,8.80984E+12,Objct Mat Lip Tnt 003 Posh .20 floz,$156.00 
4500169518,02/04/2025,2025,Q1,02,03/06/2025,CA,1710,00280,15,Each,10.4,MUZ,MUZ58038,8.80984E+12,Objct Liq Lip Tnt 018 Knockout .20 floz,$156.00 
4500169518,02/04/2025,2025,Q1,02,03/06/2025,CA,1710,00290,15,Each,10.4,MUZ,MUZ58036,8.80984E+12,Objct Liq Lip Tnt 016 After .20 floz,$156.00 
4500169518,02/04/2025,2025,Q1,02,03/06/2025,CA,1710,00300,10,Each,10.4,MUZ,MUZ58027,8.80984E+12,Icy Glow 07 Purity 0.18 fl oz,$104.00 
4500169518,02/04/2025,2025,Q1,02,03/06/2025,CA,1710,00310,50,Each,5.01,APB,APB68276,8.80987E+12,Glutath Niacinamide Sunscreen 40ml,$250.50 
4500169518,02/04/2025,2025,Q1,02,03/06/2025,CA,1710,00320,48,Each,4.66,APB,APB68401,8.80987E+12,Glutath Niacin Toner Pad 60 Pads 100ml,$223.68 
4500169518,02/04/2025,2025,Q1,02,03/06/2025,CA,1710,00330,64,Each,5.01,APB,APB68274,8.80987E+12,Glutath Niacinamide Body Lotion 300ml,$320.64 
4500169518,02/04/2025,2025,Q1,02,03/06/2025,CA,1710,00340,144,Each,5.01,APB,APB68273,8.80987E+12,Glutath Niacinamide Body Wash 300ml,$721.44 
4500169518,02/04/2025,2025,Q1,02,03/06/2025,CA,1710,00350,72,Each,5.01,APB,APB68271,8.80987E+12,Glutath Niacinamide Mist Essence 105ml,$360.72 
4500169518,02/04/2025,2025,Q1,02,03/06/2025,CA,1710,00360,60,Each,5.01,APB,APB68270,8.80987E+12,Glutath Niacinamide Facial Toner 160ml,$300.60 
4500169518,02/04/2025,2025,Q1,02,03/06/2025,CA,1710,00370,96,Each,5.01,APB,APB68268,8.80987E+12,Glutath Niacinamide Facial Cream 55ml,$480.96 
4500169518,02/04/2025,2025,Q1,02,03/06/2025,CA,1710,00380,120,Each,5.01,APB,APB68267,8.80987E+12,Glutath Niacinamide Ampoule Serum 40ml,$601.20 
4500169519,02/04/2025,2025,Q1,02,04/07/2025,CA,1710,00010,20,Each,3.24,HBF,HBF94477,8.80962E+12,HBAF Hot & Spicy Chicken Almond 120 g,$64.80 
4500169519,02/04/2025,2025,Q1,02,04/07/2025,CA,1710,00020,60,Each,3.24,HBF,HBF94449,8.80962E+12,HBAF Honey Butter Almond 120 g,$194.40 
4500169519,02/04/2025,2025,Q1,02,04/07/2025,CA,1710,00030,80,Each,3.24,HBF,HBF94478,8.80962E+12,HBAF Tteokbokki Almond 120 g,$259.20 
4500169519,02/04/2025,2025,Q1,02,04/07/2025,CA,1710,00040,20,Each,3.24,HBF,HBF94533,8.80962E+12,HBAF Laver Almond 120 g,$64.80 
4500169519,02/04/2025,2025,Q1,02,04/07/2025,CA,1710,00050,40,Each,3.24,HBF,HBF94578,8.80962E+12,HBAF Roasted Onion Almond 120 g,$129.60 
4500169519,02/04/2025,2025,Q1,02,04/07/2025,CA,1710,00060,60,Each,7.99,LFT,LFT67921,8.80592E+12,Lacto Fit Gold 100 g,$479.40 
4500169519,02/04/2025,2025,Q1,02,04/07/2025,CA,1710,00070,30,Each,9.53,LFT,LFT69431,8.80592E+12,Lacto Fit Liver Support 120 g,$285.90 
4500172353,02/20/2025,2025,Q1,02,03/24/2025,CA,1710,00010,80,Each,0.45,NRP,NRP45606,8.80617E+12,REAL NATURE OLIVE MASK SHEET 23ml,$36.00 
4500172353,02/20/2025,2025,Q1,02,03/24/2025,CA,1710,00020,16,Each,10.46,NRP,NRP45415,8.80617E+12,Fresh Powdery Sun Stick SPF50 0.71 oz,$167.36 
4500172353,02/20/2025,2025,Q1,02,03/24/2025,CA,1710,00030,14,Each,18.46,DMX,DMX48115,8.80989E+12,EX Volume Firm Calcium Int Cream 50ml,$258.44 
4500172353,02/20/2025,2025,Q1,02,03/24/2025,CA,1710,00040,20,Each,15.07,DMX,DMX48184,8.80989E+12,TX Ret Double Effect Eye Cream 40g,$301.40 
4500172353,02/20/2025,2025,Q1,02,03/24/2025,CA,1710,00050,16,Each,5.42,NRP,NRP46222,8.80617E+12,Vitamin E Glossy Skin Ampoule 30 ml,$86.72 
4500172353,02/20/2025,2025,Q1,02,03/24/2025,CA,1710,00060,36,Each,1.71,NRP,NRP43832,8.80617E+12,Frsh Herb Acerol Cleans Foam 5.74 floz,$61.56 
4500172353,02/20/2025,2025,Q1,02,03/24/2025,CA,1710,00070,40,Each,4.97,NRP,NRP46861,8.80617E+12,Argan Essential DeepCareHairPack 200ml,$198.80 
4500172353,02/20/2025,2025,Q1,02,03/24/2025,CA,1710,00080,66,Each,6.03,NRP,NRP46863,8.80617E+12,Argan Essential Deep Care Hair Ess 80ml,$397.98 
4500172353,02/20/2025,2025,Q1,02,03/24/2025,CA,1710,00090,256,Each,5.01,APB,APB68274,8.80987E+12,Glutath Niacinamide Body Lotion 300ml,"$1,282.56 "
4500172353,02/20/2025,2025,Q1,02,03/24/2025,CA,1710,00100,160,Each,5.01,APB,APB68273,8.80987E+12,Glutath Niacinamide Body Wash 300ml,$801.60 
4500172353,02/20/2025,2025,Q1,02,03/24/2025,CA,1710,00110,42,Each,5.01,APB,APB68272,8.80987E+12,Glutath Niacinamide Fac Cleanser 80ml,$210.42 
4500172353,02/20/2025,2025,Q1,02,03/24/2025,CA,1710,00120,24,Each,8.28,NRP,NRP47346,8.80617E+12,Shea Butter Moist Steam Crm 3.38 floz,$198.72 
4500172353,02/20/2025,2025,Q1,02,03/24/2025,CA,1710,00130,60,Each,5.01,APB,APB68270,8.80987E+12,Glutath Niacinamide Facial Toner 160ml,$300.60 
4500172353,02/20/2025,2025,Q1,02,03/24/2025,CA,1710,00140,40,Each,25.78,DMX,DMX48193,8.80989E+12,Eyephalt Eyecream For Eyebags 10ml,"$1,031.20 "
4500172353,02/20/2025,2025,Q1,02,03/24/2025,CA,1710,00150,32,Each,5.16,NRP,NRP49010,8.80617E+12,Mild and Mst Aloe Vera Water Gel 250ml,$165.12 
4500172353,02/20/2025,2025,Q1,02,03/24/2025,CA,1710,00160,72,Each,2.13,NRP,NRP48297,8.80617E+12,Aloe Vera Foam Cleanser 5.07 fl oz,$153.36 
4500172353,02/20/2025,2025,Q1,02,03/24/2025,CA,1710,00170,120,Each,5.01,APB,APB68268,8.80987E+12,Glutath Niacinamide Facial Cream 55ml,$601.20 
4500172353,02/20/2025,2025,Q1,02,03/24/2025,CA,1710,00180,36,Each,4.66,APB,APB68401,8.80987E+12,Glutath Niacin Toner Pad 60 Pads 100ml,$167.76 
4500172353,02/20/2025,2025,Q1,02,03/24/2025,CA,1710,00190,24,Each,4.66,APB,APB68400,8.80987E+12,Glutathione Niacinamide Cln Water 160ml,$111.84 
4500172353,02/20/2025,2025,Q1,02,03/24/2025,CA,1710,00200,24,Each,4.66,APB,APB68399,8.80987E+12,Glutathione Niacinamide Cleans Blm 80ml,$111.84 
4500172353,02/20/2025,2025,Q1,02,03/24/2025,CA,1710,00210,12,Each,4.66,APB,APB68398,8.80987E+12,Glutathione Niacinamide Clean Oil 105ml,$55.92 
4500172353,02/20/2025,2025,Q1,02,03/24/2025,CA,1710,00220,12,Each,13.96,NRP,NRP48695,8.80617E+12,Kombuch Blck Tea Frst Essce 4.73 floz,$167.52 
4500172353,02/20/2025,2025,Q1,02,03/24/2025,CA,1710,00230,280,Each,5.01,APB,APB68267,8.80987E+12,Glutath Niacinamide Ampoule Serum 40ml,"$1,402.80 "
4500172353,02/20/2025,2025,Q1,02,03/24/2025,CA,1710,00240,240,Each,5.01,APB,APB68276,8.80987E+12,Glutath Niacinamide Sunscreen 40ml,"$1,202.40 "
4500172353,02/20/2025,2025,Q1,02,03/24/2025,CA,1710,00250,18,Each,7.33,NRP,NRP48843,8.80617E+12,Aqua Super Aqua Max Watery Toner 150ml,$131.94 
4500172353,02/20/2025,2025,Q1,02,03/24/2025,CA,1710,00260,18,Each,16.23,SRI,SRI77910,8.80919E+12,All Your Love Body Cream 300ml,$292.14 
4500172353,02/20/2025,2025,Q1,02,03/24/2025,CA,1710,00270,60,Each,11.53,SRI,SRI99760,8.80908E+12,Organic Hand Lip Care Set 50ml4g,$691.80 
4500172354,02/20/2025,2025,Q1,02,03/27/2025,KY,1712,00010,10,Each,25.78,DMX,DMX48193,8.80989E+12,Eyephalt Eyecream For Eyebags 10ml,$257.80 
4500172354,02/20/2025,2025,Q1,02,03/27/2025,KY,1712,00020,240,Each,5.01,APB,APB68268,8.80987E+12,Glutath Niacinamide Facial Cream 55ml,"$1,202.40 "
4500172354,02/20/2025,2025,Q1,02,03/27/2025,KY,1712,00030,80,Each,5.01,APB,APB68270,8.80987E+12,Glutath Niacinamide Facial Toner 160ml,$400.80 
4500172354,02/20/2025,2025,Q1,02,03/27/2025,KY,1712,00040,170,Each,5.01,APB,APB68276,8.80987E+12,Glutath Niacinamide Sunscreen 40ml,$851.70 
4500172354,02/20/2025,2025,Q1,02,03/27/2025,KY,1712,00050,13,Each,17.69,DMX,DMX48170,8.80989E+12,Exosome Repair Ampoule Plus 40 ml,$229.97 
4500172354,02/20/2025,2025,Q1,02,03/27/2025,KY,1712,00060,24,Each,12.34,DMX,DMX48135,8.80989E+12,Papaya Powder Wash 1.7 oz (50 g),$296.16 
4500172354,02/20/2025,2025,Q1,02,03/27/2025,KY,1712,00070,128,Each,5.01,APB,APB68274,8.80987E+12,Glutath Niacinamide Body Lotion 300ml,$641.28 
4500172354,02/20/2025,2025,Q1,02,03/27/2025,KY,1712,00080,18,Each,24.4,MUZ,MUZ58083,8.80984E+12,Sleek Matt Cushion N23 30 g,$439.20 
4500172354,02/20/2025,2025,Q1,02,03/27/2025,KY,1712,00090,18,Each,11.96,SRI,SRI55257,8.80616E+12,My First Essener 100ml,$215.28 
4500172354,02/20/2025,2025,Q1,02,03/27/2025,KY,1712,00100,48,Each,1.71,NRP,NRP43831,8.80617E+12,Frsh Herb Peach Cleans Foam 5.74 floz,$82.08 
4500172354,02/20/2025,2025,Q1,02,03/27/2025,KY,1712,00110,72,Each,1.71,NRP,NRP43832,8.80617E+12,Frsh Herb Acerol Cleans Foam 5.74 floz,$123.12 
4500172354,02/20/2025,2025,Q1,02,03/27/2025,KY,1712,00120,48,Each,5.16,NRP,NRP49010,8.80617E+12,Mild and Mst Aloe Vera Water Gel 250ml,$247.68 
4500172354,02/20/2025,2025,Q1,02,03/27/2025,KY,1712,00130,30,Each,9.41,NRP,NRP48847,8.80617E+12,Aqa Sup Max Combin Watery Cream 80ml,$282.30 
4500172354,02/20/2025,2025,Q1,02,03/27/2025,KY,1712,00140,360,Each,2.13,NRP,NRP48814,8.80617E+12,NRP Aloe Vera Watery Gel 300ml,$766.80 
4500172354,02/20/2025,2025,Q1,02,03/27/2025,KY,1712,00150,24,Each,9.59,NRP,NRP48704,8.80617E+12,Blck Bean Invigo Hair Treatment 200ml,$230.16 
4500172354,02/20/2025,2025,Q1,02,03/27/2025,KY,1712,00160,24,Each,6.09,NRP,NRP48619,8.80617E+12,Real Squeeze Aloe Vera Eye Serum 15ml,$146.16 
4500172354,02/20/2025,2025,Q1,02,03/27/2025,KY,1712,00170,48,Each,2.13,NRP,NRP48298,8.80617E+12,Sooth Moist AloeVeraClnsng GelCrm 150ml,$102.24 
4500172354,02/20/2025,2025,Q1,02,03/27/2025,KY,1712,00180,108,Each,2.13,NRP,NRP48297,8.80617E+12,Aloe Vera Foam Cleanser 5.07 fl oz,$230.04 
4500172354,02/20/2025,2025,Q1,02,03/27/2025,KY,1712,00190,48,Each,3.46,NRP,NRP47552,8.80617E+12,Body Peeling Mist Peach Scent 300 ml,$166.08 
4500172354,02/20/2025,2025,Q1,02,03/27/2025,KY,1712,00200,24,Each,8.28,NRP,NRP47345,8.80617E+12,Shea Butter Ultra Steam Crm 3.38 fl oz,$198.72 
4500172354,02/20/2025,2025,Q1,02,03/27/2025,KY,1712,00210,36,Each,4.78,NRP,NRP47070,8.80617E+12,Relf Cre Spot Patch 24-12 MM 36-10 MM,$172.08 
4500172354,02/20/2025,2025,Q1,02,03/27/2025,KY,1712,00220,24,Each,6.03,NRP,NRP46863,8.80617E+12,Argan Essential Deep Care Hair Ess 80ml,$144.72 
4500172354,02/20/2025,2025,Q1,02,03/27/2025,KY,1712,00230,42,Each,7.08,NRP,NRP46862,8.80617E+12,Argan Essen Hair NoWash Treatmnt 160ml,$297.36 
4500172354,02/20/2025,2025,Q1,02,03/27/2025,KY,1712,00240,136,Each,4.97,NRP,NRP46861,8.80617E+12,Argan Essential DeepCareHairPack 200ml,$675.92 
4500172354,02/20/2025,2025,Q1,02,03/27/2025,KY,1712,00250,32,Each,5.42,NRP,NRP46222,8.80617E+12,Vitamin E Glossy Skin Ampoule 30 ml,$173.44 
4500172354,02/20/2025,2025,Q1,02,03/27/2025,KY,1712,00260,160,Each,0.45,NRP,NRP45606,8.80617E+12,REAL NATURE OLIVE MASK SHEET 23ml,$72.00 
4500172354,02/20/2025,2025,Q1,02,03/27/2025,KY,1712,00270,64,Each,10.46,NRP,NRP45415,8.80617E+12,Fresh Powdery Sun Stick SPF50 0.71 oz,$669.44 
4500172355,02/20/2025,2025,Q1,02,03/24/2025,CA,1710,00010,60,Each,8.33,LFT,LFT68101,8.80592E+12,Lacto Fit Core 120 g,$499.80 
4500172356,02/20/2025,2025,Q1,02,03/27/2025,KY,1712,00010,30,Each,9.53,LFT,LFT69431,8.80592E+12,Lacto Fit Liver Support 120 g,$285.90 
4500172356,02/20/2025,2025,Q1,02,03/27/2025,KY,1712,00020,18,Each,10.51,LFT,LFT69271,8.80592E+12,Lacto Fit Glucose Control 120 g,$189.18 
4500172356,02/20/2025,2025,Q1,02,03/27/2025,KY,1712,00030,150,Each,12.99,LFT,LFT68201,8.80592E+12,Lacto Fit Slim 120 g,"$1,948.50 "
4500174280,03/06/2025,2025,Q1,03,04/07/2025,CA,1710,00010,24,Each,4.66,APB,APB68398,8.80987E+12,Glutathione Niacinamide Clean Oil 105ml,$111.84 
4500174280,03/06/2025,2025,Q1,03,04/07/2025,CA,1710,00020,208,Each,5.01,APB,APB68274,8.80987E+12,Glutath Niacinamide Body Lotion 300ml,"$1,042.08 "
4500174280,03/06/2025,2025,Q1,03,04/07/2025,CA,1710,00030,80,Each,5.01,APB,APB68270,8.80987E+12,Glutath Niacinamide Facial Toner 160ml,$400.80 
4500174280,03/06/2025,2025,Q1,03,04/07/2025,CA,1710,00040,16,Each,10.25,SRI,SRI99708,8.80908E+12,Cleanse Me Softly Milk Cleanser 200ml,$164.00 
4500174280,03/06/2025,2025,Q1,03,04/07/2025,CA,1710,00050,660,Each,2.13,NRP,NRP48814,8.80617E+12,NRP Aloe Vera Watery Gel 300ml,"$1,405.80 "
4500174280,03/06/2025,2025,Q1,03,04/07/2025,CA,1710,00060,16,Each,9.4,SRI,SRI99706,8.80908E+12,Day By Day Cleansing Gel 150ml,$150.40 
4500174280,03/06/2025,2025,Q1,03,04/07/2025,CA,1710,00070,12,Each,10.46,NRP,NRP48620,8.80617E+12,Real Sqze Ale Vera Hydro Eye Ptch 60ea,$125.52 
4500174280,03/06/2025,2025,Q1,03,04/07/2025,CA,1710,00080,18,Each,16.23,SRI,SRI77910,8.80919E+12,All Your Love Body Cream 300ml,$292.14 
4500174280,03/06/2025,2025,Q1,03,04/07/2025,CA,1710,00090,40,Each,2.39,NRP,NRP48296,8.80617E+12,Aloe Vera Cleansing Tissue 80 Shts,$95.60 
4500174280,03/06/2025,2025,Q1,03,04/07/2025,CA,1710,00100,24,Each,12.34,DMX,DMX48135,8.80989E+12,Papaya Powder Wash 1.7 oz (50 g),$296.16 
4500174280,03/06/2025,2025,Q1,03,04/07/2025,CA,1710,00110,14,Each,18.46,DMX,DMX48115,8.80989E+12,EX Volume Firm Calcium Int Cream 50ml,$258.44 
4500174280,03/06/2025,2025,Q1,03,04/07/2025,CA,1710,00120,12,Each,15.07,DMX,DMX48109,8.80989E+12,Exosome Repair Cream 50 ml,$180.84 
4500174280,03/06/2025,2025,Q1,03,04/07/2025,CA,1710,00130,36,Each,8.96,DMX,DMX48005,8.80989E+12,TX Peeling Toner 5.07 fl oz (150 ml),$322.56 
4500174280,03/06/2025,2025,Q1,03,04/07/2025,CA,1710,00140,60,Each,3.27,NRP,NRP45742,8.80617E+12,Jeju Spark Cleans Tissue 50 Sheets 205g,$196.20 
4500174280,03/06/2025,2025,Q1,03,04/07/2025,CA,1710,00150,16,Each,10.46,NRP,NRP45415,8.80617E+12,Fresh Powdery Sun Stick SPF50 0.71 oz,$167.36 
4500174280,03/06/2025,2025,Q1,03,04/07/2025,CA,1710,00160,80,Each,5.42,NRP,NRP46216,8.80617E+12,Niacinamide Luminous Skin Ampoule 30 ml,$433.60 
4500174280,03/06/2025,2025,Q1,03,04/07/2025,CA,1710,00170,12,Each,6.53,NRP,NRP48257,8.80617E+12,Green Derma Soothing Cream 100ml,$78.36 
4500174280,03/06/2025,2025,Q1,03,04/07/2025,CA,1710,00180,80,Each,0.45,NRP,NRP44935,8.80617E+12,REAL NATURE ROYAL JELLY MASK SHEET 23ml,$36.00 
4500174280,03/06/2025,2025,Q1,03,04/07/2025,CA,1710,00190,36,Each,11.96,SRI,SRI55257,8.80616E+12,My First Essener 100ml,$430.56 
4500174280,03/06/2025,2025,Q1,03,04/07/2025,CA,1710,00200,12,Each,3.46,NRP,NRP47553,8.80617E+12,Body Peel Mist Cotton Scnt 10.14 floz,$41.52 
4500174280,03/06/2025,2025,Q1,03,04/07/2025,CA,1710,00210,36,Each,3.46,NRP,NRP47551,8.80617E+12,Body Peeling Mist Phyto Scent 300 ml,$124.56 
4500174280,03/06/2025,2025,Q1,03,04/07/2025,CA,1710,00220,30,Each,4.48,NRP,NRP47492,8.80617E+12,Jeju Spark Enrich Facial Clnsr 300ml,$134.40 
4500174280,03/06/2025,2025,Q1,03,04/07/2025,CA,1710,00230,120,Each,0.45,NRP,NRP44946,8.80617E+12,REAL NATURE ROSE MASK SHEET 23ml,$54.00 
4500174280,03/06/2025,2025,Q1,03,04/07/2025,CA,1710,00240,36,Each,4.45,NRP,NRP47490,8.80617E+12,Jeju Sparkling Mud Foam Cleanser 150ml,$160.20 
4500174280,03/06/2025,2025,Q1,03,04/07/2025,CA,1710,00250,72,Each,6.29,NRP,NRP47193,8.80617E+12,Chamomile Forest Garden DpClnsOil 200ml,$452.88 
4500174280,03/06/2025,2025,Q1,03,04/07/2025,CA,1710,00260,120,Each,0.45,NRP,NRP44938,8.80617E+12,REAL NATURE TOMATO MASK SHEET 23ml,$54.00 
4500174280,03/06/2025,2025,Q1,03,04/07/2025,CA,1710,00270,30,Each,6.1,NRP,NRP47192,8.80617E+12,Calendula Forest GardnDpClnsngOil 200ml,$183.00 
4500174280,03/06/2025,2025,Q1,03,04/07/2025,CA,1710,00280,48,Each,6.53,NRP,NRP46868,8.80617E+12,Argan Essential Deep Care Cond 300ml,$313.44 
4500174280,03/06/2025,2025,Q1,03,04/07/2025,CA,1710,00290,80,Each,4.42,NRP,NRP46865,8.80617E+12,Argan Essential Moist Hair Mist 220ml,$353.60 
4500174280,03/06/2025,2025,Q1,03,04/07/2025,CA,1710,00300,12,Each,7.08,NRP,NRP46862,8.80617E+12,Argan Essen Hair NoWash Treatmnt 160ml,$84.96 
4500174280,03/06/2025,2025,Q1,03,04/07/2025,CA,1710,00310,96,Each,2.96,NRP,NRP42355,8.80617E+12,BAMBOO CHARCOAL MUD PACK 150g,$284.16 
4500174280,03/06/2025,2025,Q1,03,04/07/2025,CA,1710,00320,80,Each,6.53,NRP,NRP46867,8.80617E+12,Argan Essential Deep Care Shampoo 300ml,$522.40 
4500174280,03/06/2025,2025,Q1,03,04/07/2025,CA,1710,00330,108,Each,1.71,NRP,NRP43829,8.80617E+12,Frsh Herb Aloe Cleans Foam 5.74 floz,$184.68 
4500174280,03/06/2025,2025,Q1,03,04/07/2025,CA,1710,00340,108,Each,1.71,NRP,NRP43830,8.80617E+12,Frsh Herb Snail Cleans Foam 5.74 floz,$184.68 
4500174281,03/06/2025,2025,Q1,03,04/10/2025,KY,1712,00010,120,Each,5.01,APB,APB68270,8.80987E+12,Glutath Niacinamide Facial Toner 160ml,$601.20 
4500174281,03/06/2025,2025,Q1,03,04/10/2025,KY,1712,00020,105,Each,5.01,APB,APB68272,8.80987E+12,Glutath Niacinamide Fac Cleanser 80ml,$526.05 
4500174281,03/06/2025,2025,Q1,03,04/10/2025,KY,1712,00030,400,Each,5.01,APB,APB68273,8.80987E+12,Glutath Niacinamide Body Wash 300ml,"$2,004.00 "
4500174281,03/06/2025,2025,Q1,03,04/10/2025,KY,1712,00040,352,Each,5.01,APB,APB68274,8.80987E+12,Glutath Niacinamide Body Lotion 300ml,"$1,763.52 "
4500174281,03/06/2025,2025,Q1,03,04/10/2025,KY,1712,00050,20,Each,5.01,APB,APB68275,8.80987E+12,Glutath Niacinamide Eye Cream 20ml,$100.20 
4500174281,03/06/2025,2025,Q1,03,04/10/2025,KY,1712,00060,350,Each,5.01,APB,APB68276,8.80987E+12,Glutath Niacinamide Sunscreen 40ml,"$1,753.50 "
4500174281,03/06/2025,2025,Q1,03,04/10/2025,KY,1712,00070,288,Each,5.01,APB,APB68268,8.80987E+12,Glutath Niacinamide Facial Cream 55ml,"$1,442.88 "
4500174281,03/06/2025,2025,Q1,03,04/10/2025,KY,1712,00080,360,Each,5.01,APB,APB68267,8.80987E+12,Glutath Niacinamide Ampoule Serum 40ml,"$1,803.60 "
4500174281,03/06/2025,2025,Q1,03,04/10/2025,KY,1712,00090,60,Each,11.53,SRI,SRI99760,8.80908E+12,Organic Hand Lip Care Set 50ml4g,$691.80 
4500174281,03/06/2025,2025,Q1,03,04/10/2025,KY,1712,00100,40,Each,7.69,SRI,SRI99757,8.80908E+12,Back To My Memories Handcream  50ml,$307.60 
4500174281,03/06/2025,2025,Q1,03,04/10/2025,KY,1712,00110,16,Each,10.25,SRI,SRI99708,8.80908E+12,Cleanse Me Softly Milk Cleanser 200ml,$164.00 
4500174281,03/06/2025,2025,Q1,03,04/10/2025,KY,1712,00120,16,Each,9.4,SRI,SRI99706,8.80908E+12,Day By Day Cleansing Gel 150ml,$150.40 
4500174281,03/06/2025,2025,Q1,03,04/10/2025,KY,1712,00130,16,Each,9.4,SRI,SRI99705,8.80908E+12,Time Is Running Out Mist 100ml,$150.40 
4500174281,03/06/2025,2025,Q1,03,04/10/2025,KY,1712,00140,18,Each,16.23,SRI,SRI77910,8.80919E+12,All Your Love Body Cream 300ml,$292.14 
4500174281,03/06/2025,2025,Q1,03,04/10/2025,KY,1712,00150,18,Each,14.52,SRI,SRI55258,8.80616E+12,Enriched By Nature Cream 50ml,$261.36 
4500174281,03/06/2025,2025,Q1,03,04/10/2025,KY,1712,00160,40,Each,3.27,NRP,NRP45742,8.80617E+12,Jeju Spark Cleans Tissue 50 Sheets 205g,$130.80 
4500174281,03/06/2025,2025,Q1,03,04/10/2025,KY,1712,00170,200,Each,0.45,NRP,NRP45607,8.80617E+12,REAL NATURE SHEA BUTTER MASK SHEET 23ml,$90.00 
4500174281,03/06/2025,2025,Q1,03,04/10/2025,KY,1712,00180,80,Each,0.45,NRP,NRP44946,8.80617E+12,REAL NATURE ROSE MASK SHEET 23ml,$36.00 
4500174281,03/06/2025,2025,Q1,03,04/10/2025,KY,1712,00190,80,Each,0.45,NRP,NRP44935,8.80617E+12,REAL NATURE ROYAL JELLY MASK SHEET 23ml,$36.00 
4500174281,03/06/2025,2025,Q1,03,04/10/2025,KY,1712,00200,132,Each,1.71,NRP,NRP43830,8.80617E+12,Frsh Herb Snail Cleans Foam 5.74 floz,$225.72 
4500174281,03/06/2025,2025,Q1,03,04/10/2025,KY,1712,00210,168,Each,1.71,NRP,NRP43829,8.80617E+12,Frsh Herb Aloe Cleans Foam 5.74 floz,$287.28 
4500174281,03/06/2025,2025,Q1,03,04/10/2025,KY,1712,00220,72,Each,2.96,NRP,NRP42355,8.80617E+12,BAMBOO CHARCOAL MUD PACK 150g,$213.12 
4500174281,03/06/2025,2025,Q1,03,04/10/2025,KY,1712,00230,15,Each,13,MUZ,MUZ58078,8.80984E+12,Moodwear Blur Lipstick 008 Revenge 4 g,$195.00 
4500174281,03/06/2025,2025,Q1,03,04/10/2025,KY,1712,00240,128,Each,5.42,NRP,NRP46216,8.80617E+12,Niacinamide Luminous Skin Ampoule 30 ml,$693.76 
4500174281,03/06/2025,2025,Q1,03,04/10/2025,KY,1712,00250,60,Each,6.03,NRP,NRP46863,8.80617E+12,Argan Essential Deep Care Hair Ess 80ml,$361.80 
4500174281,03/06/2025,2025,Q1,03,04/10/2025,KY,1712,00260,216,Each,4.42,NRP,NRP46865,8.80617E+12,Argan Essential Moist Hair Mist 220ml,$954.72 
4500174281,03/06/2025,2025,Q1,03,04/10/2025,KY,1712,00270,240,Each,6.53,NRP,NRP46867,8.80617E+12,Argan Essential Deep Care Shampoo 300ml,"$1,567.20 "
4500174281,03/06/2025,2025,Q1,03,04/10/2025,KY,1712,00280,120,Each,6.53,NRP,NRP46868,8.80617E+12,Argan Essential Deep Care Cond 300ml,$783.60 
4500174281,03/06/2025,2025,Q1,03,04/10/2025,KY,1712,00290,72,Each,6.1,NRP,NRP47192,8.80617E+12,Calendula Forest GardnDpClnsngOil 200ml,$439.20 
4500174281,03/06/2025,2025,Q1,03,04/10/2025,KY,1712,00300,24,Each,17.69,DMX,DMX48144,8.80989E+12,Oyster Pep3 Renewal Ampoule (30 ml),$424.56 
4500174281,03/06/2025,2025,Q1,03,04/10/2025,KY,1712,00310,26,Each,12.34,DMX,DMX48165,8.80989E+12,ECM Neck Barrier Ampoule 1.5 ml 10 ea,$320.84 
4500174281,03/06/2025,2025,Q1,03,04/10/2025,KY,1712,00320,84,Each,6.29,NRP,NRP47193,8.80617E+12,Chamomile Forest Garden DpClnsOil 200ml,$528.36 
4500174281,03/06/2025,2025,Q1,03,04/10/2025,KY,1712,00330,108,Each,4.45,NRP,NRP47490,8.80617E+12,Jeju Sparkling Mud Foam Cleanser 150ml,$480.60 
4500174281,03/06/2025,2025,Q1,03,04/10/2025,KY,1712,00340,42,Each,4.48,NRP,NRP47492,8.80617E+12,Jeju Spark Enrich Facial Clnsr 300ml,$188.16 
4500174281,03/06/2025,2025,Q1,03,04/10/2025,KY,1712,00350,144,Each,3.46,NRP,NRP47551,8.80617E+12,Body Peeling Mist Phyto Scent 300 ml,$498.24 
4500174281,03/06/2025,2025,Q1,03,04/10/2025,KY,1712,00360,12,Each,7.33,NRP,NRP48844,8.80617E+12,Aqua Super Max Watery Emulsion 130ml,$87.96 
4500174281,03/06/2025,2025,Q1,03,04/10/2025,KY,1712,00370,3336,Each,2.13,NRP,NRP48814,8.80617E+12,NRP Aloe Vera Watery Gel 300ml,"$7,105.68 "
4500174281,03/06/2025,2025,Q1,03,04/10/2025,KY,1712,00380,24,Each,11.34,NRP,NRP48703,8.80617E+12,Blck Bn Invig Hair Shampoo 10.14 floz,$272.16 
4500174281,03/06/2025,2025,Q1,03,04/10/2025,KY,1712,00390,12,Each,13.96,NRP,NRP48695,8.80617E+12,Kombuch Blck Tea Frst Essce 4.73 floz,$167.52 
4500174281,03/06/2025,2025,Q1,03,04/10/2025,KY,1712,00400,24,Each,10.46,NRP,NRP48620,8.80617E+12,Real Sqze Ale Vera Hydro Eye Ptch 60ea,$251.04 
4500174281,03/06/2025,2025,Q1,03,04/10/2025,KY,1712,00410,48,Each,2.13,NRP,NRP48298,8.80617E+12,Sooth Moist AloeVeraClnsng GelCrm 150ml,$102.24 
4500174281,03/06/2025,2025,Q1,03,04/10/2025,KY,1712,00420,30,Each,2.39,NRP,NRP48296,8.80617E+12,Aloe Vera Cleansing Tissue 80 Shts,$71.70 
4500174281,03/06/2025,2025,Q1,03,04/10/2025,KY,1712,00430,12,Each,8.71,NRP,NRP48221,8.80617E+12,Green Derma Mild Cica Serum 1.69 fl oz,$104.52 
4500174281,03/06/2025,2025,Q1,03,04/10/2025,KY,1712,00440,12,Each,8.28,NRP,NRP47879,8.80617E+12,Real Squeeze Aloe Vera Emulsion 130ml,$99.36 
4500174281,03/06/2025,2025,Q1,03,04/10/2025,KY,1712,00450,24,Each,9.41,NRP,NRP48847,8.80617E+12,Aqa Sup Max Combin Watery Cream 80ml,$225.84 
4500174281,03/06/2025,2025,Q1,03,04/10/2025,KY,1712,00460,80,Each,5.16,NRP,NRP49010,8.80617E+12,Mild and Mst Aloe Vera Water Gel 250ml,$412.80 
4500174281,03/06/2025,2025,Q1,03,04/10/2025,KY,1712,00470,24,Each,3.46,NRP,NRP47552,8.80617E+12,Body Peeling Mist Peach Scent 300 ml,$83.04 
4500174281,03/06/2025,2025,Q1,03,04/10/2025,KY,1712,00480,72,Each,3.46,NRP,NRP47553,8.80617E+12,Body Peel Mist Cotton Scnt 10.14 floz,$249.12 
4500174281,03/06/2025,2025,Q1,03,04/10/2025,KY,1712,00490,20,Each,15.07,DMX,DMX48184,8.80989E+12,TX Ret Double Effect Eye Cream 40g,$301.40 
4500174282,03/06/2025,2025,Q1,03,04/07/2025,CA,1710,00010,30,Each,10.15,LFT,LFT67871,8.80592E+12,Lacto Fit Kids 120 g,$304.50 
4500174282,03/06/2025,2025,Q1,03,04/07/2025,CA,1710,00020,150,Each,15.94,LFT,LFT68181,8.80592E+12,Lacto Fit Beauty 120 g,"$2,391.00 "
4500174282,03/06/2025,2025,Q1,03,04/07/2025,CA,1710,00030,120,Each,12.99,LFT,LFT68201,8.80592E+12,Lacto Fit Slim 120 g,"$1,558.80 "
4500174282,03/06/2025,2025,Q1,03,04/07/2025,CA,1710,00040,20,Each,3.24,HBF,HBF94450,8.80962E+12,HBAF Wasabi Almond 120 g,$64.80 
4500174283,03/06/2025,2025,Q1,03,04/10/2025,KY,1712,00010,30,Each,9.31,LFT,LFT67861,8.80592E+12,Lacto Fit Bebe 120 g,$279.30 
4500174283,03/06/2025,2025,Q1,03,04/10/2025,KY,1712,00020,30,Each,10.15,LFT,LFT67871,8.80592E+12,Lacto Fit Kids 120 g,$304.50 
4500174283,03/06/2025,2025,Q1,03,04/10/2025,KY,1712,00030,30,Each,10.15,LFT,LFT68241,8.80592E+12,Plant-based Lacto Fit 120 g,$304.50 
4500175139,03/13/2025,2025,Q1,03,04/14/2025,CA,1710,00010,72,Each,17.85,DMX,DMX48150,8.80989E+12,Extra Whitening Ampoule 30 ml,"$1,285.20 "
4500175139,03/13/2025,2025,Q1,03,04/14/2025,CA,1710,00020,72,Each,14,DMX,DMX48149,8.80989E+12,Anti-Freckles Whiten Capsule Cream 50g,"$1,008.00 "
4500175139,03/13/2025,2025,Q1,03,04/14/2025,CA,1710,00030,72,Each,18.8,DMX,DMX48110,8.80989E+12,BP Pore Ampoule 30 ml,"$1,353.60 "
4500175139,03/13/2025,2025,Q1,03,04/14/2025,CA,1710,00040,72,Each,16,DMX,DMX48087,8.80989E+12,BP Pore Barrier Cream 1.76 oz (50 g),"$1,152.00 "
4500175139,03/13/2025,2025,Q1,03,04/14/2025,CA,1710,00050,72,Each,10.5,DMX,DMX48039,8.80989E+12,BP Exfoliating Pad 70 Pads 165ml,$756.00 
4500175139,03/13/2025,2025,Q1,03,04/14/2025,CA,1710,00060,78,Each,7,DMX,DMX48153,8.80989E+12,Astax Whiten Amp Mask Pack 25g 5 Ea,$546.00 
4500175139,03/13/2025,2025,Q1,03,04/14/2025,CA,1710,00070,91,Each,9.2,DMX,DMX48159,8.80989E+12,Aqua Ion Plas Hydrat Water Toner 200ml,$837.20 
4500175139,03/13/2025,2025,Q1,03,04/14/2025,CA,1710,00080,72,Each,9.6,DMX,DMX48160,8.80989E+12,Aqua Ion Plas Hydrating Gel Cream 50ml,$691.20 
4500175139,03/13/2025,2025,Q1,03,04/14/2025,CA,1710,00090,91,Each,12,DMX,DMX48161,8.80989E+12,Aqua Ion Plas Water Glow Ampoule 50ml,"$1,092.00 "
4500175139,03/13/2025,2025,Q1,03,04/14/2025,CA,1710,00100,78,Each,7,DMX,DMX48162,8.80989E+12,Aqua Ion Plas Hydrat Wtr Msk 25g 5 Ea,$546.00 
4500175139,03/13/2025,2025,Q1,03,04/14/2025,CA,1710,00110,78,Each,6.85,DMX,DMX48169,8.80989E+12,BP-Pore Clear Mask Pack 25g 5 Each,$534.30 
4500175139,03/13/2025,2025,Q1,03,04/14/2025,CA,1710,00120,72,Each,15,DMX,DMX48235,8.80989E+12,Cicapyrin Calming Ampoule 30ml,"$1,080.00 "
4500175139,03/13/2025,2025,Q1,03,04/14/2025,CA,1710,00130,72,Each,13.2,DMX,DMX48236,8.80989E+12,Peel Shot Exfoliant Rice Ampoule 80ml,$950.40 
4500175139,03/13/2025,2025,Q1,03,04/14/2025,CA,1710,00140,72,Each,13.2,DMX,DMX48237,8.80989E+12,Peel Sht Exfol Blck Rce Ampoule 2.7floz,$950.40 
4500175139,03/13/2025,2025,Q1,03,04/14/2025,CA,1710,00150,91,Each,14,DMX,DMX48238,8.80989E+12,Cicapyrin Calming Cream 50 ml,"$1,274.00 "
4500175139,03/13/2025,2025,Q1,03,04/14/2025,CA,1710,00160,81,Each,17.2,DMX,DMX48245,8.80989E+12,Facephalt Tightening Cream 50ml,"$1,393.20 "
4500175139,03/13/2025,2025,Q1,03,04/14/2025,CA,1710,00170,60,Each,10.4,DMX,DMX48243,8.80989E+12,DMX Melting Cleanser 150 ml,$624.00 
4500175139,03/13/2025,2025,Q1,03,04/14/2025,CA,1710,00180,65,Each,12.5,DMX,DMX48239,8.80989E+12,Cicapy Clm 4-Prt Pad 11.49floz 80 Pds,$812.50 
4500175139,03/13/2025,2025,Q1,03,04/14/2025,CA,1710,00190,60,Each,5.19,APB,APB68331,8.80987E+12,Glut Niacin Sheet Mask 10 Pack 25ml,$311.40 
4500175140,03/13/2025,2025,Q1,03,04/14/2025,KY,1712,00010,144,Each,15,DMX,DMX48235,8.80989E+12,Cicapyrin Calming Ampoule 30ml,"$2,160.00 "
4500175140,03/13/2025,2025,Q1,03,04/14/2025,KY,1712,00020,144,Each,13.2,DMX,DMX48236,8.80989E+12,Peel Shot Exfoliant Rice Ampoule 80ml,"$1,900.80 "
4500175140,03/13/2025,2025,Q1,03,04/14/2025,KY,1712,00030,144,Each,13.2,DMX,DMX48237,8.80989E+12,Peel Sht Exfol Blck Rce Ampoule 2.7floz,"$1,900.80 "
4500175140,03/13/2025,2025,Q1,03,04/14/2025,KY,1712,00040,161,Each,14,DMX,DMX48238,8.80989E+12,Cicapyrin Calming Cream 50 ml,"$2,254.00 "
4500175140,03/13/2025,2025,Q1,03,04/14/2025,KY,1712,00050,138,Each,6.85,DMX,DMX48169,8.80989E+12,BP-Pore Clear Mask Pack 25g 5 Each,$945.30 
4500175140,03/13/2025,2025,Q1,03,04/14/2025,KY,1712,00060,138,Each,7,DMX,DMX48162,8.80989E+12,Aqua Ion Plas Hydrat Wtr Msk 25g 5 Ea,$966.00 
4500175140,03/13/2025,2025,Q1,03,04/14/2025,KY,1712,00070,161,Each,12,DMX,DMX48161,8.80989E+12,Aqua Ion Plas Water Glow Ampoule 50ml,"$1,932.00 "
4500175140,03/13/2025,2025,Q1,03,04/14/2025,KY,1712,00080,144,Each,9.6,DMX,DMX48160,8.80989E+12,Aqua Ion Plas Hydrating Gel Cream 50ml,"$1,382.40 "
4500175140,03/13/2025,2025,Q1,03,04/14/2025,KY,1712,00090,120,Each,5.19,APB,APB68331,8.80987E+12,Glut Niacin Sheet Mask 10 Pack 25ml,$622.80 
4500175140,03/13/2025,2025,Q1,03,04/14/2025,KY,1712,00100,161,Each,9.2,DMX,DMX48159,8.80989E+12,Aqua Ion Plas Hydrat Water Toner 200ml,"$1,481.20 "
4500175140,03/13/2025,2025,Q1,03,04/14/2025,KY,1712,00110,138,Each,7,DMX,DMX48153,8.80989E+12,Astax Whiten Amp Mask Pack 25g 5 Ea,$966.00 
4500175140,03/13/2025,2025,Q1,03,04/14/2025,KY,1712,00120,144,Each,17.85,DMX,DMX48150,8.80989E+12,Extra Whitening Ampoule 30 ml,"$2,570.40 "
4500175140,03/13/2025,2025,Q1,03,04/14/2025,KY,1712,00130,115,Each,12.5,DMX,DMX48239,8.80989E+12,Cicapy Clm 4-Prt Pad 11.49floz 80 Pds,"$1,437.50 "
4500175140,03/13/2025,2025,Q1,03,04/14/2025,KY,1712,00140,144,Each,10.5,DMX,DMX48039,8.80989E+12,BP Exfoliating Pad 70 Pads 165ml,"$1,512.00 "
4500175140,03/13/2025,2025,Q1,03,04/14/2025,KY,1712,00150,144,Each,16,DMX,DMX48087,8.80989E+12,BP Pore Barrier Cream 1.76 oz (50 g),"$2,304.00 "
4500175140,03/13/2025,2025,Q1,03,04/14/2025,KY,1712,00160,120,Each,10.4,DMX,DMX48243,8.80989E+12,DMX Melting Cleanser 150 ml,"$1,248.00 "
4500175140,03/13/2025,2025,Q1,03,04/14/2025,KY,1712,00170,144,Each,18.8,DMX,DMX48110,8.80989E+12,BP Pore Ampoule 30 ml,"$2,707.20 "
4500175140,03/13/2025,2025,Q1,03,04/14/2025,KY,1712,00180,144,Each,14,DMX,DMX48149,8.80989E+12,Anti-Freckles Whiten Capsule Cream 50g,"$2,016.00 "
4500175140,03/13/2025,2025,Q1,03,04/14/2025,KY,1712,00190,162,Each,17.2,DMX,DMX48245,8.80989E+12,Facephalt Tightening Cream 50ml,"$2,786.40 "
4500176493,03/20/2025,2025,Q1,03,04/24/2025,KY,1712,00010,12,Each,9.41,NRP,NRP48847,8.80617E+12,Aqa Sup Max Combin Watery Cream 80ml,$112.92 
4500176493,03/20/2025,2025,Q1,03,04/24/2025,KY,1712,00020,48,Each,11.34,NRP,NRP48703,8.80617E+12,Blck Bn Invig Hair Shampoo 10.14 floz,$544.32 
4500176493,03/20/2025,2025,Q1,03,04/24/2025,KY,1712,00030,24,Each,10.46,NRP,NRP48620,8.80617E+12,Real Sqze Ale Vera Hydro Eye Ptch 60ea,$251.04 
4500176493,03/20/2025,2025,Q1,03,04/24/2025,KY,1712,00040,24,Each,13.09,NRP,NRP48604,8.80617E+12,Kombuch Blck Tea Treat Amp 1.69 floz,$314.16 
4500176493,03/20/2025,2025,Q1,03,04/24/2025,KY,1712,00050,24,Each,4.78,NRP,NRP48435,8.80617E+12,After Care Spot Patch 60-12 MM,$114.72 
4500176493,03/20/2025,2025,Q1,03,04/24/2025,KY,1712,00060,180,Each,2.13,NRP,NRP48297,8.80617E+12,Aloe Vera Foam Cleanser 5.07 fl oz,$383.40 
4500176493,03/20/2025,2025,Q1,03,04/24/2025,KY,1712,00070,40,Each,2.39,NRP,NRP48296,8.80617E+12,Aloe Vera Cleansing Tissue 80 Shts,$95.60 
4500176493,03/20/2025,2025,Q1,03,04/24/2025,KY,1712,00080,12,Each,8.71,NRP,NRP48221,8.80617E+12,Green Derma Mild Cica Serum 1.69 fl oz,$104.52 
4500176493,03/20/2025,2025,Q1,03,04/24/2025,KY,1712,00090,24,Each,3.46,NRP,NRP47553,8.80617E+12,Body Peel Mist Cotton Scnt 10.14 floz,$83.04 
4500176493,03/20/2025,2025,Q1,03,04/24/2025,KY,1712,00100,24,Each,3.46,NRP,NRP47552,8.80617E+12,Body Peeling Mist Peach Scent 300 ml,$83.04 
4500176493,03/20/2025,2025,Q1,03,04/24/2025,KY,1712,00110,96,Each,6.53,NRP,NRP46868,8.80617E+12,Argan Essential Deep Care Cond 300ml,$626.88 
4500176493,03/20/2025,2025,Q1,03,04/24/2025,KY,1712,00120,232,Each,6.53,NRP,NRP46867,8.80617E+12,Argan Essential Deep Care Shampoo 300ml,"$1,514.96 "
4500176493,03/20/2025,2025,Q1,03,04/24/2025,KY,1712,00130,24,Each,7.08,NRP,NRP46862,8.80617E+12,Argan Essen Hair NoWash Treatmnt 160ml,$169.92 
4500176493,03/20/2025,2025,Q1,03,04/24/2025,KY,1712,00140,112,Each,4.97,NRP,NRP46861,8.80617E+12,Argan Essential DeepCareHairPack 200ml,$556.64 
4500176493,03/20/2025,2025,Q1,03,04/24/2025,KY,1712,00150,16,Each,5.42,NRP,NRP46220,8.80617E+12,Collagen Skin Elasticity Ampoule 30 ml,$86.72 
4500176493,03/20/2025,2025,Q1,03,04/24/2025,KY,1712,00160,40,Each,3.27,NRP,NRP45742,8.80617E+12,Jeju Spark Cleans Tissue 50 Sheets 205g,$130.80 
4500176493,03/20/2025,2025,Q1,03,04/24/2025,KY,1712,00170,80,Each,0.45,NRP,NRP44948,8.80617E+12,REAL NATURE TEA TREE MASK SHEET 23ml,$36.00 
4500176493,03/20/2025,2025,Q1,03,04/24/2025,KY,1712,00180,120,Each,0.45,NRP,NRP44946,8.80617E+12,REAL NATURE ROSE MASK SHEET 23ml,$54.00 
4500176493,03/20/2025,2025,Q1,03,04/24/2025,KY,1712,00190,80,Each,0.45,NRP,NRP44938,8.80617E+12,REAL NATURE TOMATO MASK SHEET 23ml,$36.00 
4500176493,03/20/2025,2025,Q1,03,04/24/2025,KY,1712,00200,24,Each,1.71,NRP,NRP43832,8.80617E+12,Frsh Herb Acerol Cleans Foam 5.74 floz,$41.04 
4500176493,03/20/2025,2025,Q1,03,04/24/2025,KY,1712,00210,24,Each,1.71,NRP,NRP43831,8.80617E+12,Frsh Herb Peach Cleans Foam 5.74 floz,$41.04 
4500176493,03/20/2025,2025,Q1,03,04/24/2025,KY,1712,00220,120,Each,5.01,APB,APB68275,8.80987E+12,Glutath Niacinamide Eye Cream 20ml,$601.20 
4500176493,03/20/2025,2025,Q1,03,04/24/2025,KY,1712,00230,528,Each,5.01,APB,APB68274,8.80987E+12,Glutath Niacinamide Body Lotion 300ml,"$2,645.28 "
4500176493,03/20/2025,2025,Q1,03,04/24/2025,KY,1712,00240,240,Each,5.01,APB,APB68273,8.80987E+12,Glutath Niacinamide Body Wash 300ml,"$1,202.40 "
4500176493,03/20/2025,2025,Q1,03,04/24/2025,KY,1712,00250,126,Each,5.01,APB,APB68272,8.80987E+12,Glutath Niacinamide Fac Cleanser 80ml,$631.26 
4500176493,03/20/2025,2025,Q1,03,04/24/2025,KY,1712,00260,96,Each,5.01,APB,APB68271,8.80987E+12,Glutath Niacinamide Mist Essence 105ml,$480.96 
4500176493,03/20/2025,2025,Q1,03,04/24/2025,KY,1712,00270,100,Each,5.01,APB,APB68270,8.80987E+12,Glutath Niacinamide Facial Toner 160ml,$501.00 
4500176493,03/20/2025,2025,Q1,03,04/24/2025,KY,1712,00280,288,Each,5.01,APB,APB68268,8.80987E+12,Glutath Niacinamide Facial Cream 55ml,"$1,442.88 "
4500176493,03/20/2025,2025,Q1,03,04/24/2025,KY,1712,00290,140,Each,5.01,APB,APB68267,8.80987E+12,Glutath Niacinamide Ampoule Serum 40ml,$701.40 
4500176493,03/20/2025,2025,Q1,03,04/24/2025,KY,1712,00300,230,Each,5.01,APB,APB68276,8.80987E+12,Glutath Niacinamide Sunscreen 40ml,"$1,152.30 "
4500176493,03/20/2025,2025,Q1,03,04/24/2025,KY,1712,00310,72,Each,4.66,APB,APB68398,8.80987E+12,Glutathione Niacinamide Clean Oil 105ml,$335.52 
4500176493,03/20/2025,2025,Q1,03,04/24/2025,KY,1712,00320,108,Each,4.66,APB,APB68401,8.80987E+12,Glutath Niacin Toner Pad 60 Pads 100ml,$503.28 
4500176493,03/20/2025,2025,Q1,03,04/24/2025,KY,1712,00330,60,Each,4.66,APB,APB68400,8.80987E+12,Glutathione Niacinamide Cln Water 160ml,$279.60 
4500176493,03/20/2025,2025,Q1,03,04/24/2025,KY,1712,00340,36,Each,8.96,DMX,DMX48005,8.80989E+12,TX Peeling Toner 5.07 fl oz (150 ml),$322.56 
4500176493,03/20/2025,2025,Q1,03,04/24/2025,KY,1712,00350,24,Each,15.07,DMX,DMX48109,8.80989E+12,Exosome Repair Cream 50 ml,$361.68 
4500176493,03/20/2025,2025,Q1,03,04/24/2025,KY,1712,00360,30,Each,7.53,DMX,DMX48134,8.80989E+12,Exosome Repair Toner 300 ml,$225.90 
4500176493,03/20/2025,2025,Q1,03,04/24/2025,KY,1712,00370,36,Each,12.34,DMX,DMX48135,8.80989E+12,Papaya Powder Wash 1.7 oz (50 g),$444.24 
4500176493,03/20/2025,2025,Q1,03,04/24/2025,KY,1712,00380,140,Each,12.34,DMX,DMX48141,8.80989E+12,TX Cream 1.69 fl oz (50 ml),"$1,727.60 "
4500176493,03/20/2025,2025,Q1,03,04/24/2025,KY,1712,00390,14,Each,15.07,DMX,DMX48145,8.80989E+12,Oyster Pep-3 Renewal Cream  50 ml,$210.98 
4500176493,03/20/2025,2025,Q1,03,04/24/2025,KY,1712,00400,60,Each,5.58,DMX,DMX48157,8.80989E+12,Exosome Repair Mask Pack 30 g x 5 Ea,$334.80 
4500176493,03/20/2025,2025,Q1,03,04/24/2025,KY,1712,00410,40,Each,15.07,DMX,DMX48184,8.80989E+12,TX Ret Double Effect Eye Cream 40g,$602.80 
4500176493,03/20/2025,2025,Q1,03,04/24/2025,KY,1712,00420,20,Each,10.49,DMX,DMX48185,8.80989E+12,Bond Clin Prot Bond Remod Clinic 250ml,$209.80 
4500176493,03/20/2025,2025,Q1,03,04/24/2025,KY,1712,00430,20,Each,7.53,DMX,DMX48186,8.80989E+12,Bond Clin I Prot Bond Rem Shampoo 400ml,$150.60 
4500176493,03/20/2025,2025,Q1,03,04/24/2025,KY,1712,00440,20,Each,25.78,DMX,DMX48193,8.80989E+12,Eyephalt Eyecream For Eyebags 10ml,$515.60 
4500176493,03/20/2025,2025,Q1,03,04/24/2025,KY,1712,00450,18,Each,7.69,SRI,SRI77899,8.80919E+12,Let Me Refresh Foam Cleanser 120ml,$138.42 
4500176493,03/20/2025,2025,Q1,03,04/24/2025,KY,1712,00460,16,Each,9.4,SRI,SRI99705,8.80908E+12,Time Is Running Out Mist 100ml,$150.40 
4500176493,03/20/2025,2025,Q1,03,04/24/2025,KY,1712,00470,16,Each,9.4,SRI,SRI99706,8.80908E+12,Day By Day Cleansing Gel 150ml,$150.40 
4500176493,03/20/2025,2025,Q1,03,04/24/2025,KY,1712,00480,32,Each,10.25,SRI,SRI99708,8.80908E+12,Cleanse Me Softly Milk Cleanser 200ml,$328.00 
4500176493,03/20/2025,2025,Q1,03,04/24/2025,KY,1712,00490,44,Each,5.13,SRI,SRI99720,8.80908E+12,More Than Lip Balm 4g,$225.72 
4500176493,03/20/2025,2025,Q1,03,04/24/2025,KY,1712,00500,20,Each,7.69,SRI,SRI99757,8.80908E+12,Back To My Memories Handcream  50ml,$153.80 
4500176494,03/20/2025,2025,Q1,03,04/24/2025,KY,1712,00010,30,Each,9.53,LFT,LFT69431,8.80592E+12,Lacto Fit Liver Support 120 g,$285.90 
4500176494,03/20/2025,2025,Q1,03,04/24/2025,KY,1712,00020,30,Each,10.15,LFT,LFT68241,8.80592E+12,Plant-based Lacto Fit 120 g,$304.50 
4500176494,03/20/2025,2025,Q1,03,04/24/2025,KY,1712,00030,120,Each,8.33,LFT,LFT68101,8.80592E+12,Lacto Fit Core 120 g,$999.60 
4500176494,03/20/2025,2025,Q1,03,04/24/2025,KY,1712,00040,30,Each,10.15,LFT,LFT67871,8.80592E+12,Lacto Fit Kids 120 g,$304.50 
4500176547,03/20/2025,2025,Q1,03,04/21/2025,CA,1710,00010,21,Each,5.01,APB,APB68272,8.80987E+12,Glutath Niacinamide Fac Cleanser 80ml,$105.21 
4500176547,03/20/2025,2025,Q1,03,04/21/2025,CA,1710,00020,15,Each,12.48,MUZ,MUZ58061,8.80984E+12,Fitting Highlighter Fabulous 5 g,$187.20 
4500176547,03/20/2025,2025,Q1,03,04/21/2025,CA,1710,00030,18,Each,14.52,SRI,SRI55258,8.80616E+12,Enriched By Nature Cream 50ml,$261.36 
4500176547,03/20/2025,2025,Q1,03,04/21/2025,CA,1710,00040,140,Each,12.34,DMX,DMX48141,8.80989E+12,TX Cream 1.69 fl oz (50 ml),"$1,727.60 "
4500176547,03/20/2025,2025,Q1,03,04/21/2025,CA,1710,00050,20,Each,10.49,DMX,DMX48185,8.80989E+12,Bond Clin Prot Bond Remod Clinic 250ml,$209.80 
4500176547,03/20/2025,2025,Q1,03,04/21/2025,CA,1710,00060,20,Each,7.69,SRI,SRI99757,8.80908E+12,Back To My Memories Handcream  50ml,$153.80 
4500176547,03/20/2025,2025,Q1,03,04/21/2025,CA,1710,00070,12,Each,4.66,APB,APB68398,8.80987E+12,Glutathione Niacinamide Clean Oil 105ml,$55.92 
4500176547,03/20/2025,2025,Q1,03,04/21/2025,CA,1710,00080,96,Each,2.96,NRP,NRP42355,8.80617E+12,BAMBOO CHARCOAL MUD PACK 150g,$284.16 
4500176547,03/20/2025,2025,Q1,03,04/21/2025,CA,1710,00090,24,Each,1.71,NRP,NRP43829,8.80617E+12,Frsh Herb Aloe Cleans Foam 5.74 floz,$41.04 
4500176547,03/20/2025,2025,Q1,03,04/21/2025,CA,1710,00100,12,Each,1.71,NRP,NRP43832,8.80617E+12,Frsh Herb Acerol Cleans Foam 5.74 floz,$20.52 
4500176547,03/20/2025,2025,Q1,03,04/21/2025,CA,1710,00110,120,Each,0.45,NRP,NRP44948,8.80617E+12,REAL NATURE TEA TREE MASK SHEET 23ml,$54.00 
4500176547,03/20/2025,2025,Q1,03,04/21/2025,CA,1710,00120,32,Each,5.42,NRP,NRP46220,8.80617E+12,Collagen Skin Elasticity Ampoule 30 ml,$173.44 
4500176547,03/20/2025,2025,Q1,03,04/21/2025,CA,1710,00130,24,Each,4.97,NRP,NRP46861,8.80617E+12,Argan Essential DeepCareHairPack 200ml,$119.28 
4500176547,03/20/2025,2025,Q1,03,04/21/2025,CA,1710,00140,12,Each,4.66,APB,APB68399,8.80987E+12,Glutathione Niacinamide Cleans Blm 80ml,$55.92 
4500176547,03/20/2025,2025,Q1,03,04/21/2025,CA,1710,00150,200,Each,5.01,APB,APB68276,8.80987E+12,Glutath Niacinamide Sunscreen 40ml,"$1,002.00 "
4500176547,03/20/2025,2025,Q1,03,04/21/2025,CA,1710,00160,15,Each,10.4,MUZ,MUZ58052,8.80984E+12,Fitting Blush 02 Kinda 5 g,$156.00 
4500176547,03/20/2025,2025,Q1,03,04/21/2025,CA,1710,00170,20,Each,5.01,APB,APB68275,8.80987E+12,Glutath Niacinamide Eye Cream 20ml,$100.20 
4500176547,03/20/2025,2025,Q1,03,04/21/2025,CA,1710,00180,272,Each,5.01,APB,APB68274,8.80987E+12,Glutath Niacinamide Body Lotion 300ml,"$1,362.72 "
4500176547,03/20/2025,2025,Q1,03,04/21/2025,CA,1710,00190,12,Each,7.08,NRP,NRP46862,8.80617E+12,Argan Essen Hair NoWash Treatmnt 160ml,$84.96 
4500176547,03/20/2025,2025,Q1,03,04/21/2025,CA,1710,00200,12,Each,3.46,NRP,NRP47552,8.80617E+12,Body Peeling Mist Peach Scent 300 ml,$41.52 
4500176547,03/20/2025,2025,Q1,03,04/21/2025,CA,1710,00210,60,Each,2.13,NRP,NRP48297,8.80617E+12,Aloe Vera Foam Cleanser 5.07 fl oz,$127.80 
4500176547,03/20/2025,2025,Q1,03,04/21/2025,CA,1710,00220,36,Each,2.13,NRP,NRP48298,8.80617E+12,Sooth Moist AloeVeraClnsng GelCrm 150ml,$76.68 
4500176547,03/20/2025,2025,Q1,03,04/21/2025,CA,1710,00230,24,Each,13.09,NRP,NRP48604,8.80617E+12,Kombuch Blck Tea Treat Amp 1.69 floz,$314.16 
4500176547,03/20/2025,2025,Q1,03,04/21/2025,CA,1710,00240,12,Each,6.09,NRP,NRP48619,8.80617E+12,Real Squeeze Aloe Vera Eye Serum 15ml,$73.08 
4500176547,03/20/2025,2025,Q1,03,04/21/2025,CA,1710,00250,12,Each,11.34,NRP,NRP48703,8.80617E+12,Blck Bn Invig Hair Shampoo 10.14 floz,$136.08 
4500176547,03/20/2025,2025,Q1,03,04/21/2025,CA,1710,00260,12,Each,8.25,NRP,NRP48845,8.80617E+12,Aqua Super Aqua Max Watery Essence 50ml,$99.00 
4500176548,03/20/2025,2025,Q1,03,04/21/2025,CA,1710,00010,40,Each,3.24,HBF,HBF94450,8.80962E+12,HBAF Wasabi Almond 120 g,$129.60 
4500176548,03/20/2025,2025,Q1,03,04/21/2025,CA,1710,00020,20,Each,3.24,HBF,HBF94451,8.80962E+12,HBAF Baked Corn Almond 120 g,$64.80 
4500176548,03/20/2025,2025,Q1,03,04/21/2025,CA,1710,00030,20,Each,3.24,HBF,HBF94477,8.80962E+12,HBAF Hot & Spicy Chicken Almond 120 g,$64.80 
4500176548,03/20/2025,2025,Q1,03,04/21/2025,CA,1710,00040,20,Each,3.24,HBF,HBF94533,8.80962E+12,HBAF Laver Almond 120 g,$64.80 
4500178845,04/03/2025,2025,Q2,04,05/05/2025,CA,1710,00010,18,Each,16.23,SRI,SRI77910,8.80919E+12,All Your Love Body Cream 300ml,$292.14 
4500178845,04/03/2025,2025,Q2,04,05/05/2025,CA,1710,00020,36,Each,6.03,NRP,NRP46863,8.80617E+12,Argan Essential Deep Care Hair Ess 80ml,$217.08 
4500178845,04/03/2025,2025,Q2,04,05/05/2025,CA,1710,00030,18,Each,11.96,SRI,SRI55257,8.80616E+12,My First Essener 100ml,$215.28 
4500178845,04/03/2025,2025,Q2,04,05/05/2025,CA,1710,00040,36,Each,7.08,NRP,NRP46862,8.80617E+12,Argan Essen Hair NoWash Treatmnt 160ml,$254.88 
4500178845,04/03/2025,2025,Q2,04,05/05/2025,CA,1710,00050,48,Each,4.42,NRP,NRP46865,8.80617E+12,Argan Essential Moist Hair Mist 220ml,$212.16 
4500178845,04/03/2025,2025,Q2,04,05/05/2025,CA,1710,00060,80,Each,5.01,APB,APB68275,8.80987E+12,Glutath Niacinamide Eye Cream 20ml,$400.80 
4500178845,04/03/2025,2025,Q2,04,05/05/2025,CA,1710,00070,18,Each,14.52,SRI,SRI55258,8.80616E+12,Enriched By Nature Cream 50ml,$261.36 
4500178845,04/03/2025,2025,Q2,04,05/05/2025,CA,1710,00080,352,Each,5.01,APB,APB68274,8.80987E+12,Glutath Niacinamide Body Lotion 300ml,"$1,763.52 "
4500178845,04/03/2025,2025,Q2,04,05/05/2025,CA,1710,00090,48,Each,6.53,NRP,NRP46868,8.80617E+12,Argan Essential Deep Care Cond 300ml,$313.44 
4500178845,04/03/2025,2025,Q2,04,05/05/2025,CA,1710,00100,192,Each,5.01,APB,APB68273,8.80987E+12,Glutath Niacinamide Body Wash 300ml,$961.92 
4500178845,04/03/2025,2025,Q2,04,05/05/2025,CA,1710,00110,105,Each,5.01,APB,APB68272,8.80987E+12,Glutath Niacinamide Fac Cleanser 80ml,$526.05 
4500178845,04/03/2025,2025,Q2,04,05/05/2025,CA,1710,00120,48,Each,5.01,APB,APB68271,8.80987E+12,Glutath Niacinamide Mist Essence 105ml,$240.48 
4500178845,04/03/2025,2025,Q2,04,05/05/2025,CA,1710,00130,80,Each,5.01,APB,APB68270,8.80987E+12,Glutath Niacinamide Facial Toner 160ml,$400.80 
4500178845,04/03/2025,2025,Q2,04,05/05/2025,CA,1710,00140,240,Each,5.01,APB,APB68268,8.80987E+12,Glutath Niacinamide Facial Cream 55ml,"$1,202.40 "
4500178845,04/03/2025,2025,Q2,04,05/05/2025,CA,1710,00150,18,Each,24.4,MUZ,MUZ58083,8.80984E+12,Sleek Matt Cushion N23 30 g,$439.20 
4500178845,04/03/2025,2025,Q2,04,05/05/2025,CA,1710,00160,15,Each,12.48,MUZ,MUZ58061,8.80984E+12,Fitting Highlighter Fabulous 5 g,$187.20 
4500178845,04/03/2025,2025,Q2,04,05/05/2025,CA,1710,00170,36,Each,15.4,DMX,DMX48086,8.80989E+12,TX Ampoule Rx 1.01 fl oz (30 ml),$554.40 
4500178845,04/03/2025,2025,Q2,04,05/05/2025,CA,1710,00180,48,Each,5.42,NRP,NRP46222,8.80617E+12,Vitamin E Glossy Skin Ampoule 30 ml,$260.16 
4500178845,04/03/2025,2025,Q2,04,05/05/2025,CA,1710,00190,88,Each,4.97,NRP,NRP46861,8.80617E+12,Argan Essential DeepCareHairPack 200ml,$437.36 
4500178845,04/03/2025,2025,Q2,04,05/05/2025,CA,1710,00200,140,Each,5.01,APB,APB68267,8.80987E+12,Glutath Niacinamide Ampoule Serum 40ml,$701.40 
4500178845,04/03/2025,2025,Q2,04,05/05/2025,CA,1710,00210,12,Each,8.28,NRP,NRP47879,8.80617E+12,Real Squeeze Aloe Vera Emulsion 130ml,$99.36 
4500178845,04/03/2025,2025,Q2,04,05/05/2025,CA,1710,00220,32,Each,5.42,NRP,NRP46216,8.80617E+12,Niacinamide Luminous Skin Ampoule 30 ml,$173.44 
4500178845,04/03/2025,2025,Q2,04,05/05/2025,CA,1710,00230,40,Each,2.39,NRP,NRP48296,8.80617E+12,Aloe Vera Cleansing Tissue 80 Shts,$95.60 
4500178845,04/03/2025,2025,Q2,04,05/05/2025,CA,1710,00240,48,Each,2.13,NRP,NRP48297,8.80617E+12,Aloe Vera Foam Cleanser 5.07 fl oz,$102.24 
4500178845,04/03/2025,2025,Q2,04,05/05/2025,CA,1710,00250,48,Each,2.13,NRP,NRP48298,8.80617E+12,Sooth Moist AloeVeraClnsng GelCrm 150ml,$102.24 
4500178845,04/03/2025,2025,Q2,04,05/05/2025,CA,1710,00260,16,Each,5.42,NRP,NRP46214,8.80617E+12,Tea Tree Pore Care Ampoule 30 ml,$86.72 
4500178845,04/03/2025,2025,Q2,04,05/05/2025,CA,1710,00270,40,Each,0.45,NRP,NRP45607,8.80617E+12,REAL NATURE SHEA BUTTER MASK SHEET 23ml,$18.00 
4500178845,04/03/2025,2025,Q2,04,05/05/2025,CA,1710,00280,30,Each,15.07,DMX,DMX48184,8.80989E+12,TX Ret Double Effect Eye Cream 40g,$452.10 
4500178845,04/03/2025,2025,Q2,04,05/05/2025,CA,1710,00290,20,Each,10.49,DMX,DMX48185,8.80989E+12,Bond Clin Prot Bond Remod Clinic 250ml,$209.80 
4500178845,04/03/2025,2025,Q2,04,05/05/2025,CA,1710,00300,20,Each,25.78,DMX,DMX48193,8.80989E+12,Eyephalt Eyecream For Eyebags 10ml,$515.60 
4500178845,04/03/2025,2025,Q2,04,05/05/2025,CA,1710,00310,160,Each,0.45,NRP,NRP45606,8.80617E+12,REAL NATURE OLIVE MASK SHEET 23ml,$72.00 
4500178845,04/03/2025,2025,Q2,04,05/05/2025,CA,1710,00320,48,Each,10.46,NRP,NRP45415,8.80617E+12,Fresh Powdery Sun Stick SPF50 0.71 oz,$502.08 
4500178845,04/03/2025,2025,Q2,04,05/05/2025,CA,1710,00330,40,Each,0.45,NRP,NRP44946,8.80617E+12,REAL NATURE ROSE MASK SHEET 23ml,$18.00 
4500178845,04/03/2025,2025,Q2,04,05/05/2025,CA,1710,00340,40,Each,0.45,NRP,NRP44938,8.80617E+12,REAL NATURE TOMATO MASK SHEET 23ml,$18.00 
4500178845,04/03/2025,2025,Q2,04,05/05/2025,CA,1710,00350,40,Each,0.45,NRP,NRP44935,8.80617E+12,REAL NATURE ROYAL JELLY MASK SHEET 23ml,$18.00 
4500178845,04/03/2025,2025,Q2,04,05/05/2025,CA,1710,00360,36,Each,1.71,NRP,NRP43832,8.80617E+12,Frsh Herb Acerol Cleans Foam 5.74 floz,$61.56 
4500178845,04/03/2025,2025,Q2,04,05/05/2025,CA,1710,00370,60,Each,1.71,NRP,NRP43831,8.80617E+12,Frsh Herb Peach Cleans Foam 5.74 floz,$102.60 
4500178845,04/03/2025,2025,Q2,04,05/05/2025,CA,1710,00380,84,Each,1.71,NRP,NRP43830,8.80617E+12,Frsh Herb Snail Cleans Foam 5.74 floz,$143.64 
4500178845,04/03/2025,2025,Q2,04,05/05/2025,CA,1710,00390,12,Each,13.09,NRP,NRP48604,8.80617E+12,Kombuch Blck Tea Treat Amp 1.69 floz,$157.08 
4500178845,04/03/2025,2025,Q2,04,05/05/2025,CA,1710,00400,84,Each,1.71,NRP,NRP43829,8.80617E+12,Frsh Herb Aloe Cleans Foam 5.74 floz,$143.64 
4500178845,04/03/2025,2025,Q2,04,05/05/2025,CA,1710,00410,36,Each,4.66,APB,APB68401,8.80987E+12,Glutath Niacin Toner Pad 60 Pads 100ml,$167.76 
4500178845,04/03/2025,2025,Q2,04,05/05/2025,CA,1710,00420,24,Each,6.09,NRP,NRP48619,8.80617E+12,Real Squeeze Aloe Vera Eye Serum 15ml,$146.16 
4500178845,04/03/2025,2025,Q2,04,05/05/2025,CA,1710,00430,108,Each,2.96,NRP,NRP42355,8.80617E+12,BAMBOO CHARCOAL MUD PACK 150g,$319.68 
4500178845,04/03/2025,2025,Q2,04,05/05/2025,CA,1710,00440,12,Each,13.96,NRP,NRP48695,8.80617E+12,Kombuch Blck Tea Frst Essce 4.73 floz,$167.52 
4500178845,04/03/2025,2025,Q2,04,05/05/2025,CA,1710,00450,24,Each,11.34,NRP,NRP48703,8.80617E+12,Blck Bn Invig Hair Shampoo 10.14 floz,$272.16 
4500178845,04/03/2025,2025,Q2,04,05/05/2025,CA,1710,00460,768,Each,2.13,NRP,NRP48814,8.80617E+12,NRP Aloe Vera Watery Gel 300ml,"$1,635.84 "
4500178845,04/03/2025,2025,Q2,04,05/05/2025,CA,1710,00470,24,Each,6.1,NRP,NRP47192,8.80617E+12,Calendula Forest GardnDpClnsngOil 200ml,$146.40 
4500178845,04/03/2025,2025,Q2,04,05/05/2025,CA,1710,00480,16,Each,10.25,SRI,SRI99761,8.80908E+12,Cleanse Me SoftlyMilkClnsr Citrus 200ml,$164.00 
4500178845,04/03/2025,2025,Q2,04,05/05/2025,CA,1710,00490,280,Each,5.01,APB,APB68276,8.80987E+12,Glutath Niacinamide Sunscreen 40ml,"$1,402.80 "
4500178845,04/03/2025,2025,Q2,04,05/05/2025,CA,1710,00500,42,Each,15.07,DMX,DMX48145,8.80989E+12,Oyster Pep-3 Renewal Cream  50 ml,$632.94 
4500178845,04/03/2025,2025,Q2,04,05/05/2025,CA,1710,00510,16,Each,10.25,SRI,SRI99708,8.80908E+12,Cleanse Me Softly Milk Cleanser 200ml,$164.00 
4500178845,04/03/2025,2025,Q2,04,05/05/2025,CA,1710,00520,42,Each,4.48,NRP,NRP47492,8.80617E+12,Jeju Spark Enrich Facial Clnsr 300ml,$188.16 
4500178845,04/03/2025,2025,Q2,04,05/05/2025,CA,1710,00530,112,Each,12.34,DMX,DMX48141,8.80989E+12,TX Cream 1.69 fl oz (50 ml),"$1,382.08 "
4500178845,04/03/2025,2025,Q2,04,05/05/2025,CA,1710,00540,16,Each,9.4,SRI,SRI99706,8.80908E+12,Day By Day Cleansing Gel 150ml,$150.40 
4500178845,04/03/2025,2025,Q2,04,05/05/2025,CA,1710,00550,48,Each,6.29,NRP,NRP47193,8.80617E+12,Chamomile Forest Garden DpClnsOil 200ml,$301.92 
4500178845,04/03/2025,2025,Q2,04,05/05/2025,CA,1710,00560,20,Each,7.69,SRI,SRI99757,8.80908E+12,Back To My Memories Handcream  50ml,$153.80 
4500178845,04/03/2025,2025,Q2,04,05/05/2025,CA,1710,00570,48,Each,9.4,SRI,SRI99705,8.80908E+12,Time Is Running Out Mist 100ml,$451.20 
4500178845,04/03/2025,2025,Q2,04,05/05/2025,CA,1710,00580,22,Each,5.13,SRI,SRI99720,8.80908E+12,More Than Lip Balm 4g,$112.86 
4500178845,04/03/2025,2025,Q2,04,05/05/2025,CA,1710,00590,36,Each,3.46,NRP,NRP47552,8.80617E+12,Body Peeling Mist Peach Scent 300 ml,$124.56 
4500178845,04/03/2025,2025,Q2,04,05/05/2025,CA,1710,00600,24,Each,8.28,NRP,NRP47345,8.80617E+12,Shea Butter Ultra Steam Crm 3.38 fl oz,$198.72 
4500178845,04/03/2025,2025,Q2,04,05/05/2025,CA,1710,00610,24,Each,3.46,NRP,NRP47551,8.80617E+12,Body Peeling Mist Phyto Scent 300 ml,$83.04 
4500178846,04/03/2025,2025,Q2,04,05/08/2025,KY,1712,00010,72,Each,1.71,NRP,NRP43831,8.80617E+12,Frsh Herb Peach Cleans Foam 5.74 floz,$123.12 
4500178846,04/03/2025,2025,Q2,04,05/08/2025,KY,1712,00020,96,Each,1.71,NRP,NRP43830,8.80617E+12,Frsh Herb Snail Cleans Foam 5.74 floz,$164.16 
4500178846,04/03/2025,2025,Q2,04,05/08/2025,KY,1712,00030,64,Each,5.42,NRP,NRP46216,8.80617E+12,Niacinamide Luminous Skin Ampoule 30 ml,$346.88 
4500178846,04/03/2025,2025,Q2,04,05/08/2025,KY,1712,00040,144,Each,1.71,NRP,NRP43829,8.80617E+12,Frsh Herb Aloe Cleans Foam 5.74 floz,$246.24 
4500178846,04/03/2025,2025,Q2,04,05/08/2025,KY,1712,00050,48,Each,9.4,SRI,SRI99705,8.80908E+12,Time Is Running Out Mist 100ml,$451.20 
4500178846,04/03/2025,2025,Q2,04,05/08/2025,KY,1712,00060,12,Each,2.96,NRP,NRP42355,8.80617E+12,BAMBOO CHARCOAL MUD PACK 150g,$35.52 
4500178846,04/03/2025,2025,Q2,04,05/08/2025,KY,1712,00070,18,Each,14.52,SRI,SRI55258,8.80616E+12,Enriched By Nature Cream 50ml,$261.36 
4500178846,04/03/2025,2025,Q2,04,05/08/2025,KY,1712,00080,18,Each,16.23,SRI,SRI77910,8.80919E+12,All Your Love Body Cream 300ml,$292.14 
4500178846,04/03/2025,2025,Q2,04,05/08/2025,KY,1712,00090,30,Each,10.4,MUZ,MUZ58047,8.80984E+12,Objct Mat Lip Tnt 007 Rare.20 floz,$312.00 
4500178846,04/03/2025,2025,Q2,04,05/08/2025,KY,1712,00100,32,Each,11.96,SRI,SRI55330,8.80616E+12,Fresh Moment Cleansing Oil 200ml,$382.72 
4500178846,04/03/2025,2025,Q2,04,05/08/2025,KY,1712,00110,16,Each,9.4,SRI,SRI99706,8.80908E+12,Day By Day Cleansing Gel 150ml,$150.40 
4500178846,04/03/2025,2025,Q2,04,05/08/2025,KY,1712,00120,72,Each,1.71,NRP,NRP43832,8.80617E+12,Frsh Herb Acerol Cleans Foam 5.74 floz,$123.12 
4500178846,04/03/2025,2025,Q2,04,05/08/2025,KY,1712,00130,120,Each,0.45,NRP,NRP44938,8.80617E+12,REAL NATURE TOMATO MASK SHEET 23ml,$54.00 
4500178846,04/03/2025,2025,Q2,04,05/08/2025,KY,1712,00140,32,Each,10.25,SRI,SRI99708,8.80908E+12,Cleanse Me Softly Milk Cleanser 200ml,$328.00 
4500178846,04/03/2025,2025,Q2,04,05/08/2025,KY,1712,00150,40,Each,0.45,NRP,NRP44946,8.80617E+12,REAL NATURE ROSE MASK SHEET 23ml,$18.00 
4500178846,04/03/2025,2025,Q2,04,05/08/2025,KY,1712,00160,120,Each,0.45,NRP,NRP44948,8.80617E+12,REAL NATURE TEA TREE MASK SHEET 23ml,$54.00 
4500178846,04/03/2025,2025,Q2,04,05/08/2025,KY,1712,00170,56,Each,10.46,NRP,NRP45415,8.80617E+12,Fresh Powdery Sun Stick SPF50 0.71 oz,$585.76 
4500178846,04/03/2025,2025,Q2,04,05/08/2025,KY,1712,00180,60,Each,13.67,SRI,SRI99710,8.80908E+12,Deep In A Barrier Cream 50ml,$820.20 
4500178846,04/03/2025,2025,Q2,04,05/08/2025,KY,1712,00190,120,Each,0.45,NRP,NRP45606,8.80617E+12,REAL NATURE OLIVE MASK SHEET 23ml,$54.00 
4500178846,04/03/2025,2025,Q2,04,05/08/2025,KY,1712,00200,44,Each,5.13,SRI,SRI99720,8.80908E+12,More Than Lip Balm 4g,$225.72 
4500178846,04/03/2025,2025,Q2,04,05/08/2025,KY,1712,00210,120,Each,0.45,NRP,NRP45607,8.80617E+12,REAL NATURE SHEA BUTTER MASK SHEET 23ml,$54.00 
4500178846,04/03/2025,2025,Q2,04,05/08/2025,KY,1712,00220,60,Each,3.27,NRP,NRP45742,8.80617E+12,Jeju Spark Cleans Tissue 50 Sheets 205g,$196.20 
4500178846,04/03/2025,2025,Q2,04,05/08/2025,KY,1712,00230,80,Each,7.69,SRI,SRI99757,8.80908E+12,Back To My Memories Handcream  50ml,$615.20 
4500178846,04/03/2025,2025,Q2,04,05/08/2025,KY,1712,00240,16,Each,5.42,NRP,NRP46214,8.80617E+12,Tea Tree Pore Care Ampoule 30 ml,$86.72 
4500178846,04/03/2025,2025,Q2,04,05/08/2025,KY,1712,00250,80,Each,11.53,SRI,SRI99760,8.80908E+12,Organic Hand Lip Care Set 50ml4g,$922.40 
4500178846,04/03/2025,2025,Q2,04,05/08/2025,KY,1712,00260,16,Each,10.25,SRI,SRI99761,8.80908E+12,Cleanse Me SoftlyMilkClnsr Citrus 200ml,$164.00 
4500178846,04/03/2025,2025,Q2,04,05/08/2025,KY,1712,00270,18,Each,24.4,MUZ,MUZ58081,8.80984E+12,Sleek Matt Cushion N19 30 g,$439.20 
4500178846,04/03/2025,2025,Q2,04,05/08/2025,KY,1712,00280,48,Each,15.07,DMX,DMX48109,8.80989E+12,Exosome Repair Cream 50 ml,$723.36 
4500178846,04/03/2025,2025,Q2,04,05/08/2025,KY,1712,00290,30,Each,7.53,DMX,DMX48134,8.80989E+12,Exosome Repair Toner 300 ml,$225.90 
4500178846,04/03/2025,2025,Q2,04,05/08/2025,KY,1712,00300,12,Each,12.34,DMX,DMX48135,8.80989E+12,Papaya Powder Wash 1.7 oz (50 g),$148.08 
4500178846,04/03/2025,2025,Q2,04,05/08/2025,KY,1712,00310,14,Each,12.34,DMX,DMX48141,8.80989E+12,TX Cream 1.69 fl oz (50 ml),$172.76 
4500178846,04/03/2025,2025,Q2,04,05/08/2025,KY,1712,00320,20,Each,5.58,DMX,DMX48157,8.80989E+12,Exosome Repair Mask Pack 30 g x 5 Ea,$111.60 
4500178846,04/03/2025,2025,Q2,04,05/08/2025,KY,1712,00330,48,Each,3.46,NRP,NRP47552,8.80617E+12,Body Peeling Mist Peach Scent 300 ml,$166.08 
4500178846,04/03/2025,2025,Q2,04,05/08/2025,KY,1712,00340,60,Each,3.46,NRP,NRP47553,8.80617E+12,Body Peel Mist Cotton Scnt 10.14 floz,$207.60 
4500178846,04/03/2025,2025,Q2,04,05/08/2025,KY,1712,00350,24,Each,8.71,NRP,NRP48221,8.80617E+12,Green Derma Mild Cica Serum 1.69 fl oz,$209.04 
4500178846,04/03/2025,2025,Q2,04,05/08/2025,KY,1712,00360,108,Each,2.13,NRP,NRP48297,8.80617E+12,Aloe Vera Foam Cleanser 5.07 fl oz,$230.04 
4500178846,04/03/2025,2025,Q2,04,05/08/2025,KY,1712,00370,72,Each,2.13,NRP,NRP48298,8.80617E+12,Sooth Moist AloeVeraClnsng GelCrm 150ml,$153.36 
4500178846,04/03/2025,2025,Q2,04,05/08/2025,KY,1712,00380,12,Each,4.78,NRP,NRP48435,8.80617E+12,After Care Spot Patch 60-12 MM,$57.36 
4500178846,04/03/2025,2025,Q2,04,05/08/2025,KY,1712,00390,24,Each,10.9,NRP,NRP48603,8.80617E+12,Kombuch Blck Tea Treat Emul 4.39 floz,$261.60 
4500178846,04/03/2025,2025,Q2,04,05/08/2025,KY,1712,00400,26,Each,17.69,DMX,DMX48170,8.80989E+12,Exosome Repair Ampoule Plus 40 ml,$459.94 
4500178846,04/03/2025,2025,Q2,04,05/08/2025,KY,1712,00410,40,Each,15.07,DMX,DMX48184,8.80989E+12,TX Ret Double Effect Eye Cream 40g,$602.80 
4500178846,04/03/2025,2025,Q2,04,05/08/2025,KY,1712,00420,54,Each,18.46,DMX,DMX48199,8.80989E+12,Pic Shot Pign Correct Calc Cream 25 g,$996.84 
4500178846,04/03/2025,2025,Q2,04,05/08/2025,KY,1712,00430,50,Each,25.78,DMX,DMX48193,8.80989E+12,Eyephalt Eyecream For Eyebags 10ml,"$1,289.00 "
4500178846,04/03/2025,2025,Q2,04,05/08/2025,KY,1712,00440,16,Each,5.16,NRP,NRP49010,8.80617E+12,Mild and Mst Aloe Vera Water Gel 250ml,$82.56 
4500178846,04/03/2025,2025,Q2,04,05/08/2025,KY,1712,00450,30,Each,9.41,NRP,NRP48847,8.80617E+12,Aqa Sup Max Combin Watery Cream 80ml,$282.30 
4500178846,04/03/2025,2025,Q2,04,05/08/2025,KY,1712,00460,3744,Each,2.13,NRP,NRP48814,8.80617E+12,NRP Aloe Vera Watery Gel 300ml,"$7,974.72 "
4500178846,04/03/2025,2025,Q2,04,05/08/2025,KY,1712,00470,36,Each,9.59,NRP,NRP48704,8.80617E+12,Blck Bean Invigo Hair Treatment 200ml,$345.24 
4500178846,04/03/2025,2025,Q2,04,05/08/2025,KY,1712,00480,36,Each,11.34,NRP,NRP48703,8.80617E+12,Blck Bn Invig Hair Shampoo 10.14 floz,$408.24 
4500178846,04/03/2025,2025,Q2,04,05/08/2025,KY,1712,00490,380,Each,5.01,APB,APB68276,8.80987E+12,Glutath Niacinamide Sunscreen 40ml,"$1,903.80 "
4500178846,04/03/2025,2025,Q2,04,05/08/2025,KY,1712,00500,12,Each,4.66,APB,APB68398,8.80987E+12,Glutathione Niacinamide Clean Oil 105ml,$55.92 
4500178846,04/03/2025,2025,Q2,04,05/08/2025,KY,1712,00510,12,Each,13.09,NRP,NRP48604,8.80617E+12,Kombuch Blck Tea Treat Amp 1.69 floz,$157.08 
4500178846,04/03/2025,2025,Q2,04,05/08/2025,KY,1712,00520,24,Each,12.65,NRP,NRP48605,8.80617E+12,Komb Blck Tea Treat Crm 1.69 floz,$303.60 
4500178846,04/03/2025,2025,Q2,04,05/08/2025,KY,1712,00530,36,Each,6.09,NRP,NRP48619,8.80617E+12,Real Squeeze Aloe Vera Eye Serum 15ml,$219.24 
4500178846,04/03/2025,2025,Q2,04,05/08/2025,KY,1712,00540,60,Each,10.46,NRP,NRP48620,8.80617E+12,Real Sqze Ale Vera Hydro Eye Ptch 60ea,$627.60 
4500178846,04/03/2025,2025,Q2,04,05/08/2025,KY,1712,00550,108,Each,3.46,NRP,NRP47551,8.80617E+12,Body Peeling Mist Phyto Scent 300 ml,$373.68 
4500178846,04/03/2025,2025,Q2,04,05/08/2025,KY,1712,00560,360,Each,5.01,APB,APB68268,8.80987E+12,Glutath Niacinamide Facial Cream 55ml,"$1,803.60 "
4500178846,04/03/2025,2025,Q2,04,05/08/2025,KY,1712,00570,140,Each,5.01,APB,APB68270,8.80987E+12,Glutath Niacinamide Facial Toner 160ml,$701.40 
4500178846,04/03/2025,2025,Q2,04,05/08/2025,KY,1712,00580,120,Each,5.01,APB,APB68271,8.80987E+12,Glutath Niacinamide Mist Essence 105ml,$601.20 
4500178846,04/03/2025,2025,Q2,04,05/08/2025,KY,1712,00590,105,Each,5.01,APB,APB68272,8.80987E+12,Glutath Niacinamide Fac Cleanser 80ml,$526.05 
4500178846,04/03/2025,2025,Q2,04,05/08/2025,KY,1712,00600,300,Each,5.01,APB,APB68267,8.80987E+12,Glutath Niacinamide Ampoule Serum 40ml,"$1,503.00 "
4500178846,04/03/2025,2025,Q2,04,05/08/2025,KY,1712,00610,384,Each,5.01,APB,APB68273,8.80987E+12,Glutath Niacinamide Body Wash 300ml,"$1,923.84 "
4500178846,04/03/2025,2025,Q2,04,05/08/2025,KY,1712,00620,112,Each,4.97,NRP,NRP46861,8.80617E+12,Argan Essential DeepCareHairPack 200ml,$556.64 
4500178846,04/03/2025,2025,Q2,04,05/08/2025,KY,1712,00630,80,Each,5.01,APB,APB68274,8.80987E+12,Glutath Niacinamide Body Lotion 300ml,$400.80 
4500178846,04/03/2025,2025,Q2,04,05/08/2025,KY,1712,00640,64,Each,5.42,NRP,NRP46222,8.80617E+12,Vitamin E Glossy Skin Ampoule 30 ml,$346.88 
4500178846,04/03/2025,2025,Q2,04,05/08/2025,KY,1712,00650,64,Each,5.42,NRP,NRP46220,8.80617E+12,Collagen Skin Elasticity Ampoule 30 ml,$346.88 
4500178846,04/03/2025,2025,Q2,04,05/08/2025,KY,1712,00660,48,Each,15.4,DMX,DMX48086,8.80989E+12,TX Ampoule Rx 1.01 fl oz (30 ml),$739.20 
4500178846,04/03/2025,2025,Q2,04,05/08/2025,KY,1712,00670,54,Each,8.96,DMX,DMX48005,8.80989E+12,TX Peeling Toner 5.07 fl oz (150 ml),$483.84 
4500178846,04/03/2025,2025,Q2,04,05/08/2025,KY,1712,00680,36,Each,24.4,MUZ,MUZ58083,8.80984E+12,Sleek Matt Cushion N23 30 g,$878.40 
4500178846,04/03/2025,2025,Q2,04,05/08/2025,KY,1712,00690,100,Each,5.01,APB,APB68275,8.80987E+12,Glutath Niacinamide Eye Cream 20ml,$501.00 
4500178846,04/03/2025,2025,Q2,04,05/08/2025,KY,1712,00700,66,Each,7.08,NRP,NRP46862,8.80617E+12,Argan Essen Hair NoWash Treatmnt 160ml,$467.28 
4500178846,04/03/2025,2025,Q2,04,05/08/2025,KY,1712,00710,42,Each,6.03,NRP,NRP46863,8.80617E+12,Argan Essential Deep Care Hair Ess 80ml,$253.26 
4500178846,04/03/2025,2025,Q2,04,05/08/2025,KY,1712,00720,16,Each,4.42,NRP,NRP46865,8.80617E+12,Argan Essential Moist Hair Mist 220ml,$70.72 
4500178846,04/03/2025,2025,Q2,04,05/08/2025,KY,1712,00730,112,Each,6.53,NRP,NRP46867,8.80617E+12,Argan Essential Deep Care Shampoo 300ml,$731.36 
4500178846,04/03/2025,2025,Q2,04,05/08/2025,KY,1712,00740,96,Each,6.53,NRP,NRP46868,8.80617E+12,Argan Essential Deep Care Cond 300ml,$626.88 
4500178846,04/03/2025,2025,Q2,04,05/08/2025,KY,1712,00750,36,Each,4.78,NRP,NRP47070,8.80617E+12,Relf Cre Spot Patch 24-12 MM 36-10 MM,$172.08 
4500178846,04/03/2025,2025,Q2,04,05/08/2025,KY,1712,00760,30,Each,6.1,NRP,NRP47192,8.80617E+12,Calendula Forest GardnDpClnsngOil 200ml,$183.00 
4500178846,04/03/2025,2025,Q2,04,05/08/2025,KY,1712,00770,48,Each,6.29,NRP,NRP47193,8.80617E+12,Chamomile Forest Garden DpClnsOil 200ml,$301.92 
4500178846,04/03/2025,2025,Q2,04,05/08/2025,KY,1712,00780,36,Each,8.28,NRP,NRP47345,8.80617E+12,Shea Butter Ultra Steam Crm 3.38 fl oz,$298.08 
4500178846,04/03/2025,2025,Q2,04,05/08/2025,KY,1712,00790,24,Each,8.28,NRP,NRP47346,8.80617E+12,Shea Butter Moist Steam Crm 3.38 floz,$198.72 
4500178846,04/03/2025,2025,Q2,04,05/08/2025,KY,1712,00800,24,Each,8.28,NRP,NRP47347,8.80617E+12,Shea Butter Fresh Steam Crm 3.38 fl oz,$198.72 
4500178846,04/03/2025,2025,Q2,04,05/08/2025,KY,1712,00810,12,Each,4.45,NRP,NRP47490,8.80617E+12,Jeju Sparkling Mud Foam Cleanser 150ml,$53.40 
4500178846,04/03/2025,2025,Q2,04,05/08/2025,KY,1712,00820,24,Each,4.48,NRP,NRP47492,8.80617E+12,Jeju Spark Enrich Facial Clnsr 300ml,$107.52 
4500178847,04/03/2025,2025,Q2,04,05/05/2025,CA,1710,00010,40,Each,3.24,HBF,HBF94533,8.80962E+12,HBAF Laver Almond 120 g,$129.60 
4500178847,04/03/2025,2025,Q2,04,05/05/2025,CA,1710,00020,60,Each,9.31,LFT,LFT67861,8.80592E+12,Lacto Fit Bebe 120 g,$558.60 
4500178847,04/03/2025,2025,Q2,04,05/05/2025,CA,1710,00030,60,Each,9.53,LFT,LFT69431,8.80592E+12,Lacto Fit Liver Support 120 g,$571.80 
4500178847,04/03/2025,2025,Q2,04,05/05/2025,CA,1710,00040,54,Each,10.51,LFT,LFT69271,8.80592E+12,Lacto Fit Glucose Control 120 g,$567.54 
4500178847,04/03/2025,2025,Q2,04,05/05/2025,CA,1710,00050,240,Each,15.94,LFT,LFT68181,8.80592E+12,Lacto Fit Beauty 120 g,"$3,825.60 "
4500178847,04/03/2025,2025,Q2,04,05/05/2025,CA,1710,00060,60,Each,8.33,LFT,LFT68101,8.80592E+12,Lacto Fit Core 120 g,$499.80 
4500178847,04/03/2025,2025,Q2,04,05/05/2025,CA,1710,00070,60,Each,7.99,LFT,LFT67921,8.80592E+12,Lacto Fit Gold 100 g,$479.40 
4500178847,04/03/2025,2025,Q2,04,05/05/2025,CA,1710,00080,80,Each,3.24,HBF,HBF94494,8.80962E+12,HBAF Garlic Bread Almond 120 g,$259.20 
4500178847,04/03/2025,2025,Q2,04,05/05/2025,CA,1710,00090,80,Each,3.24,HBF,HBF94449,8.80962E+12,HBAF Honey Butter Almond 120 g,$259.20 
4500178847,04/03/2025,2025,Q2,04,05/05/2025,CA,1710,00100,40,Each,3.24,HBF,HBF94493,8.80962E+12,HBAF Cheongyang Mayo Almond 120 g,$129.60 
4500178847,04/03/2025,2025,Q2,04,05/05/2025,CA,1710,00110,80,Each,3.24,HBF,HBF94477,8.80962E+12,HBAF Hot & Spicy Chicken Almond 120 g,$259.20 
4500178847,04/03/2025,2025,Q2,04,05/05/2025,CA,1710,00120,60,Each,3.24,HBF,HBF94451,8.80962E+12,HBAF Baked Corn Almond 120 g,$194.40 
4500178847,04/03/2025,2025,Q2,04,05/05/2025,CA,1710,00130,80,Each,3.24,HBF,HBF94450,8.80962E+12,HBAF Wasabi Almond 120 g,$259.20 
4500178848,04/03/2025,2025,Q2,04,05/08/2025,KY,1712,00010,270,Each,8.33,LFT,LFT68101,8.80592E+12,Lacto Fit Core 120 g,"$2,249.10 "
4500178848,04/03/2025,2025,Q2,04,05/08/2025,KY,1712,00020,270,Each,12.99,LFT,LFT68201,8.80592E+12,Lacto Fit Slim 120 g,"$3,507.30 "
4500178848,04/03/2025,2025,Q2,04,05/08/2025,KY,1712,00030,30,Each,10.15,LFT,LFT68241,8.80592E+12,Plant-based Lacto Fit 120 g,$304.50 
4500178848,04/03/2025,2025,Q2,04,05/08/2025,KY,1712,00040,80,Each,3.24,HBF,HBF94449,8.80962E+12,HBAF Honey Butter Almond 120 g,$259.20 
4500178848,04/03/2025,2025,Q2,04,05/08/2025,KY,1712,00050,48,Each,10.51,LFT,LFT69271,8.80592E+12,Lacto Fit Glucose Control 120 g,$504.48 
4500178848,04/03/2025,2025,Q2,04,05/08/2025,KY,1712,00060,60,Each,9.53,LFT,LFT69431,8.80592E+12,Lacto Fit Liver Support 120 g,$571.80 
4500178848,04/03/2025,2025,Q2,04,05/08/2025,KY,1712,00070,100,Each,3.24,HBF,HBF94201,8.80962E+12,HBAF Caramel Salt Almond & Pretzel 120g,$324.00 
4500178848,04/03/2025,2025,Q2,04,05/08/2025,KY,1712,00080,330,Each,7.99,LFT,LFT67921,8.80592E+12,Lacto Fit Gold 100 g,"$2,636.70 "
4500178848,04/03/2025,2025,Q2,04,05/08/2025,KY,1712,00090,60,Each,3.24,HBF,HBF94450,8.80962E+12,HBAF Wasabi Almond 120 g,$194.40 
4500178848,04/03/2025,2025,Q2,04,05/08/2025,KY,1712,00100,30,Each,9.31,LFT,LFT67861,8.80592E+12,Lacto Fit Bebe 120 g,$279.30 
4500178848,04/03/2025,2025,Q2,04,05/08/2025,KY,1712,00110,80,Each,3.24,HBF,HBF94451,8.80962E+12,HBAF Baked Corn Almond 120 g,$259.20 
4500178848,04/03/2025,2025,Q2,04,05/08/2025,KY,1712,00120,20,Each,3.24,HBF,HBF94578,8.80962E+12,HBAF Roasted Onion Almond 120 g,$64.80 
4500178848,04/03/2025,2025,Q2,04,05/08/2025,KY,1712,00130,100,Each,3.24,HBF,HBF94477,8.80962E+12,HBAF Hot & Spicy Chicken Almond 120 g,$324.00 
4500178848,04/03/2025,2025,Q2,04,05/08/2025,KY,1712,00140,20,Each,3.24,HBF,HBF94478,8.80962E+12,HBAF Tteokbokki Almond 120 g,$64.80 
4500178848,04/03/2025,2025,Q2,04,05/08/2025,KY,1712,00150,90,Each,10.15,LFT,LFT67871,8.80592E+12,Lacto Fit Kids 120 g,$913.50 
4500178848,04/03/2025,2025,Q2,04,05/08/2025,KY,1712,00160,80,Each,3.24,HBF,HBF94494,8.80962E+12,HBAF Garlic Bread Almond 120 g,$259.20 
4500178849,04/03/2025,2025,Q2,04,05/05/2025,CA,1710,00010,60,Each,10.71,GBL,GBL25203,8.80614E+12,Aquaporin Intense Cream Toner 120 ml,$642.60 
4500178849,04/03/2025,2025,Q2,04,05/05/2025,CA,1710,00020,60,Each,18.74,GBL,GBL25183,8.80614E+12,Edelweiss Lifting Serum 40 ml,"$1,124.40 "
4500178849,04/03/2025,2025,Q2,04,05/05/2025,CA,1710,00030,60,Each,15.17,GBL,GBL25112,8.80614E+12,Melacare Intensive Cream 50 ml,$910.20 
4500178849,04/03/2025,2025,Q2,04,05/05/2025,CA,1710,00040,60,Each,13.38,GBL,GBL25102,8.80614E+12,PDRN Vita Toning Ampoule 30 ml,$802.80 
4500178849,04/03/2025,2025,Q2,04,05/05/2025,CA,1710,00050,60,Each,12.49,GBL,GBL54683,8.80974E+12,Aquaberrier Ceramide Capsule Cream 50ml,$749.40 
4500178849,04/03/2025,2025,Q2,04,05/05/2025,CA,1710,00060,60,Each,10.71,GBL,GBL54440,8.80974E+12,PDRN Rejuvenating Toner 300 ml,$642.60 
4500178849,04/03/2025,2025,Q2,04,05/05/2025,CA,1710,00070,60,Each,7.14,GBL,GBL54364,8.80974E+12,Glutathi Bright Ample Msk 5 Pk 25 ml,$428.40 
4500178849,04/03/2025,2025,Q2,04,05/05/2025,CA,1710,00080,60,Each,7.14,GBL,GBL54124,8.80974E+12,PDRN Rejuvenating Mask 5 Pack 25ml,$428.40 
4500178849,04/03/2025,2025,Q2,04,05/05/2025,CA,1710,00090,60,Each,8.48,GBL,GBL54060,8.80974E+12,Pink Cloud Cleansing Foam 150 ml,$508.80 
4500178849,04/03/2025,2025,Q2,04,05/05/2025,CA,1710,00100,60,Each,7.58,GBL,GBL51045,8.80989E+12,Glutamin-C Luminous Eye Cream 10 ml,$454.80 
4500178849,04/03/2025,2025,Q2,04,05/05/2025,CA,1710,00110,180,Each,9.66,SGE,SGE02039,8.80025E+12,Dp Coll CICA Teatree Sooth Mask 4ct 37g,"$1,738.80 "
4500178849,04/03/2025,2025,Q2,04,05/05/2025,CA,1710,00120,180,Each,9.66,SGE,SGE02041,8.80025E+12,Dp Coll Hyalu-B5 Hydrat Msk 4ct 37g,"$1,738.80 "
4500178849,04/03/2025,2025,Q2,04,05/05/2025,CA,1710,00130,180,Each,9.66,SGE,SGE02043,8.80025E+12,Dp Coll NiacinVita C Bright Msk 4ct 37g,"$1,738.80 "
4500178849,04/03/2025,2025,Q2,04,05/05/2025,CA,1710,00140,120,Each,10.05,SGE,SGE02207,8.80025E+12,Dp Coll Ret Pwr Bst Pad 100 Pds 190ml,"$1,206.00 "
4500178849,04/03/2025,2025,Q2,04,05/05/2025,CA,1710,00150,60,Each,11.48,SGE,SGE02238,8.80025E+12,Dp Coll Melt Ptch Eyes Forehead 3 ct ea,$688.80 
4500178849,04/03/2025,2025,Q2,04,05/05/2025,CA,1710,00160,180,Each,12.92,SGE,SGE02239,8.80025E+12,Dp Coll Ret Boost-Up Mask 4 ct 25g,"$2,325.60 "
4500178849,04/03/2025,2025,Q2,04,05/05/2025,CA,1710,00170,72,Each,9.66,SGE,SGE56208,8.80968E+12,Green Tomato Pore Lifting Ampoule 30ml,$695.52 
4500178849,04/03/2025,2025,Q2,04,05/05/2025,CA,1710,00180,180,Each,9.66,SGE,SGE56360,8.80968E+12,Dp Coll Power Boosting Mask 4 ct 37 g,"$1,738.80 "
4500178849,04/03/2025,2025,Q2,04,05/05/2025,CA,1710,00190,60,Each,8.35,SGE,SGE56462,8.80968E+12,Grn Tom Pre Cln Enzyme Pwdr Wsh 50g,$501.00 
4500178849,04/03/2025,2025,Q2,04,05/05/2025,CA,1710,00200,60,Each,9.4,SGE,SGE56875,8.80968E+12,Grn Tom Pore Peel Jumbo Pad 60 ct 180ml,$564.00 
4500178849,04/03/2025,2025,Q2,04,05/05/2025,CA,1710,00210,72,Each,14.72,GBL,GBL51029,8.80989E+12,Crys Drp Hydra Boost Ampoule 30ml,"$1,059.84 "
4500178849,04/03/2025,2025,Q2,04,05/05/2025,CA,1710,00220,60,Each,12.05,GBL,GBL51028,8.80989E+12,Squalane Deep Moisture Serum 30 ml,$723.00 
4500178849,04/03/2025,2025,Q2,04,05/05/2025,CA,1710,00230,120,Each,6.69,GBL,GBL39037,8.80969E+12,BlueCalm Rescue Gel 0.33 fl oz (10 ml),$802.80 
4500178849,04/03/2025,2025,Q2,04,05/05/2025,CA,1710,00240,60,Each,12.94,GBL,GBL39004,8.80969E+12,PDRN Rejuvenating Cream 70 ml,$776.40 
4500178849,04/03/2025,2025,Q2,04,05/05/2025,CA,1710,00250,60,Each,11.6,GBL,GBL32222,8.80965E+12,Cabbage Calming Cream 50 ml,$696.00 
4500178850,04/03/2025,2025,Q2,04,05/08/2025,KY,1712,00010,90,Each,12.92,SGE,SGE02239,8.80025E+12,Dp Coll Ret Boost-Up Mask 4 ct 25g,"$1,162.80 "
4500178850,04/03/2025,2025,Q2,04,05/08/2025,KY,1712,00020,36,Each,9.66,SGE,SGE56208,8.80968E+12,Green Tomato Pore Lifting Ampoule 30ml,$347.76 
4500178850,04/03/2025,2025,Q2,04,05/08/2025,KY,1712,00030,30,Each,12.49,GBL,GBL54683,8.80974E+12,Aquaberrier Ceramide Capsule Cream 50ml,$374.70 
4500178850,04/03/2025,2025,Q2,04,05/08/2025,KY,1712,00040,90,Each,9.66,SGE,SGE56360,8.80968E+12,Dp Coll Power Boosting Mask 4 ct 37 g,$869.40 
4500178850,04/03/2025,2025,Q2,04,05/08/2025,KY,1712,00050,30,Each,8.35,SGE,SGE56462,8.80968E+12,Grn Tom Pre Cln Enzyme Pwdr Wsh 50g,$250.50 
4500178850,04/03/2025,2025,Q2,04,05/08/2025,KY,1712,00060,30,Each,9.4,SGE,SGE56875,8.80968E+12,Grn Tom Pore Peel Jumbo Pad 60 ct 180ml,$282.00 
4500178850,04/03/2025,2025,Q2,04,05/08/2025,KY,1712,00070,36,Each,14.72,GBL,GBL51029,8.80989E+12,Crys Drp Hydra Boost Ampoule 30ml,$529.92 
4500178850,04/03/2025,2025,Q2,04,05/08/2025,KY,1712,00080,30,Each,12.05,GBL,GBL51028,8.80989E+12,Squalane Deep Moisture Serum 30 ml,$361.50 
4500178850,04/03/2025,2025,Q2,04,05/08/2025,KY,1712,00090,30,Each,11.48,SGE,SGE02238,8.80025E+12,Dp Coll Melt Ptch Eyes Forehead 3 ct ea,$344.40 
4500178850,04/03/2025,2025,Q2,04,05/08/2025,KY,1712,00100,30,Each,10.71,GBL,GBL54440,8.80974E+12,PDRN Rejuvenating Toner 300 ml,$321.30 
4500178850,04/03/2025,2025,Q2,04,05/08/2025,KY,1712,00110,60,Each,6.69,GBL,GBL39037,8.80969E+12,BlueCalm Rescue Gel 0.33 fl oz (10 ml),$401.40 
4500178850,04/03/2025,2025,Q2,04,05/08/2025,KY,1712,00120,60,Each,10.05,SGE,SGE02207,8.80025E+12,Dp Coll Ret Pwr Bst Pad 100 Pds 190ml,$603.00 
4500178850,04/03/2025,2025,Q2,04,05/08/2025,KY,1712,00130,30,Each,12.94,GBL,GBL39004,8.80969E+12,PDRN Rejuvenating Cream 70 ml,$388.20 
4500178850,04/03/2025,2025,Q2,04,05/08/2025,KY,1712,00140,30,Each,11.6,GBL,GBL32222,8.80965E+12,Cabbage Calming Cream 50 ml,$348.00 
4500178850,04/03/2025,2025,Q2,04,05/08/2025,KY,1712,00150,90,Each,9.66,SGE,SGE02043,8.80025E+12,Dp Coll NiacinVita C Bright Msk 4ct 37g,$869.40 
4500178850,04/03/2025,2025,Q2,04,05/08/2025,KY,1712,00160,30,Each,7.14,GBL,GBL54364,8.80974E+12,Glutathi Bright Ample Msk 5 Pk 25 ml,$214.20 
4500178850,04/03/2025,2025,Q2,04,05/08/2025,KY,1712,00170,30,Each,13.38,GBL,GBL25102,8.80614E+12,PDRN Vita Toning Ampoule 30 ml,$401.40 
4500178850,04/03/2025,2025,Q2,04,05/08/2025,KY,1712,00180,90,Each,9.66,SGE,SGE02041,8.80025E+12,Dp Coll Hyalu-B5 Hydrat Msk 4ct 37g,$869.40 
4500178850,04/03/2025,2025,Q2,04,05/08/2025,KY,1712,00190,30,Each,15.17,GBL,GBL25112,8.80614E+12,Melacare Intensive Cream 50 ml,$455.10 
4500178850,04/03/2025,2025,Q2,04,05/08/2025,KY,1712,00200,30,Each,18.74,GBL,GBL25183,8.80614E+12,Edelweiss Lifting Serum 40 ml,$562.20 
4500178850,04/03/2025,2025,Q2,04,05/08/2025,KY,1712,00210,90,Each,9.66,SGE,SGE02039,8.80025E+12,Dp Coll CICA Teatree Sooth Mask 4ct 37g,$869.40 
4500178850,04/03/2025,2025,Q2,04,05/08/2025,KY,1712,00220,30,Each,7.14,GBL,GBL54124,8.80974E+12,PDRN Rejuvenating Mask 5 Pack 25ml,$214.20 
4500178850,04/03/2025,2025,Q2,04,05/08/2025,KY,1712,00230,30,Each,7.58,GBL,GBL51045,8.80989E+12,Glutamin-C Luminous Eye Cream 10 ml,$227.40 
4500178850,04/03/2025,2025,Q2,04,05/08/2025,KY,1712,00240,30,Each,8.48,GBL,GBL54060,8.80974E+12,Pink Cloud Cleansing Foam 150 ml,$254.40 
4500178850,04/03/2025,2025,Q2,04,05/08/2025,KY,1712,00250,30,Each,10.71,GBL,GBL25203,8.80614E+12,Aquaporin Intense Cream Toner 120 ml,$321.30 
4500179532,04/09/2025,2025,Q2,04,05/14/2025,KY,1712,00010,108,Each,1,HBF,HBF94954,8.80962E+12,Curry Popcorn 80 g,$108.00 
4500179532,04/09/2025,2025,Q2,04,05/14/2025,KY,1712,00020,108,Each,1,HBF,HBF94953,8.80962E+12,French Fried And Ketchup Popcorn 80 g,$108.00 
4500179532,04/09/2025,2025,Q2,04,05/14/2025,KY,1712,00030,108,Each,1,HBF,HBF94948,8.80962E+12,Butter Squid Popcorn 80 g,$108.00 
4500179532,04/09/2025,2025,Q2,04,05/14/2025,KY,1712,00040,108,Each,1,HBF,HBF94928,8.80962E+12,Pepperoni Pizza Popcorn 80 g,$108.00 
4500179532,04/09/2025,2025,Q2,04,05/14/2025,KY,1712,00050,108,Each,1,HBF,HBF94927,8.80962E+12,Mexican Taco Popcorn 80 g,$108.00 
4500179532,04/09/2025,2025,Q2,04,05/14/2025,KY,1712,00060,108,Each,1,HBF,HBF94926,8.80962E+12,Garlic Baguette Popcorn 80 g,$108.00 
4500179532,04/09/2025,2025,Q2,04,05/14/2025,KY,1712,00070,108,Each,1,HBF,HBF94921,8.80962E+12,Wasabi Mayo Popcorn 80 g,$108.00 
4500179532,04/09/2025,2025,Q2,04,05/14/2025,KY,1712,00080,108,Each,1,HBF,HBF94891,8.80962E+12,New York Cheese Burger Popcorn 80 g,$108.00 
4500179532,04/09/2025,2025,Q2,04,05/14/2025,KY,1712,00090,108,Each,1,HBF,HBF94874,8.80962E+12,Honey Butter Popcorn 80 g,$108.00 
4500179532,04/09/2025,2025,Q2,04,05/14/2025,KY,1712,00100,108,Each,1,HBF,HBF45061,8.80028E+12,Ttekbokki Popcorn 80 g,$108.00 
4500179532,04/09/2025,2025,Q2,04,05/14/2025,KY,1712,00110,108,Each,1,HBF,HBF45058,8.80028E+12,Sweet Potato Popcorn 80 g,$108.00 
4500179532,04/09/2025,2025,Q2,04,05/14/2025,KY,1712,00120,108,Each,1,HBF,HBF45057,8.80028E+12,Baked Corn Popcorn 80 g,$108.00 
4500179532,04/09/2025,2025,Q2,04,05/14/2025,KY,1712,00130,108,Each,1,HBF,HBF45029,8.80028E+12,Caramel Cheese Popcorn 80g,$108.00 
4500179532,04/09/2025,2025,Q2,04,05/14/2025,KY,1712,00140,108,Each,1,HBF,HBF45028,8.80028E+12,Milk Caramel Popcorn 80 g,$108.00 
4500179532,04/09/2025,2025,Q2,04,05/14/2025,KY,1712,00150,108,Each,1,HBF,HBF45027,8.80028E+12,Cheddar Cheese Popcorn 80 g,$108.00 
4500179532,04/09/2025,2025,Q2,04,05/14/2025,KY,1712,00160,108,Each,1,HBF,HBF45026,8.80028E+12,Laver Popcorn 80 g,$108.00 
4500179532,04/09/2025,2025,Q2,04,05/14/2025,KY,1712,00170,108,Each,1,HBF,HBF45025,8.80028E+12,Salted Milk Popcorn 80 g,$108.00 
4500179532,04/09/2025,2025,Q2,04,05/14/2025,KY,1712,00180,60,Each,3.24,HBF,HBF94947,8.80962E+12,Strawberry Almond Crunch 100 g,$194.40 
4500179532,04/09/2025,2025,Q2,04,05/14/2025,KY,1712,00190,60,Each,3.24,HBF,HBF94946,8.80962E+12,Cookies And Banana Cream Almond 120 g,$194.40 
4500179532,04/09/2025,2025,Q2,04,05/14/2025,KY,1712,00200,60,Each,3.24,HBF,HBF94920,8.80962E+12,Dalgona Almond 120 g,$194.40 
4500179532,04/09/2025,2025,Q2,04,05/14/2025,KY,1712,00210,60,Each,3.24,HBF,HBF94900,8.80962E+12,Choco Churros Almond 120 g,$194.40 
4500179532,04/09/2025,2025,Q2,04,05/14/2025,KY,1712,00220,60,Each,3.24,HBF,HBF94885,8.80962E+12,Cookies And Strawberry CreamAlmond 120g,$194.40 
4500179532,04/09/2025,2025,Q2,04,05/14/2025,KY,1712,00230,60,Each,3.24,HBF,HBF94884,8.80962E+12,Dark Chocolate Almond Crunch 100 g,$194.40 
4500179532,04/09/2025,2025,Q2,04,05/14/2025,KY,1712,00240,60,Each,3.24,HBF,HBF94508,8.80962E+12,Black Sesame Almond 120 g,$194.40 
4500179532,04/09/2025,2025,Q2,04,05/14/2025,KY,1712,00250,60,Each,3.24,HBF,HBF94481,8.80962E+12,Black Sugar Milk Tea Almond 120 g,$194.40 
4500179532,04/09/2025,2025,Q2,04,05/14/2025,KY,1712,00260,60,Each,3.24,HBF,HBF94480,8.80962E+12,Jeju Matcha Almond 120 g,$194.40 
4500179532,04/09/2025,2025,Q2,04,05/14/2025,KY,1712,00270,60,Each,3.24,HBF,HBF94479,8.80962E+12,Starlight Pangpang Almond 120 g,$194.40 
4500179532,04/09/2025,2025,Q2,04,05/14/2025,KY,1712,00280,60,Each,3.24,HBF,HBF94453,8.80962E+12,Injeolmi Almond 120 g,$194.40 
4500179532,04/09/2025,2025,Q2,04,05/14/2025,KY,1712,00290,60,Each,3.24,HBF,HBF94452,8.80962E+12,Cookies And Cream Almond 120 g,$194.40 
4500179532,04/09/2025,2025,Q2,04,05/14/2025,KY,1712,00300,60,Each,3.24,HBF,HBF94448,8.80962E+12,Mint Choco Almond 120 g,$194.40 
4500179532,04/09/2025,2025,Q2,04,05/14/2025,KY,1712,00310,60,Each,3.24,HBF,HBF45047,8.80028E+12,Sweet Red Bean Almond 120 g,$194.40 
4500179533,04/09/2025,2025,Q2,04,05/09/2025,CA,1710,00010,108,Each,1,HBF,HBF94954,8.80962E+12,Curry Popcorn 80 g,$108.00 
4500179533,04/09/2025,2025,Q2,04,05/09/2025,CA,1710,00020,108,Each,1,HBF,HBF94953,8.80962E+12,French Fried And Ketchup Popcorn 80 g,$108.00 
4500179533,04/09/2025,2025,Q2,04,05/09/2025,CA,1710,00030,108,Each,1,HBF,HBF94948,8.80962E+12,Butter Squid Popcorn 80 g,$108.00 
4500179533,04/09/2025,2025,Q2,04,05/09/2025,CA,1710,00040,108,Each,1,HBF,HBF94928,8.80962E+12,Pepperoni Pizza Popcorn 80 g,$108.00 
4500179533,04/09/2025,2025,Q2,04,05/09/2025,CA,1710,00050,108,Each,1,HBF,HBF94927,8.80962E+12,Mexican Taco Popcorn 80 g,$108.00 
4500179533,04/09/2025,2025,Q2,04,05/09/2025,CA,1710,00060,108,Each,1,HBF,HBF94926,8.80962E+12,Garlic Baguette Popcorn 80 g,$108.00 
4500179533,04/09/2025,2025,Q2,04,05/09/2025,CA,1710,00070,108,Each,1,HBF,HBF94921,8.80962E+12,Wasabi Mayo Popcorn 80 g,$108.00 
4500179533,04/09/2025,2025,Q2,04,05/09/2025,CA,1710,00080,108,Each,1,HBF,HBF94891,8.80962E+12,New York Cheese Burger Popcorn 80 g,$108.00 
4500179533,04/09/2025,2025,Q2,04,05/09/2025,CA,1710,00090,108,Each,1,HBF,HBF94874,8.80962E+12,Honey Butter Popcorn 80 g,$108.00 
4500179533,04/09/2025,2025,Q2,04,05/09/2025,CA,1710,00100,108,Each,1,HBF,HBF45061,8.80028E+12,Ttekbokki Popcorn 80 g,$108.00 
4500179533,04/09/2025,2025,Q2,04,05/09/2025,CA,1710,00110,108,Each,1,HBF,HBF45058,8.80028E+12,Sweet Potato Popcorn 80 g,$108.00 
4500179533,04/09/2025,2025,Q2,04,05/09/2025,CA,1710,00120,108,Each,1,HBF,HBF45057,8.80028E+12,Baked Corn Popcorn 80 g,$108.00 
4500179533,04/09/2025,2025,Q2,04,05/09/2025,CA,1710,00130,108,Each,1,HBF,HBF45029,8.80028E+12,Caramel Cheese Popcorn 80g,$108.00 
4500179533,04/09/2025,2025,Q2,04,05/09/2025,CA,1710,00140,108,Each,1,HBF,HBF45028,8.80028E+12,Milk Caramel Popcorn 80 g,$108.00 
4500179533,04/09/2025,2025,Q2,04,05/09/2025,CA,1710,00150,108,Each,1,HBF,HBF45027,8.80028E+12,Cheddar Cheese Popcorn 80 g,$108.00 
4500179533,04/09/2025,2025,Q2,04,05/09/2025,CA,1710,00160,108,Each,1,HBF,HBF45026,8.80028E+12,Laver Popcorn 80 g,$108.00 
4500179533,04/09/2025,2025,Q2,04,05/09/2025,CA,1710,00170,108,Each,1,HBF,HBF45025,8.80028E+12,Salted Milk Popcorn 80 g,$108.00 
4500179533,04/09/2025,2025,Q2,04,05/09/2025,CA,1710,00180,120,Each,3.24,HBF,HBF94947,8.80962E+12,Strawberry Almond Crunch 100 g,$388.80 
4500179533,04/09/2025,2025,Q2,04,05/09/2025,CA,1710,00190,120,Each,3.24,HBF,HBF94946,8.80962E+12,Cookies And Banana Cream Almond 120 g,$388.80 
4500179533,04/09/2025,2025,Q2,04,05/09/2025,CA,1710,00200,120,Each,3.24,HBF,HBF94920,8.80962E+12,Dalgona Almond 120 g,$388.80 
4500179533,04/09/2025,2025,Q2,04,05/09/2025,CA,1710,00210,120,Each,3.24,HBF,HBF94900,8.80962E+12,Choco Churros Almond 120 g,$388.80 
4500179533,04/09/2025,2025,Q2,04,05/09/2025,CA,1710,00220,120,Each,3.24,HBF,HBF94885,8.80962E+12,Cookies And Strawberry CreamAlmond 120g,$388.80 
4500179533,04/09/2025,2025,Q2,04,05/09/2025,CA,1710,00230,120,Each,3.24,HBF,HBF94884,8.80962E+12,Dark Chocolate Almond Crunch 100 g,$388.80 
4500179533,04/09/2025,2025,Q2,04,05/09/2025,CA,1710,00240,120,Each,3.24,HBF,HBF94508,8.80962E+12,Black Sesame Almond 120 g,$388.80 
4500179533,04/09/2025,2025,Q2,04,05/09/2025,CA,1710,00250,120,Each,3.24,HBF,HBF94481,8.80962E+12,Black Sugar Milk Tea Almond 120 g,$388.80 
4500179533,04/09/2025,2025,Q2,04,05/09/2025,CA,1710,00260,120,Each,3.24,HBF,HBF94480,8.80962E+12,Jeju Matcha Almond 120 g,$388.80 
4500179533,04/09/2025,2025,Q2,04,05/09/2025,CA,1710,00270,120,Each,3.24,HBF,HBF94479,8.80962E+12,Starlight Pangpang Almond 120 g,$388.80 
4500179533,04/09/2025,2025,Q2,04,05/09/2025,CA,1710,00280,120,Each,3.24,HBF,HBF94453,8.80962E+12,Injeolmi Almond 120 g,$388.80 
4500179533,04/09/2025,2025,Q2,04,05/09/2025,CA,1710,00290,120,Each,3.24,HBF,HBF94452,8.80962E+12,Cookies And Cream Almond 120 g,$388.80 
4500179533,04/09/2025,2025,Q2,04,05/09/2025,CA,1710,00300,120,Each,3.24,HBF,HBF94448,8.80962E+12,Mint Choco Almond 120 g,$388.80 
4500179533,04/09/2025,2025,Q2,04,05/09/2025,CA,1710,00310,120,Each,3.24,HBF,HBF45047,8.80028E+12,Sweet Red Bean Almond 120 g,$388.80 
4500179872,04/09/2025,2025,Q2,04,05/16/2025,KY,1712,00010,120,Each,12.94,GBL,GBL39004,8.80969E+12,PDRN Rejuvenating Cream 70 ml,"$1,552.80 "
4500179872,04/09/2025,2025,Q2,04,05/16/2025,KY,1712,00020,120,Each,7.14,GBL,GBL54124,8.80974E+12,PDRN Rejuvenating Mask 5 Pack 25ml,$856.80 
4500179872,04/09/2025,2025,Q2,04,05/16/2025,KY,1712,00030,120,Each,8.48,GBL,GBL54060,8.80974E+12,Pink Cloud Cleansing Foam 150 ml,"$1,017.60 "
4500179872,04/09/2025,2025,Q2,04,05/16/2025,KY,1712,00040,60,Each,6.69,GBL,GBL39037,8.80969E+12,BlueCalm Rescue Gel 0.33 fl oz (10 ml),$401.40 
4500179872,04/09/2025,2025,Q2,04,05/16/2025,KY,1712,00050,120,Each,13.38,GBL,GBL25102,8.80614E+12,PDRN Vita Toning Ampoule 30 ml,"$1,605.60 "
4500179872,04/09/2025,2025,Q2,04,05/16/2025,KY,1712,00060,120,Each,15.17,GBL,GBL25112,8.80614E+12,Melacare Intensive Cream 50 ml,"$1,820.40 "
4500179872,04/09/2025,2025,Q2,04,05/16/2025,KY,1712,00070,120,Each,7.14,GBL,GBL54364,8.80974E+12,Glutathi Bright Ample Msk 5 Pk 25 ml,$856.80 
4500179872,04/09/2025,2025,Q2,04,05/16/2025,KY,1712,00080,120,Each,10.71,GBL,GBL54440,8.80974E+12,PDRN Rejuvenating Toner 300 ml,"$1,285.20 "
4500179872,04/09/2025,2025,Q2,04,05/16/2025,KY,1712,00090,120,Each,18.74,GBL,GBL25183,8.80614E+12,Edelweiss Lifting Serum 40 ml,"$2,248.80 "
4500179872,04/09/2025,2025,Q2,04,05/16/2025,KY,1712,00100,120,Each,12.05,GBL,GBL51028,8.80989E+12,Squalane Deep Moisture Serum 30 ml,"$1,446.00 "
4500179872,04/09/2025,2025,Q2,04,05/16/2025,KY,1712,00110,36,Each,14.72,GBL,GBL51029,8.80989E+12,Crys Drp Hydra Boost Ampoule 30ml,$529.92 
4500179872,04/09/2025,2025,Q2,04,05/16/2025,KY,1712,00120,120,Each,10.71,GBL,GBL25203,8.80614E+12,Aquaporin Intense Cream Toner 120 ml,"$1,285.20 "
4500179872,04/09/2025,2025,Q2,04,05/16/2025,KY,1712,00130,120,Each,12.49,GBL,GBL54683,8.80974E+12,Aquaberrier Ceramide Capsule Cream 50ml,"$1,498.80 "
4500179872,04/09/2025,2025,Q2,04,05/16/2025,KY,1712,00140,120,Each,11.6,GBL,GBL32222,8.80965E+12,Cabbage Calming Cream 50 ml,"$1,392.00 "
4500179872,04/09/2025,2025,Q2,04,05/16/2025,KY,1712,00150,120,Each,7.58,GBL,GBL51045,8.80989E+12,Glutamin-C Luminous Eye Cream 10 ml,$909.60 
4500179873,04/10/2025,2025,Q2,04,05/12/2025,CA,1710,00010,60,Each,12.94,GBL,GBL39004,8.80969E+12,PDRN Rejuvenating Cream 70 ml,$776.40 
4500179873,04/10/2025,2025,Q2,04,05/12/2025,CA,1710,00020,60,Each,7.14,GBL,GBL54124,8.80974E+12,PDRN Rejuvenating Mask 5 Pack 25ml,$428.40 
4500179873,04/10/2025,2025,Q2,04,05/12/2025,CA,1710,00030,60,Each,8.48,GBL,GBL54060,8.80974E+12,Pink Cloud Cleansing Foam 150 ml,$508.80 
4500179873,04/10/2025,2025,Q2,04,05/12/2025,CA,1710,00040,120,Each,6.69,GBL,GBL39037,8.80969E+12,BlueCalm Rescue Gel 0.33 fl oz (10 ml),$802.80 
4500179873,04/10/2025,2025,Q2,04,05/12/2025,CA,1710,00050,60,Each,13.38,GBL,GBL25102,8.80614E+12,PDRN Vita Toning Ampoule 30 ml,$802.80 
4500179873,04/10/2025,2025,Q2,04,05/12/2025,CA,1710,00060,60,Each,15.17,GBL,GBL25112,8.80614E+12,Melacare Intensive Cream 50 ml,$910.20 
4500179873,04/10/2025,2025,Q2,04,05/12/2025,CA,1710,00070,60,Each,7.14,GBL,GBL54364,8.80974E+12,Glutathi Bright Ample Msk 5 Pk 25 ml,$428.40 
4500179873,04/10/2025,2025,Q2,04,05/12/2025,CA,1710,00080,60,Each,10.71,GBL,GBL54440,8.80974E+12,PDRN Rejuvenating Toner 300 ml,$642.60 
4500179873,04/10/2025,2025,Q2,04,05/12/2025,CA,1710,00090,60,Each,18.74,GBL,GBL25183,8.80614E+12,Edelweiss Lifting Serum 40 ml,"$1,124.40 "
4500179873,04/10/2025,2025,Q2,04,05/12/2025,CA,1710,00100,60,Each,12.05,GBL,GBL51028,8.80989E+12,Squalane Deep Moisture Serum 30 ml,$723.00 
4500179873,04/10/2025,2025,Q2,04,05/12/2025,CA,1710,00110,72,Each,14.72,GBL,GBL51029,8.80989E+12,Crys Drp Hydra Boost Ampoule 30ml,"$1,059.84 "
4500179873,04/10/2025,2025,Q2,04,05/12/2025,CA,1710,00120,60,Each,10.71,GBL,GBL25203,8.80614E+12,Aquaporin Intense Cream Toner 120 ml,$642.60 
4500179873,04/10/2025,2025,Q2,04,05/12/2025,CA,1710,00130,60,Each,12.49,GBL,GBL54683,8.80974E+12,Aquaberrier Ceramide Capsule Cream 50ml,$749.40 
4500179873,04/10/2025,2025,Q2,04,05/12/2025,CA,1710,00140,60,Each,11.6,GBL,GBL32222,8.80965E+12,Cabbage Calming Cream 50 ml,$696.00 
4500179873,04/10/2025,2025,Q2,04,05/12/2025,CA,1710,00150,60,Each,7.58,GBL,GBL51045,8.80989E+12,Glutamin-C Luminous Eye Cream 10 ml,$454.80 
4500180882,04/16/2025,2025,Q2,04,05/22/2025,KY,1712,00010,60,Each,9.4,SGE,SGE56875,8.80968E+12,Grn Tom Pore Peel Jumbo Pad 60 ct 180ml,$564.00 
4500180882,04/16/2025,2025,Q2,04,05/22/2025,KY,1712,00020,72,Each,9.66,SGE,SGE56208,8.80968E+12,Green Tomato Pore Lifting Ampoule 30ml,$695.52 
4500180882,04/16/2025,2025,Q2,04,05/22/2025,KY,1712,00030,60,Each,8.35,SGE,SGE56462,8.80968E+12,Grn Tom Pre Cln Enzyme Pwdr Wsh 50g,$501.00 
4500180882,04/16/2025,2025,Q2,04,05/22/2025,KY,1712,00040,100,Each,10.05,SGE,SGE02207,8.80025E+12,Dp Coll Ret Pwr Bst Pad 100 Pds 190ml,"$1,005.00 "
4500180882,04/16/2025,2025,Q2,04,05/22/2025,KY,1712,00050,150,Each,12.92,SGE,SGE02239,8.80025E+12,Dp Coll Ret Boost-Up Mask 4 ct 25g,"$1,938.00 "
4500180882,04/16/2025,2025,Q2,04,05/22/2025,KY,1712,00060,90,Each,11.48,SGE,SGE02238,8.80025E+12,Dp Coll Melt Ptch Eyes Forehead 3 ct ea,"$1,033.20 "
4500180882,04/16/2025,2025,Q2,04,05/22/2025,KY,1712,00070,1350,Each,9.66,SGE,SGE56360,8.80968E+12,Dp Coll Power Boosting Mask 4 ct 37 g,"$13,041.00 "
4500180882,04/16/2025,2025,Q2,04,05/22/2025,KY,1712,00080,810,Each,9.66,SGE,SGE02039,8.80025E+12,Dp Coll CICA Teatree Sooth Mask 4ct 37g,"$7,824.60 "
4500180882,04/16/2025,2025,Q2,04,05/22/2025,KY,1712,00090,810,Each,9.66,SGE,SGE02043,8.80025E+12,Dp Coll NiacinVita C Bright Msk 4ct 37g,"$7,824.60 "
4500180882,04/16/2025,2025,Q2,04,05/22/2025,KY,1712,00100,810,Each,9.66,SGE,SGE02041,8.80025E+12,Dp Coll Hyalu-B5 Hydrat Msk 4ct 37g,"$7,824.60 "
4500180883,04/16/2025,2025,Q2,04,05/19/2025,CA,1710,00010,120,Each,9.4,SGE,SGE56875,8.80968E+12,Grn Tom Pore Peel Jumbo Pad 60 ct 180ml,"$1,128.00 "
4500180883,04/16/2025,2025,Q2,04,05/19/2025,CA,1710,00020,144,Each,9.66,SGE,SGE56208,8.80968E+12,Green Tomato Pore Lifting Ampoule 30ml,"$1,391.04 "
4500180883,04/16/2025,2025,Q2,04,05/19/2025,CA,1710,00030,120,Each,8.35,SGE,SGE56462,8.80968E+12,Grn Tom Pre Cln Enzyme Pwdr Wsh 50g,"$1,002.00 "
4500180883,04/16/2025,2025,Q2,04,05/19/2025,CA,1710,00040,180,Each,10.05,SGE,SGE02207,8.80025E+12,Dp Coll Ret Pwr Bst Pad 100 Pds 190ml,"$1,809.00 "
4500180883,04/16/2025,2025,Q2,04,05/19/2025,CA,1710,00050,270,Each,12.92,SGE,SGE02239,8.80025E+12,Dp Coll Ret Boost-Up Mask 4 ct 25g,"$3,488.40 "
4500180883,04/16/2025,2025,Q2,04,05/19/2025,CA,1710,00060,180,Each,11.48,SGE,SGE02238,8.80025E+12,Dp Coll Melt Ptch Eyes Forehead 3 ct ea,"$2,066.40 "
4500180883,04/16/2025,2025,Q2,04,05/19/2025,CA,1710,00070,3150,Each,9.66,SGE,SGE56360,8.80968E+12,Dp Coll Power Boosting Mask 4 ct 37 g,"$30,429.00 "
4500180883,04/16/2025,2025,Q2,04,05/19/2025,CA,1710,00080,1200,Each,9.66,SGE,SGE02039,8.80025E+12,Dp Coll CICA Teatree Sooth Mask 4ct 37g,"$11,592.00 "
4500180883,04/16/2025,2025,Q2,04,05/19/2025,CA,1710,00090,1200,Each,9.66,SGE,SGE02043,8.80025E+12,Dp Coll NiacinVita C Bright Msk 4ct 37g,"$11,592.00 "
4500180883,04/16/2025,2025,Q2,04,05/19/2025,CA,1710,00100,1200,Each,9.66,SGE,SGE02041,8.80025E+12,Dp Coll Hyalu-B5 Hydrat Msk 4ct 37g,"$11,592.00 "
4500181198,04/18/2025,2025,Q2,04,05/21/2025,KY,1712,00010,60,Each,11.48,PNA,PNA09316,8.8097E+12,Cica Serum Cushion 17N Fair Vanilla 15g,$688.80 
4500181198,04/18/2025,2025,Q2,04,05/21/2025,KY,1712,00020,60,Each,11.48,PNA,PNA09318,8.8097E+12,Cica Serum Cushion 19N Ntrl Porceln 15g,$688.80 
4500181198,04/18/2025,2025,Q2,04,05/21/2025,KY,1712,00030,60,Each,11.48,PNA,PNA09319,8.8097E+12,Cica Serum Cushion 21C Cool Rosy 15g,$688.80 
4500181198,04/18/2025,2025,Q2,04,05/21/2025,KY,1712,00040,60,Each,11.48,PNA,PNA09301,8.8097E+12,Cica Serum Cushion 24N Nat Nude 15g,$688.80 
4500181198,04/18/2025,2025,Q2,04,05/21/2025,KY,1712,00050,60,Each,11.48,PNA,PNA09302,8.8097E+12,Cica Serum Cushion 25N Ratan 15g,$688.80 
4500181198,04/18/2025,2025,Q2,04,05/21/2025,KY,1712,00060,60,Each,11.48,PNA,PNA09303,8.8097E+12,Cica Serum Cushion 27N Rich Ratan 15g,$688.80 
4500181198,04/18/2025,2025,Q2,04,05/21/2025,KY,1712,00070,60,Each,11.48,PNA,PNA09322,8.8097E+12,Cica Serum Cushion 29C Cool Sand 15g,$688.80 
4500181198,04/18/2025,2025,Q2,04,05/21/2025,KY,1712,00080,60,Each,11.48,PNA,PNA09305,8.8097E+12,Cica Serum Cushion 30N Rich Beige 15g,$688.80 
4500181198,04/18/2025,2025,Q2,04,05/21/2025,KY,1712,00090,60,Each,11.48,PNA,PNA09323,8.8097E+12,Cica Serum Cushion 30W Gold Beige 15g,$688.80 
4500181198,04/18/2025,2025,Q2,04,05/21/2025,KY,1712,00100,60,Each,11.48,PNA,PNA09324,8.8097E+12,Cica Serum Cushion 31N Honey Beige 15g,$688.80 
4500181198,04/18/2025,2025,Q2,04,05/21/2025,KY,1712,00110,60,Each,11.48,PNA,PNA09306,8.8097E+12,Cica Serum Cushion 33C Cool Cream 15g,$688.80 
4500181198,04/18/2025,2025,Q2,04,05/21/2025,KY,1712,00120,60,Each,11.48,PNA,PNA09325,8.8097E+12,Cica Serum Cushion 33N Moca Cream 15g,$688.80 
4500181198,04/18/2025,2025,Q2,04,05/21/2025,KY,1712,00130,60,Each,11.48,PNA,PNA09326,8.8097E+12,Cica Serum Cushion 33W Warm Cream 15g,$688.80 
4500181198,04/18/2025,2025,Q2,04,05/21/2025,KY,1712,00140,60,Each,11.48,PNA,PNA09327,8.8097E+12,Cica Serum Cushion 34N Neutral Tan 15g,$688.80 
4500181198,04/18/2025,2025,Q2,04,05/21/2025,KY,1712,00150,60,Each,11.48,PNA,PNA09328,8.8097E+12,Cica Serum Cushion 34W Tan 15g,$688.80 
4500181198,04/18/2025,2025,Q2,04,05/21/2025,KY,1712,00160,60,Each,11.48,PNA,PNA09329,8.8097E+12,Cica Serum Cushion 35N Caramel 15g,$688.80 
4500181198,04/18/2025,2025,Q2,04,05/21/2025,KY,1712,00170,60,Each,9.19,PNA,PNA07126,8.8097E+12,Glacial Bio Water No Sebum Cushion 10g,$551.40 
4500181198,04/18/2025,2025,Q2,04,05/21/2025,KY,1712,00180,60,Each,8.8,PNA,PNA07115,8.8097E+12,Cicamanu Serum Mist 1.69 fl oz (50 ml),$528.00 
4500181198,04/18/2025,2025,Q2,04,05/21/2025,KY,1712,00190,75,Each,9.57,PNA,PNA07174,8.8097E+12,Cicamanu 92 Serum 1.01 fl oz (30 ml),$717.75 
4500181199,04/18/2025,2025,Q2,04,05/21/2025,CA,1710,00010,120,Each,11.48,PNA,PNA09316,8.8097E+12,Cica Serum Cushion 17N Fair Vanilla 15g,"$1,377.60 "
4500181199,04/18/2025,2025,Q2,04,05/21/2025,CA,1710,00020,120,Each,11.48,PNA,PNA09318,8.8097E+12,Cica Serum Cushion 19N Ntrl Porceln 15g,"$1,377.60 "
4500181199,04/18/2025,2025,Q2,04,05/21/2025,CA,1710,00030,120,Each,11.48,PNA,PNA09319,8.8097E+12,Cica Serum Cushion 21C Cool Rosy 15g,"$1,377.60 "
4500181199,04/18/2025,2025,Q2,04,05/21/2025,CA,1710,00040,120,Each,11.48,PNA,PNA09301,8.8097E+12,Cica Serum Cushion 24N Nat Nude 15g,"$1,377.60 "
4500181199,04/18/2025,2025,Q2,04,05/21/2025,CA,1710,00050,120,Each,11.48,PNA,PNA09302,8.8097E+12,Cica Serum Cushion 25N Ratan 15g,"$1,377.60 "
4500181199,04/18/2025,2025,Q2,04,05/21/2025,CA,1710,00060,120,Each,11.48,PNA,PNA09303,8.8097E+12,Cica Serum Cushion 27N Rich Ratan 15g,"$1,377.60 "
4500181199,04/18/2025,2025,Q2,04,05/21/2025,CA,1710,00070,120,Each,11.48,PNA,PNA09322,8.8097E+12,Cica Serum Cushion 29C Cool Sand 15g,"$1,377.60 "
4500181199,04/18/2025,2025,Q2,04,05/21/2025,CA,1710,00080,120,Each,11.48,PNA,PNA09305,8.8097E+12,Cica Serum Cushion 30N Rich Beige 15g,"$1,377.60 "
4500181199,04/18/2025,2025,Q2,04,05/21/2025,CA,1710,00090,120,Each,11.48,PNA,PNA09323,8.8097E+12,Cica Serum Cushion 30W Gold Beige 15g,"$1,377.60 "
4500181199,04/18/2025,2025,Q2,04,05/21/2025,CA,1710,00100,120,Each,11.48,PNA,PNA09324,8.8097E+12,Cica Serum Cushion 31N Honey Beige 15g,"$1,377.60 "
4500181199,04/18/2025,2025,Q2,04,05/21/2025,CA,1710,00110,120,Each,11.48,PNA,PNA09306,8.8097E+12,Cica Serum Cushion 33C Cool Cream 15g,"$1,377.60 "
4500181199,04/18/2025,2025,Q2,04,05/21/2025,CA,1710,00120,120,Each,11.48,PNA,PNA09325,8.8097E+12,Cica Serum Cushion 33N Moca Cream 15g,"$1,377.60 "
4500181199,04/18/2025,2025,Q2,04,05/21/2025,CA,1710,00130,120,Each,11.48,PNA,PNA09326,8.8097E+12,Cica Serum Cushion 33W Warm Cream 15g,"$1,377.60 "
4500181199,04/18/2025,2025,Q2,04,05/21/2025,CA,1710,00140,120,Each,11.48,PNA,PNA09327,8.8097E+12,Cica Serum Cushion 34N Neutral Tan 15g,"$1,377.60 "
4500181199,04/18/2025,2025,Q2,04,05/21/2025,CA,1710,00150,120,Each,11.48,PNA,PNA09328,8.8097E+12,Cica Serum Cushion 34W Tan 15g,"$1,377.60 "
4500181199,04/18/2025,2025,Q2,04,05/21/2025,CA,1710,00160,120,Each,11.48,PNA,PNA09329,8.8097E+12,Cica Serum Cushion 35N Caramel 15g,"$1,377.60 "
4500181199,04/18/2025,2025,Q2,04,05/21/2025,CA,1710,00170,120,Each,9.19,PNA,PNA07126,8.8097E+12,Glacial Bio Water No Sebum Cushion 10g,"$1,102.80 "
4500181199,04/18/2025,2025,Q2,04,05/21/2025,CA,1710,00180,120,Each,8.8,PNA,PNA07115,8.8097E+12,Cicamanu Serum Mist 1.69 fl oz (50 ml),"$1,056.00 "
4500181199,04/18/2025,2025,Q2,04,05/21/2025,CA,1710,00190,125,Each,9.57,PNA,PNA07174,8.8097E+12,Cicamanu 92 Serum 1.01 fl oz (30 ml),"$1,196.25 "
4500181247,04/18/2025,2025,Q2,04,05/19/2025,CA,1710,00010,10,Each,10.4,DMX,DMX48243,8.80989E+12,DMX Melting Cleanser 150 ml,$104.00 
4500181247,04/18/2025,2025,Q2,04,05/19/2025,CA,1710,00020,12,Each,15,DMX,DMX48235,8.80989E+12,Cicapyrin Calming Ampoule 30ml,$180.00 
4500181247,04/18/2025,2025,Q2,04,05/19/2025,CA,1710,00030,10,Each,5.19,APB,APB68331,8.80987E+12,Glut Niacin Sheet Mask 10 Pack 25ml,$51.90 
4500181247,04/18/2025,2025,Q2,04,05/19/2025,CA,1710,00040,20,Each,7.53,DMX,DMX48186,8.80989E+12,Bond Clin I Prot Bond Rem Shampoo 400ml,$150.60 
4500181247,04/18/2025,2025,Q2,04,05/19/2025,CA,1710,00050,30,Each,15.07,DMX,DMX48184,8.80989E+12,TX Ret Double Effect Eye Cream 40g,$452.10 
4500181247,04/18/2025,2025,Q2,04,05/19/2025,CA,1710,00060,20,Each,13.67,SRI,SRI99710,8.80908E+12,Deep In A Barrier Cream 50ml,$273.40 
4500181247,04/18/2025,2025,Q2,04,05/19/2025,CA,1710,00070,12,Each,4.66,APB,APB68398,8.80987E+12,Glutathione Niacinamide Clean Oil 105ml,$55.92 
4500181247,04/18/2025,2025,Q2,04,05/19/2025,CA,1710,00080,14,Each,17.69,DMX,DMX48164,8.80989E+12,ECM Neck Barrier Cream 1.69 fl oz,$247.66 
4500181247,04/18/2025,2025,Q2,04,05/19/2025,CA,1710,00090,15,Each,10.4,MUZ,MUZ58047,8.80984E+12,Objct Mat Lip Tnt 007 Rare.20 floz,$156.00 
4500181247,04/18/2025,2025,Q2,04,05/19/2025,CA,1710,00100,12,Each,10.46,NRP,NRP48620,8.80617E+12,Real Sqze Ale Vera Hydro Eye Ptch 60ea,$125.52 
4500181247,04/18/2025,2025,Q2,04,05/19/2025,CA,1710,00110,50,Each,2.39,NRP,NRP48296,8.80617E+12,Aloe Vera Cleansing Tissue 80 Shts,$119.50 
4500181247,04/18/2025,2025,Q2,04,05/19/2025,CA,1710,00120,12,Each,3.46,NRP,NRP47553,8.80617E+12,Body Peel Mist Cotton Scnt 10.14 floz,$41.52 
4500181247,04/18/2025,2025,Q2,04,05/19/2025,CA,1710,00130,12,Each,4.45,NRP,NRP47490,8.80617E+12,Jeju Sparkling Mud Foam Cleanser 150ml,$53.40 
4500181247,04/18/2025,2025,Q2,04,05/19/2025,CA,1710,00140,15,Each,10.4,MUZ,MUZ58051,8.80984E+12,Fitting Blush 01 Odd 5 g,$156.00 
4500181247,04/18/2025,2025,Q2,04,05/19/2025,CA,1710,00150,18,Each,24.4,MUZ,MUZ58081,8.80984E+12,Sleek Matt Cushion N19 30 g,$439.20 
4500181247,04/18/2025,2025,Q2,04,05/19/2025,CA,1710,00160,18,Each,24.4,MUZ,MUZ58084,8.80984E+12,Sleek Matt Cushion N25 30 g,$439.20 
4500181247,04/18/2025,2025,Q2,04,05/19/2025,CA,1710,00170,80,Each,0.45,NRP,NRP44938,8.80617E+12,REAL NATURE TOMATO MASK SHEET 23ml,$36.00 
4500181247,04/18/2025,2025,Q2,04,05/19/2025,CA,1710,00180,60,Each,3.27,NRP,NRP45742,8.80617E+12,Jeju Spark Cleans Tissue 50 Sheets 205g,$196.20 
4500181247,04/18/2025,2025,Q2,04,05/19/2025,CA,1710,00190,64,Each,5.42,NRP,NRP46216,8.80617E+12,Niacinamide Luminous Skin Ampoule 30 ml,$346.88 
4500181247,04/18/2025,2025,Q2,04,05/19/2025,CA,1710,00200,64,Each,6.53,NRP,NRP46867,8.80617E+12,Argan Essential Deep Care Shampoo 300ml,$417.92 
4500181247,04/18/2025,2025,Q2,04,05/19/2025,CA,1710,00210,24,Each,6.1,NRP,NRP47192,8.80617E+12,Calendula Forest GardnDpClnsngOil 200ml,$146.40 
4500181247,04/18/2025,2025,Q2,04,05/19/2025,CA,1710,00220,36,Each,6.29,NRP,NRP47193,8.80617E+12,Chamomile Forest Garden DpClnsOil 200ml,$226.44 
4500181247,04/18/2025,2025,Q2,04,05/19/2025,CA,1710,00230,12,Each,18.8,DMX,DMX48110,8.80989E+12,BP Pore Ampoule 30 ml,$225.60 
4500181247,04/18/2025,2025,Q2,04,05/19/2025,CA,1710,00240,12,Each,16,DMX,DMX48087,8.80989E+12,BP Pore Barrier Cream 1.76 oz (50 g),$192.00 
4500181247,04/18/2025,2025,Q2,04,05/19/2025,CA,1710,00250,10,Each,7.53,DMX,DMX48134,8.80989E+12,Exosome Repair Toner 300 ml,$75.30 
4500181247,04/18/2025,2025,Q2,04,05/19/2025,CA,1710,00260,24,Each,10.5,DMX,DMX48039,8.80989E+12,BP Exfoliating Pad 70 Pads 165ml,$252.00 
4500181247,04/18/2025,2025,Q2,04,05/19/2025,CA,1710,00270,12,Each,17.85,DMX,DMX48150,8.80989E+12,Extra Whitening Ampoule 30 ml,$214.20 
4500181248,04/18/2025,2025,Q2,04,05/23/2025,KY,1712,00010,40,Each,0.45,NRP,NRP44946,8.80617E+12,REAL NATURE ROSE MASK SHEET 23ml,$18.00 
4500181248,04/18/2025,2025,Q2,04,05/23/2025,KY,1712,00020,40,Each,0.45,NRP,NRP44938,8.80617E+12,REAL NATURE TOMATO MASK SHEET 23ml,$18.00 
4500181248,04/18/2025,2025,Q2,04,05/23/2025,KY,1712,00030,12,Each,18.8,DMX,DMX48110,8.80989E+12,BP Pore Ampoule 30 ml,$225.60 
4500181248,04/18/2025,2025,Q2,04,05/23/2025,KY,1712,00040,120,Each,0.45,NRP,NRP44935,8.80617E+12,REAL NATURE ROYAL JELLY MASK SHEET 23ml,$54.00 
4500181248,04/18/2025,2025,Q2,04,05/23/2025,KY,1712,00050,144,Each,1.71,NRP,NRP43830,8.80617E+12,Frsh Herb Snail Cleans Foam 5.74 floz,$246.24 
4500181248,04/18/2025,2025,Q2,04,05/23/2025,KY,1712,00060,144,Each,1.71,NRP,NRP43829,8.80617E+12,Frsh Herb Aloe Cleans Foam 5.74 floz,$246.24 
4500181248,04/18/2025,2025,Q2,04,05/23/2025,KY,1712,00070,60,Each,2.96,NRP,NRP42355,8.80617E+12,BAMBOO CHARCOAL MUD PACK 150g,$177.60 
4500181248,04/18/2025,2025,Q2,04,05/23/2025,KY,1712,00080,14,Each,18.46,DMX,DMX48115,8.80989E+12,EX Volume Firm Calcium Int Cream 50ml,$258.44 
4500181248,04/18/2025,2025,Q2,04,05/23/2025,KY,1712,00090,15,Each,10.4,MUZ,MUZ58051,8.80984E+12,Fitting Blush 01 Odd 5 g,$156.00 
4500181248,04/18/2025,2025,Q2,04,05/23/2025,KY,1712,00100,10,Each,7.53,DMX,DMX48134,8.80989E+12,Exosome Repair Toner 300 ml,$75.30 
4500181248,04/18/2025,2025,Q2,04,05/23/2025,KY,1712,00110,12,Each,12.34,DMX,DMX48135,8.80989E+12,Papaya Powder Wash 1.7 oz (50 g),$148.08 
4500181248,04/18/2025,2025,Q2,04,05/23/2025,KY,1712,00120,8,Each,14,DMX,DMX48149,8.80989E+12,Anti-Freckles Whiten Capsule Cream 50g,$112.00 
4500181248,04/18/2025,2025,Q2,04,05/23/2025,KY,1712,00130,14,Each,17.69,DMX,DMX48164,8.80989E+12,ECM Neck Barrier Cream 1.69 fl oz,$247.66 
4500181248,04/18/2025,2025,Q2,04,05/23/2025,KY,1712,00140,24,Each,4.66,APB,APB68401,8.80987E+12,Glutath Niacin Toner Pad 60 Pads 100ml,$111.84 
4500181248,04/18/2025,2025,Q2,04,05/23/2025,KY,1712,00150,48,Each,4.66,APB,APB68398,8.80987E+12,Glutathione Niacinamide Clean Oil 105ml,$223.68 
4500181248,04/18/2025,2025,Q2,04,05/23/2025,KY,1712,00160,12,Each,17.85,DMX,DMX48150,8.80989E+12,Extra Whitening Ampoule 30 ml,$214.20 
4500181248,04/18/2025,2025,Q2,04,05/23/2025,KY,1712,00170,6,Each,6.85,DMX,DMX48169,8.80989E+12,BP-Pore Clear Mask Pack 25g 5 Each,$41.10 
4500181248,04/18/2025,2025,Q2,04,05/23/2025,KY,1712,00180,6,Each,7,DMX,DMX48153,8.80989E+12,Astax Whiten Amp Mask Pack 25g 5 Ea,$42.00 
4500181248,04/18/2025,2025,Q2,04,05/23/2025,KY,1712,00190,60,Each,15.07,DMX,DMX48184,8.80989E+12,TX Ret Double Effect Eye Cream 40g,$904.20 
4500181248,04/18/2025,2025,Q2,04,05/23/2025,KY,1712,00200,20,Each,10.49,DMX,DMX48185,8.80989E+12,Bond Clin Prot Bond Remod Clinic 250ml,$209.80 
4500181248,04/18/2025,2025,Q2,04,05/23/2025,KY,1712,00210,20,Each,5.58,DMX,DMX48157,8.80989E+12,Exosome Repair Mask Pack 30 g x 5 Ea,$111.60 
4500181248,04/18/2025,2025,Q2,04,05/23/2025,KY,1712,00220,8,Each,9.6,DMX,DMX48160,8.80989E+12,Aqua Ion Plas Hydrating Gel Cream 50ml,$76.80 
4500181248,04/18/2025,2025,Q2,04,05/23/2025,KY,1712,00230,7,Each,12,DMX,DMX48161,8.80989E+12,Aqua Ion Plas Water Glow Ampoule 50ml,$84.00 
4500181248,04/18/2025,2025,Q2,04,05/23/2025,KY,1712,00240,60,Each,5.01,APB,APB68276,8.80987E+12,Glutath Niacinamide Sunscreen 40ml,$300.60 
4500181248,04/18/2025,2025,Q2,04,05/23/2025,KY,1712,00250,144,Each,15,DMX,DMX48235,8.80989E+12,Cicapyrin Calming Ampoule 30ml,"$2,160.00 "
4500181248,04/18/2025,2025,Q2,04,05/23/2025,KY,1712,00260,8,Each,13.2,DMX,DMX48237,8.80989E+12,Peel Sht Exfol Blck Rce Ampoule 2.7floz,$105.60 
4500181248,04/18/2025,2025,Q2,04,05/23/2025,KY,1712,00270,448,Each,5.01,APB,APB68274,8.80987E+12,Glutath Niacinamide Body Lotion 300ml,"$2,244.48 "
4500181248,04/18/2025,2025,Q2,04,05/23/2025,KY,1712,00280,6,Each,7,DMX,DMX48162,8.80989E+12,Aqua Ion Plas Hydrat Wtr Msk 25g 5 Ea,$42.00 
4500181248,04/18/2025,2025,Q2,04,05/23/2025,KY,1712,00290,80,Each,5.01,APB,APB68273,8.80987E+12,Glutath Niacinamide Body Wash 300ml,$400.80 
4500181248,04/18/2025,2025,Q2,04,05/23/2025,KY,1712,00300,9,Each,17.2,DMX,DMX48245,8.80989E+12,Facephalt Tightening Cream 50ml,$154.80 
4500181248,04/18/2025,2025,Q2,04,05/23/2025,KY,1712,00310,40,Each,5.01,APB,APB68270,8.80987E+12,Glutath Niacinamide Facial Toner 160ml,$200.40 
4500181248,04/18/2025,2025,Q2,04,05/23/2025,KY,1712,00320,18,Each,8.25,NRP,NRP48845,8.80617E+12,Aqua Super Aqua Max Watery Essence 50ml,$148.50 
4500181248,04/18/2025,2025,Q2,04,05/23/2025,KY,1712,00330,30,Each,2.39,NRP,NRP48296,8.80617E+12,Aloe Vera Cleansing Tissue 80 Shts,$71.70 
4500181248,04/18/2025,2025,Q2,04,05/23/2025,KY,1712,00340,60,Each,3.46,NRP,NRP47553,8.80617E+12,Body Peel Mist Cotton Scnt 10.14 floz,$207.60 
4500181248,04/18/2025,2025,Q2,04,05/23/2025,KY,1712,00350,36,Each,4.48,NRP,NRP47492,8.80617E+12,Jeju Spark Enrich Facial Clnsr 300ml,$161.28 
4500181248,04/18/2025,2025,Q2,04,05/23/2025,KY,1712,00360,36,Each,4.45,NRP,NRP47490,8.80617E+12,Jeju Sparkling Mud Foam Cleanser 150ml,$160.20 
4500181248,04/18/2025,2025,Q2,04,05/23/2025,KY,1712,00370,12,Each,8.28,NRP,NRP47346,8.80617E+12,Shea Butter Moist Steam Crm 3.38 floz,$99.36 
4500181248,04/18/2025,2025,Q2,04,05/23/2025,KY,1712,00380,60,Each,6.29,NRP,NRP47193,8.80617E+12,Chamomile Forest Garden DpClnsOil 200ml,$377.40 
4500181248,04/18/2025,2025,Q2,04,05/23/2025,KY,1712,00390,42,Each,6.1,NRP,NRP47192,8.80617E+12,Calendula Forest GardnDpClnsngOil 200ml,$256.20 
4500181248,04/18/2025,2025,Q2,04,05/23/2025,KY,1712,00400,48,Each,10.5,DMX,DMX48039,8.80989E+12,BP Exfoliating Pad 70 Pads 165ml,$504.00 
4500181248,04/18/2025,2025,Q2,04,05/23/2025,KY,1712,00410,88,Each,4.42,NRP,NRP46865,8.80617E+12,Argan Essential Moist Hair Mist 220ml,$388.96 
4500181248,04/18/2025,2025,Q2,04,05/23/2025,KY,1712,00420,112,Each,5.42,NRP,NRP46216,8.80617E+12,Niacinamide Luminous Skin Ampoule 30 ml,$607.04 
4500181248,04/18/2025,2025,Q2,04,05/23/2025,KY,1712,00430,12,Each,16,DMX,DMX48087,8.80989E+12,BP Pore Barrier Cream 1.76 oz (50 g),$192.00 
4500181248,04/18/2025,2025,Q2,04,05/23/2025,KY,1712,00440,60,Each,3.27,NRP,NRP45742,8.80617E+12,Jeju Spark Cleans Tissue 50 Sheets 205g,$196.20 
4500181249,04/18/2025,2025,Q2,04,05/19/2025,CA,1710,00010,30,Each,8.33,LFT,LFT68101,8.80592E+12,Lacto Fit Core 120 g,$249.90 
4500181249,04/18/2025,2025,Q2,04,05/19/2025,CA,1710,00020,120,Each,7.99,LFT,LFT67921,8.80592E+12,Lacto Fit Gold 100 g,$958.80 
4500181250,04/18/2025,2025,Q2,04,05/23/2025,KY,1712,00010,30,Each,10.51,LFT,LFT69271,8.80592E+12,Lacto Fit Glucose Control 120 g,$315.30 
4500182093,04/24/2025,2025,Q2,04,05/27/2025,CA,1710,00010,120,Each,5.01,APB,APB68267,8.80987E+12,Glutath Niacinamide Ampoule Serum 40ml,$601.20 
4500182093,04/24/2025,2025,Q2,04,05/27/2025,CA,1710,00020,12,Each,15.4,DMX,DMX48086,8.80989E+12,TX Ampoule Rx 1.01 fl oz (30 ml),$184.80 
4500182093,04/24/2025,2025,Q2,04,05/27/2025,CA,1710,00030,12,Each,15.07,DMX,DMX48109,8.80989E+12,Exosome Repair Cream 50 ml,$180.84 
4500182093,04/24/2025,2025,Q2,04,05/27/2025,CA,1710,00040,8,Each,14,DMX,DMX48149,8.80989E+12,Anti-Freckles Whiten Capsule Cream 50g,$112.00 
4500182093,04/24/2025,2025,Q2,04,05/27/2025,CA,1710,00050,6,Each,7,DMX,DMX48153,8.80989E+12,Astax Whiten Amp Mask Pack 25g 5 Ea,$42.00 
4500182093,04/24/2025,2025,Q2,04,05/27/2025,CA,1710,00060,8,Each,9.6,DMX,DMX48160,8.80989E+12,Aqua Ion Plas Hydrating Gel Cream 50ml,$76.80 
4500182093,04/24/2025,2025,Q2,04,05/27/2025,CA,1710,00070,6,Each,7,DMX,DMX48162,8.80989E+12,Aqua Ion Plas Hydrat Wtr Msk 25g 5 Ea,$42.00 
4500182093,04/24/2025,2025,Q2,04,05/27/2025,CA,1710,00080,6,Each,6.85,DMX,DMX48169,8.80989E+12,BP-Pore Clear Mask Pack 25g 5 Each,$41.10 
4500182093,04/24/2025,2025,Q2,04,05/27/2025,CA,1710,00090,13,Each,17.69,DMX,DMX48170,8.80989E+12,Exosome Repair Ampoule Plus 40 ml,$229.97 
4500182093,04/24/2025,2025,Q2,04,05/27/2025,CA,1710,00100,30,Each,25.78,DMX,DMX48193,8.80989E+12,Eyephalt Eyecream For Eyebags 10ml,$773.40 
4500182093,04/24/2025,2025,Q2,04,05/27/2025,CA,1710,00110,8,Each,13.2,DMX,DMX48236,8.80989E+12,Peel Shot Exfoliant Rice Ampoule 80ml,$105.60 
4500182093,04/24/2025,2025,Q2,04,05/27/2025,CA,1710,00120,8,Each,13.2,DMX,DMX48237,8.80989E+12,Peel Sht Exfol Blck Rce Ampoule 2.7floz,$105.60 
4500182093,04/24/2025,2025,Q2,04,05/27/2025,CA,1710,00130,10,Each,5.19,APB,APB68331,8.80987E+12,Glut Niacin Sheet Mask 10 Pack 25ml,$51.90 
4500182094,04/24/2025,2025,Q2,04,05/29/2025,KY,1712,00010,12,Each,15.4,DMX,DMX48086,8.80989E+12,TX Ampoule Rx 1.01 fl oz (30 ml),$184.80 
4500182094,04/24/2025,2025,Q2,04,05/29/2025,KY,1712,00020,240,Each,5.01,APB,APB68268,8.80987E+12,Glutath Niacinamide Facial Cream 55ml,"$1,202.40 "
4500182094,04/24/2025,2025,Q2,04,05/29/2025,KY,1712,00030,200,Each,5.01,APB,APB68270,8.80987E+12,Glutath Niacinamide Facial Toner 160ml,"$1,002.00 "
4500182094,04/24/2025,2025,Q2,04,05/29/2025,KY,1712,00040,160,Each,5.01,APB,APB68273,8.80987E+12,Glutath Niacinamide Body Wash 300ml,$801.60 
4500182094,04/24/2025,2025,Q2,04,05/29/2025,KY,1712,00050,20,Each,5.01,APB,APB68275,8.80987E+12,Glutath Niacinamide Eye Cream 20ml,$100.20 
4500182094,04/24/2025,2025,Q2,04,05/29/2025,KY,1712,00060,100,Each,5.01,APB,APB68276,8.80987E+12,Glutath Niacinamide Sunscreen 40ml,$501.00 
4500182094,04/24/2025,2025,Q2,04,05/29/2025,KY,1712,00070,8,Each,5.16,NRP,NRP49010,8.80617E+12,Mild and Mst Aloe Vera Water Gel 250ml,$41.28 
4500182094,04/24/2025,2025,Q2,04,05/29/2025,KY,1712,00080,16,Each,10.46,NRP,NRP45415,8.80617E+12,Fresh Powdery Sun Stick SPF50 0.71 oz,$167.36 
4500182095,04/24/2025,2025,Q2,04,05/27/2025,CA,1710,00010,180,Each,12.99,LFT,LFT68201,8.80592E+12,Lacto Fit Slim 120 g,"$2,338.20 "
4500182095,04/24/2025,2025,Q2,04,05/27/2025,CA,1710,00020,240,Each,8.33,LFT,LFT68101,8.80592E+12,Lacto Fit Core 120 g,"$1,999.20 "
4500182095,04/24/2025,2025,Q2,04,05/27/2025,CA,1710,00030,180,Each,7.99,LFT,LFT67921,8.80592E+12,Lacto Fit Gold 100 g,"$1,438.20 "
4500182095,04/24/2025,2025,Q2,04,05/27/2025,CA,1710,00040,30,Each,10.15,LFT,LFT67871,8.80592E+12,Lacto Fit Kids 120 g,$304.50 
4500182095,04/24/2025,2025,Q2,04,05/27/2025,CA,1710,00050,100,Each,3.24,HBF,HBF94451,8.80962E+12,HBAF Baked Corn Almond 120 g,$324.00 
4500182095,04/24/2025,2025,Q2,04,05/27/2025,CA,1710,00060,120,Each,3.24,HBF,HBF94449,8.80962E+12,HBAF Honey Butter Almond 120 g,$388.80 
4500182096,04/24/2025,2025,Q2,04,05/29/2025,KY,1712,00010,30,Each,9.53,LFT,LFT69431,8.80592E+12,Lacto Fit Liver Support 120 g,$285.90 
4500182096,04/24/2025,2025,Q2,04,05/29/2025,KY,1712,00020,20,Each,3.24,HBF,HBF94450,8.80962E+12,HBAF Wasabi Almond 120 g,$64.80 
4500182096,04/24/2025,2025,Q2,04,05/29/2025,KY,1712,00030,200,Each,3.24,HBF,HBF94449,8.80962E+12,HBAF Honey Butter Almond 120 g,$648.00 
4500182209,04/25/2025,2025,Q2,04,06/02/2025,KY,1712,00010,336,Each,4.66,APB,APB68425,8.80987E+12,Adenosine Vitamin C Facial Cream 55ml,"$1,565.76 "
4500182209,04/25/2025,2025,Q2,04,06/02/2025,KY,1712,00020,280,Each,4.66,APB,APB68414,8.80987E+12,Amino Acid Peptide Ampoule Serum 40ml,"$1,304.80 "
4500182209,04/25/2025,2025,Q2,04,06/02/2025,KY,1712,00030,336,Each,4.66,APB,APB68430,8.80987E+12,Amino Acid Peptide Facial Cream 55ml,"$1,565.76 "
4500182209,04/25/2025,2025,Q2,04,06/02/2025,KY,1712,00040,280,Each,4.66,APB,APB68416,8.80987E+12,Ascorbyl Gluco Pep Ampoule Serum 40ml,"$1,304.80 "
4500182209,04/25/2025,2025,Q2,04,06/02/2025,KY,1712,00050,336,Each,4.66,APB,APB68432,8.80987E+12,Ascorbyl Gluco Pep Facial Cream 55ml,"$1,565.76 "
4500182209,04/25/2025,2025,Q2,04,06/02/2025,KY,1712,00060,280,Each,4.66,APB,APB68402,8.80987E+12,Azelaic Acid Pep Ampoule Serum 40ml,"$1,304.80 "
4500182209,04/25/2025,2025,Q2,04,06/02/2025,KY,1712,00070,336,Each,4.66,APB,APB68418,8.80987E+12,Azelaic Acid Peptide Facial Cream 55ml,"$1,565.76 "
4500182209,04/25/2025,2025,Q2,04,06/02/2025,KY,1712,00080,280,Each,4.66,APB,APB68537,8.80987E+12,Exosome Niacinamide EX Serum 40ml,"$1,304.80 "
4500182209,04/25/2025,2025,Q2,04,06/02/2025,KY,1712,00090,336,Each,4.66,APB,APB68545,8.80987E+12,Exsome Niacinamide EX Cream 55ml,"$1,565.76 "
4500182209,04/25/2025,2025,Q2,04,06/02/2025,KY,1712,00100,280,Each,4.66,APB,APB68538,8.80987E+12,Exosome Retinol EX Serum 40ml,"$1,304.80 "
4500182209,04/25/2025,2025,Q2,04,06/02/2025,KY,1712,00110,336,Each,4.66,APB,APB68546,8.80987E+12,Exsome Retinol EX Cream 55ml,"$1,565.76 "
4500182209,04/25/2025,2025,Q2,04,06/02/2025,KY,1712,00120,280,Each,4.66,APB,APB68539,8.80987E+12,Exosome Vitamin C EX Serum 40ml,"$1,304.80 "
4500182209,04/25/2025,2025,Q2,04,06/02/2025,KY,1712,00130,336,Each,4.66,APB,APB68547,8.80987E+12,Exsome Vitamin C EX Cream 55ml,"$1,565.76 "
4500182209,04/25/2025,2025,Q2,04,06/02/2025,KY,1712,00140,280,Each,4.66,APB,APB68540,8.80987E+12,Exosome Collagen EX Serum 40ml,"$1,304.80 "
4500182209,04/25/2025,2025,Q2,04,06/02/2025,KY,1712,00150,336,Each,4.66,APB,APB68548,8.80987E+12,Exsome Coll EX Crm Facial Cream 55ml,"$1,565.76 "
4500182209,04/25/2025,2025,Q2,04,06/02/2025,KY,1712,00160,280,Each,4.66,APB,APB68406,8.80987E+12,Urea Hyaluronic Acid Ampoule Serum 40ml,"$1,304.80 "
4500182209,04/25/2025,2025,Q2,04,06/02/2025,KY,1712,00170,336,Each,4.66,APB,APB68422,8.80987E+12,Urea Hyaluronic Acid Facial Cream 55ml,"$1,565.76 "
4500182209,04/25/2025,2025,Q2,04,06/02/2025,KY,1712,00180,280,Each,4.66,APB,APB68403,8.80987E+12,Lactic Acid Retinol Ampoule Serum 40ml,"$1,304.80 "
4500182209,04/25/2025,2025,Q2,04,06/02/2025,KY,1712,00190,336,Each,4.66,APB,APB68419,8.80987E+12,Lactic Acid Retinol Facial Cream 55ml,"$1,565.76 "
4500182209,04/25/2025,2025,Q2,04,06/02/2025,KY,1712,00200,280,Each,4.66,APB,APB68410,8.80987E+12,Zinc Niacinamide Ampoule Serum 40ml,"$1,304.80 "
4500182209,04/25/2025,2025,Q2,04,06/02/2025,KY,1712,00210,336,Each,4.66,APB,APB68426,8.80987E+12,Zinc Niacinamide Facial Cream 55ml,"$1,565.76 "
4500182209,04/25/2025,2025,Q2,04,06/02/2025,KY,1712,00220,280,Each,4.66,APB,APB68470,8.80987E+12,Caffeine Niacin Ampoule Serum 40ml,"$1,304.80 "
4500182209,04/25/2025,2025,Q2,04,06/02/2025,KY,1712,00230,336,Each,4.66,APB,APB68471,8.80987E+12,Caffeine Niacinamide Facial Cream 55ml,"$1,565.76 "
4500182209,04/25/2025,2025,Q2,04,06/02/2025,KY,1712,00240,280,Each,4.66,APB,APB68415,8.80987E+12,Coenzyme Q10 Ret Ampoule Serum 40ml,"$1,304.80 "
4500182209,04/25/2025,2025,Q2,04,06/02/2025,KY,1712,00250,336,Each,4.66,APB,APB68431,8.80987E+12,Coenzyme Q10 Retinol Facial Cream 55ml,"$1,565.76 "
4500182209,04/25/2025,2025,Q2,04,06/02/2025,KY,1712,00260,280,Each,4.66,APB,APB68413,8.80987E+12,Kojic Acid Vit C Ampoule Serum 40ml,"$1,304.80 "
4500182209,04/25/2025,2025,Q2,04,06/02/2025,KY,1712,00270,336,Each,4.66,APB,APB68429,8.80987E+12,Kojic Acid Vitamin C Facial Cream 55ml,"$1,565.76 "
4500182209,04/25/2025,2025,Q2,04,06/02/2025,KY,1712,00280,224,Each,4.66,APB,APB68516,8.80987E+12,Collagen EGF Peptide Body Lotion 300ml,"$1,043.84 "
4500182209,04/25/2025,2025,Q2,04,06/02/2025,KY,1712,00290,195,Each,5.19,APB,APB68522,8.80987E+12,Coll EGF Pep Sht Msk 10 Msks 25ml Ea,"$1,012.05 "
4500182209,04/25/2025,2025,Q2,04,06/02/2025,KY,1712,00300,224,Each,4.66,APB,APB68517,8.80987E+12,Tranex Acid Niacin Body Lotion 300ml,"$1,043.84 "
4500182209,04/25/2025,2025,Q2,04,06/02/2025,KY,1712,00310,195,Each,5.19,APB,APB68523,8.80987E+12,Tranex Acd Niacin Sht Msk 10Msks 25mlEa,"$1,012.05 "
4500182209,04/25/2025,2025,Q2,04,06/02/2025,KY,1712,00320,280,Each,4.66,APB,APB68387,8.80987E+12,Tranex Acid Niacin Ampoule Serum 40ml,"$1,304.80 "
4500182209,04/25/2025,2025,Q2,04,06/02/2025,KY,1712,00330,336,Each,4.66,APB,APB68390,8.80987E+12,Tranex Acid Niacin Facial Cream 55ml,"$1,565.76 "
4500182209,04/25/2025,2025,Q2,04,06/02/2025,KY,1712,00340,280,Each,4.66,APB,APB68407,8.80987E+12,Panthenol Retinol Ampoule Serum 40ml,"$1,304.80 "
4500182209,04/25/2025,2025,Q2,04,06/02/2025,KY,1712,00350,336,Each,4.66,APB,APB68423,8.80987E+12,Panthenol Retinol Facial Cream 55ml,"$1,565.76 "
4500182209,04/25/2025,2025,Q2,04,06/02/2025,KY,1712,00360,280,Each,4.66,APB,APB68417,8.80987E+12,Ferulic Acid Vit C Ampoule Serum 40ml,"$1,304.80 "
4500182209,04/25/2025,2025,Q2,04,06/02/2025,KY,1712,00370,336,Each,4.66,APB,APB68433,8.80987E+12,Ferulic Acid Vit C Facial Cream 55ml,"$1,565.76 "
4500182209,04/25/2025,2025,Q2,04,06/02/2025,KY,1712,00380,280,Each,4.66,APB,APB68508,8.80987E+12,PDRN Vitamin C Ampoule Serum 40ml,"$1,304.80 "
4500182209,04/25/2025,2025,Q2,04,06/02/2025,KY,1712,00390,336,Each,4.66,APB,APB68506,8.80987E+12,PDRN Vitamin C Facial Cream 55ml,"$1,565.76 "
4500182209,04/25/2025,2025,Q2,04,06/02/2025,KY,1712,00400,280,Each,4.66,APB,APB68507,8.80987E+12,Glycolipids Peptide Ampoule Serum 40ml,"$1,304.80 "
4500182209,04/25/2025,2025,Q2,04,06/02/2025,KY,1712,00410,336,Each,4.66,APB,APB68505,8.80987E+12,Glycolipids Peptide Facial Cream 55ml,"$1,565.76 "
4500182209,04/25/2025,2025,Q2,04,06/02/2025,KY,1712,00420,280,Each,4.66,APB,APB68411,8.80987E+12,Glycerin Vitamin C Ampoule Serum 40ml,"$1,304.80 "
4500182209,04/25/2025,2025,Q2,04,06/02/2025,KY,1712,00430,336,Each,4.66,APB,APB68427,8.80987E+12,Glycerin Vitamin C Facial Cream 55ml,"$1,565.76 "
4500182209,04/25/2025,2025,Q2,04,06/02/2025,KY,1712,00440,280,Each,4.66,APB,APB68404,8.80987E+12,Glycolic Acid Niacin Ampoule Serum 40ml,"$1,304.80 "
4500182209,04/25/2025,2025,Q2,04,06/02/2025,KY,1712,00450,336,Each,4.66,APB,APB68420,8.80987E+12,Glycolic Acid Niacin Facial Cream 55ml,"$1,565.76 "
4500182209,04/25/2025,2025,Q2,04,06/02/2025,KY,1712,00460,224,Each,4.66,APB,APB68515,8.80987E+12,Retinol Vit C Vit E Body Lotion 300ml,"$1,043.84 "
4500182209,04/25/2025,2025,Q2,04,06/02/2025,KY,1712,00470,195,Each,5.19,APB,APB68521,8.80987E+12,Ret Vit C Vit E Sht Msk 10 Msks 25ml Ea,"$1,012.05 "
4500182209,04/25/2025,2025,Q2,04,06/02/2025,KY,1712,00480,280,Each,4.66,APB,APB68533,8.80987E+12,Liposomal Niacinamide LX Serum 40ml,"$1,304.80 "
4500182209,04/25/2025,2025,Q2,04,06/02/2025,KY,1712,00490,336,Each,4.66,APB,APB68541,8.80987E+12,Liposomal Niacinamide LX Cream 55ml,"$1,565.76 "
4500182209,04/25/2025,2025,Q2,04,06/02/2025,KY,1712,00500,280,Each,4.66,APB,APB68534,8.80987E+12,Liposomal Retinol LX Serum 40ml,"$1,304.80 "
4500182209,04/25/2025,2025,Q2,04,06/02/2025,KY,1712,00510,336,Each,4.66,APB,APB68542,8.80987E+12,Liposome Retinol LX Cream 55ml,"$1,565.76 "
4500182209,04/25/2025,2025,Q2,04,06/02/2025,KY,1712,00520,280,Each,4.66,APB,APB68535,8.80987E+12,Liposomal Vitamin C LX Serum 40ml,"$1,304.80 "
4500182209,04/25/2025,2025,Q2,04,06/02/2025,KY,1712,00530,336,Each,4.66,APB,APB68543,8.80987E+12,Liposome Vitamin C LX Cream 55ml,"$1,565.76 "
4500182209,04/25/2025,2025,Q2,04,06/02/2025,KY,1712,00540,280,Each,4.66,APB,APB68536,8.80987E+12,Liposomal Collagen LX Serum 40ml,"$1,304.80 "
4500182209,04/25/2025,2025,Q2,04,06/02/2025,KY,1712,00550,336,Each,4.66,APB,APB68544,8.80987E+12,Liposome Collagen LX Cream 55ml,"$1,565.76 "
4500182209,04/25/2025,2025,Q2,04,06/02/2025,KY,1712,00560,280,Each,4.66,APB,APB68405,8.80987E+12,Mandelic Acid Ret Ampoule Serum 40ml,"$1,304.80 "
4500182209,04/25/2025,2025,Q2,04,06/02/2025,KY,1712,00570,336,Each,4.66,APB,APB68421,8.80987E+12,Mandelic Acid Retinol Facial Cream 55ml,"$1,565.76 "
4500182209,04/25/2025,2025,Q2,04,06/02/2025,KY,1712,00580,280,Each,4.66,APB,APB68386,8.80987E+12,Bakuchiol Propolis Ampoule Serum 40ml,"$1,304.80 "
4500182209,04/25/2025,2025,Q2,04,06/02/2025,KY,1712,00590,336,Each,4.66,APB,APB68389,8.80987E+12,Bakuchiol Propolis Facial Cream 55ml,"$1,565.76 "
4500182209,04/25/2025,2025,Q2,04,06/02/2025,KY,1712,00600,280,Each,4.66,APB,APB68408,8.80987E+12,Bifida Niacinamide Ampoule Serum 40ml,"$1,304.80 "
4500182209,04/25/2025,2025,Q2,04,06/02/2025,KY,1712,00610,336,Each,4.66,APB,APB68424,8.80987E+12,Bifida Niacinamide Facial Cream 55ml,"$1,565.76 "
4500182209,04/25/2025,2025,Q2,04,06/02/2025,KY,1712,00620,280,Each,4.66,APB,APB68385,8.80987E+12,Snail Mucin Ginseng Ampoule Serum 40ml,"$1,304.80 "
4500182209,04/25/2025,2025,Q2,04,06/02/2025,KY,1712,00630,336,Each,4.66,APB,APB68388,8.80987E+12,Snail Mucin Ginseng Facial Cream 55ml,"$1,565.76 "
4500182209,04/25/2025,2025,Q2,04,06/02/2025,KY,1712,00640,280,Each,4.66,APB,APB68412,8.80987E+12,Squalane Hyal Acid Ampoule Serum 40ml,"$1,304.80 "
4500182209,04/25/2025,2025,Q2,04,06/02/2025,KY,1712,00650,336,Each,4.66,APB,APB68428,8.80987E+12,Squalane Hyal Acid Facial Cream 55ml,"$1,565.76 "
4500182209,04/25/2025,2025,Q2,04,06/02/2025,KY,1712,00660,280,Each,4.66,APB,APB68524,8.80987E+12,Spicule Niacin Shot 260 Serum 40ml,"$1,304.80 "
4500182209,04/25/2025,2025,Q2,04,06/02/2025,KY,1712,00670,336,Each,4.66,APB,APB68528,8.80987E+12,Spicule Niacin Shot 260 Cream 55ml,"$1,565.76 "
4500182209,04/25/2025,2025,Q2,04,06/02/2025,KY,1712,00680,280,Each,4.66,APB,APB68525,8.80987E+12,Spicule Collagen Shot 180 Serum 40ml,"$1,304.80 "
4500182209,04/25/2025,2025,Q2,04,06/02/2025,KY,1712,00690,336,Each,4.66,APB,APB68529,8.80987E+12,Spicule Retinol Shot 180 Cream 55ml,"$1,565.76 "
4500182209,04/25/2025,2025,Q2,04,06/02/2025,KY,1712,00700,280,Each,4.66,APB,APB68526,8.80987E+12,Spicule Vitamin c Shot 220 Serum 40ml,"$1,304.80 "
4500182209,04/25/2025,2025,Q2,04,06/02/2025,KY,1712,00710,336,Each,4.66,APB,APB68530,8.80987E+12,Spicule Vitamin C Shot 220 Cream 55ml,"$1,565.76 "
4500182209,04/25/2025,2025,Q2,04,06/02/2025,KY,1712,00720,280,Each,4.66,APB,APB68527,8.80987E+12,Spicule Collagen Shot 300 Serum 40ml,"$1,304.80 "
4500182209,04/25/2025,2025,Q2,04,06/02/2025,KY,1712,00730,336,Each,4.66,APB,APB68531,8.80987E+12,Spicule Collagen Shot 300 Cream 55ml,"$1,565.76 "
4500182209,04/25/2025,2025,Q2,04,06/02/2025,KY,1712,00740,280,Each,4.66,APB,APB68409,8.80987E+12,Adenosine Vitamin C Ampoule Serum 40ml,"$1,304.80 "
4500182210,04/25/2025,2025,Q2,04,05/28/2025,CA,1710,00010,144,Each,4.66,APB,APB68425,8.80987E+12,Adenosine Vitamin C Facial Cream 55ml,$671.04 
4500182210,04/25/2025,2025,Q2,04,05/28/2025,CA,1710,00020,120,Each,4.66,APB,APB68414,8.80987E+12,Amino Acid Peptide Ampoule Serum 40ml,$559.20 
4500182210,04/25/2025,2025,Q2,04,05/28/2025,CA,1710,00030,144,Each,4.66,APB,APB68430,8.80987E+12,Amino Acid Peptide Facial Cream 55ml,$671.04 
4500182210,04/25/2025,2025,Q2,04,05/28/2025,CA,1710,00040,120,Each,4.66,APB,APB68416,8.80987E+12,Ascorbyl Gluco Pep Ampoule Serum 40ml,$559.20 
4500182210,04/25/2025,2025,Q2,04,05/28/2025,CA,1710,00050,144,Each,4.66,APB,APB68432,8.80987E+12,Ascorbyl Gluco Pep Facial Cream 55ml,$671.04 
4500182210,04/25/2025,2025,Q2,04,05/28/2025,CA,1710,00060,120,Each,4.66,APB,APB68402,8.80987E+12,Azelaic Acid Pep Ampoule Serum 40ml,$559.20 
4500182210,04/25/2025,2025,Q2,04,05/28/2025,CA,1710,00070,144,Each,4.66,APB,APB68418,8.80987E+12,Azelaic Acid Peptide Facial Cream 55ml,$671.04 
4500182210,04/25/2025,2025,Q2,04,05/28/2025,CA,1710,00080,120,Each,4.66,APB,APB68537,8.80987E+12,Exosome Niacinamide EX Serum 40ml,$559.20 
4500182210,04/25/2025,2025,Q2,04,05/28/2025,CA,1710,00090,144,Each,4.66,APB,APB68545,8.80987E+12,Exsome Niacinamide EX Cream 55ml,$671.04 
4500182210,04/25/2025,2025,Q2,04,05/28/2025,CA,1710,00100,120,Each,4.66,APB,APB68538,8.80987E+12,Exosome Retinol EX Serum 40ml,$559.20 
4500182210,04/25/2025,2025,Q2,04,05/28/2025,CA,1710,00110,144,Each,4.66,APB,APB68546,8.80987E+12,Exsome Retinol EX Cream 55ml,$671.04 
4500182210,04/25/2025,2025,Q2,04,05/28/2025,CA,1710,00120,120,Each,4.66,APB,APB68539,8.80987E+12,Exosome Vitamin C EX Serum 40ml,$559.20 
4500182210,04/25/2025,2025,Q2,04,05/28/2025,CA,1710,00130,144,Each,4.66,APB,APB68547,8.80987E+12,Exsome Vitamin C EX Cream 55ml,$671.04 
4500182210,04/25/2025,2025,Q2,04,05/28/2025,CA,1710,00140,120,Each,4.66,APB,APB68540,8.80987E+12,Exosome Collagen EX Serum 40ml,$559.20 
4500182210,04/25/2025,2025,Q2,04,05/28/2025,CA,1710,00150,144,Each,4.66,APB,APB68548,8.80987E+12,Exsome Coll EX Crm Facial Cream 55ml,$671.04 
4500182210,04/25/2025,2025,Q2,04,05/28/2025,CA,1710,00160,120,Each,4.66,APB,APB68406,8.80987E+12,Urea Hyaluronic Acid Ampoule Serum 40ml,$559.20 
4500182210,04/25/2025,2025,Q2,04,05/28/2025,CA,1710,00170,144,Each,4.66,APB,APB68422,8.80987E+12,Urea Hyaluronic Acid Facial Cream 55ml,$671.04 
4500182210,04/25/2025,2025,Q2,04,05/28/2025,CA,1710,00180,120,Each,4.66,APB,APB68403,8.80987E+12,Lactic Acid Retinol Ampoule Serum 40ml,$559.20 
4500182210,04/25/2025,2025,Q2,04,05/28/2025,CA,1710,00190,144,Each,4.66,APB,APB68419,8.80987E+12,Lactic Acid Retinol Facial Cream 55ml,$671.04 
4500182210,04/25/2025,2025,Q2,04,05/28/2025,CA,1710,00200,120,Each,4.66,APB,APB68410,8.80987E+12,Zinc Niacinamide Ampoule Serum 40ml,$559.20 
4500182210,04/25/2025,2025,Q2,04,05/28/2025,CA,1710,00210,144,Each,4.66,APB,APB68426,8.80987E+12,Zinc Niacinamide Facial Cream 55ml,$671.04 
4500182210,04/25/2025,2025,Q2,04,05/28/2025,CA,1710,00220,120,Each,4.66,APB,APB68470,8.80987E+12,Caffeine Niacin Ampoule Serum 40ml,$559.20 
4500182210,04/25/2025,2025,Q2,04,05/28/2025,CA,1710,00230,144,Each,4.66,APB,APB68471,8.80987E+12,Caffeine Niacinamide Facial Cream 55ml,$671.04 
4500182210,04/25/2025,2025,Q2,04,05/28/2025,CA,1710,00240,120,Each,4.66,APB,APB68415,8.80987E+12,Coenzyme Q10 Ret Ampoule Serum 40ml,$559.20 
4500182210,04/25/2025,2025,Q2,04,05/28/2025,CA,1710,00250,144,Each,4.66,APB,APB68431,8.80987E+12,Coenzyme Q10 Retinol Facial Cream 55ml,$671.04 
4500182210,04/25/2025,2025,Q2,04,05/28/2025,CA,1710,00260,120,Each,4.66,APB,APB68413,8.80987E+12,Kojic Acid Vit C Ampoule Serum 40ml,$559.20 
4500182210,04/25/2025,2025,Q2,04,05/28/2025,CA,1710,00270,144,Each,4.66,APB,APB68429,8.80987E+12,Kojic Acid Vitamin C Facial Cream 55ml,$671.04 
4500182210,04/25/2025,2025,Q2,04,05/28/2025,CA,1710,00280,96,Each,4.66,APB,APB68516,8.80987E+12,Collagen EGF Peptide Body Lotion 300ml,$447.36 
4500182210,04/25/2025,2025,Q2,04,05/28/2025,CA,1710,00290,65,Each,5.19,APB,APB68522,8.80987E+12,Coll EGF Pep Sht Msk 10 Msks 25ml Ea,$337.35 
4500182210,04/25/2025,2025,Q2,04,05/28/2025,CA,1710,00300,96,Each,4.66,APB,APB68517,8.80987E+12,Tranex Acid Niacin Body Lotion 300ml,$447.36 
4500182210,04/25/2025,2025,Q2,04,05/28/2025,CA,1710,00310,65,Each,5.19,APB,APB68523,8.80987E+12,Tranex Acd Niacin Sht Msk 10Msks 25mlEa,$337.35 
4500182210,04/25/2025,2025,Q2,04,05/28/2025,CA,1710,00320,120,Each,4.66,APB,APB68387,8.80987E+12,Tranex Acid Niacin Ampoule Serum 40ml,$559.20 
4500182210,04/25/2025,2025,Q2,04,05/28/2025,CA,1710,00330,144,Each,4.66,APB,APB68390,8.80987E+12,Tranex Acid Niacin Facial Cream 55ml,$671.04 
4500182210,04/25/2025,2025,Q2,04,05/28/2025,CA,1710,00340,120,Each,4.66,APB,APB68407,8.80987E+12,Panthenol Retinol Ampoule Serum 40ml,$559.20 
4500182210,04/25/2025,2025,Q2,04,05/28/2025,CA,1710,00350,144,Each,4.66,APB,APB68423,8.80987E+12,Panthenol Retinol Facial Cream 55ml,$671.04 
4500182210,04/25/2025,2025,Q2,04,05/28/2025,CA,1710,00360,120,Each,4.66,APB,APB68417,8.80987E+12,Ferulic Acid Vit C Ampoule Serum 40ml,$559.20 
4500182210,04/25/2025,2025,Q2,04,05/28/2025,CA,1710,00370,144,Each,4.66,APB,APB68433,8.80987E+12,Ferulic Acid Vit C Facial Cream 55ml,$671.04 
4500182210,04/25/2025,2025,Q2,04,05/28/2025,CA,1710,00380,120,Each,4.66,APB,APB68508,8.80987E+12,PDRN Vitamin C Ampoule Serum 40ml,$559.20 
4500182210,04/25/2025,2025,Q2,04,05/28/2025,CA,1710,00390,144,Each,4.66,APB,APB68506,8.80987E+12,PDRN Vitamin C Facial Cream 55ml,$671.04 
4500182210,04/25/2025,2025,Q2,04,05/28/2025,CA,1710,00400,120,Each,4.66,APB,APB68507,8.80987E+12,Glycolipids Peptide Ampoule Serum 40ml,$559.20 
4500182210,04/25/2025,2025,Q2,04,05/28/2025,CA,1710,00410,144,Each,4.66,APB,APB68505,8.80987E+12,Glycolipids Peptide Facial Cream 55ml,$671.04 
4500182210,04/25/2025,2025,Q2,04,05/28/2025,CA,1710,00420,120,Each,4.66,APB,APB68411,8.80987E+12,Glycerin Vitamin C Ampoule Serum 40ml,$559.20 
4500182210,04/25/2025,2025,Q2,04,05/28/2025,CA,1710,00430,144,Each,4.66,APB,APB68427,8.80987E+12,Glycerin Vitamin C Facial Cream 55ml,$671.04 
4500182210,04/25/2025,2025,Q2,04,05/28/2025,CA,1710,00440,120,Each,4.66,APB,APB68404,8.80987E+12,Glycolic Acid Niacin Ampoule Serum 40ml,$559.20 
4500182210,04/25/2025,2025,Q2,04,05/28/2025,CA,1710,00450,144,Each,4.66,APB,APB68420,8.80987E+12,Glycolic Acid Niacin Facial Cream 55ml,$671.04 
4500182210,04/25/2025,2025,Q2,04,05/28/2025,CA,1710,00460,96,Each,4.66,APB,APB68515,8.80987E+12,Retinol Vit C Vit E Body Lotion 300ml,$447.36 
4500182210,04/25/2025,2025,Q2,04,05/28/2025,CA,1710,00470,65,Each,5.19,APB,APB68521,8.80987E+12,Ret Vit C Vit E Sht Msk 10 Msks 25ml Ea,$337.35 
4500182210,04/25/2025,2025,Q2,04,05/28/2025,CA,1710,00480,120,Each,4.66,APB,APB68533,8.80987E+12,Liposomal Niacinamide LX Serum 40ml,$559.20 
4500182210,04/25/2025,2025,Q2,04,05/28/2025,CA,1710,00490,144,Each,4.66,APB,APB68541,8.80987E+12,Liposomal Niacinamide LX Cream 55ml,$671.04 
4500182210,04/25/2025,2025,Q2,04,05/28/2025,CA,1710,00500,120,Each,4.66,APB,APB68534,8.80987E+12,Liposomal Retinol LX Serum 40ml,$559.20 
4500182210,04/25/2025,2025,Q2,04,05/28/2025,CA,1710,00510,144,Each,4.66,APB,APB68542,8.80987E+12,Liposome Retinol LX Cream 55ml,$671.04 
4500182210,04/25/2025,2025,Q2,04,05/28/2025,CA,1710,00520,120,Each,4.66,APB,APB68535,8.80987E+12,Liposomal Vitamin C LX Serum 40ml,$559.20 
4500182210,04/25/2025,2025,Q2,04,05/28/2025,CA,1710,00530,144,Each,4.66,APB,APB68543,8.80987E+12,Liposome Vitamin C LX Cream 55ml,$671.04 
4500182210,04/25/2025,2025,Q2,04,05/28/2025,CA,1710,00540,120,Each,4.66,APB,APB68536,8.80987E+12,Liposomal Collagen LX Serum 40ml,$559.20 
4500182210,04/25/2025,2025,Q2,04,05/28/2025,CA,1710,00550,144,Each,4.66,APB,APB68544,8.80987E+12,Liposome Collagen LX Cream 55ml,$671.04 
4500182210,04/25/2025,2025,Q2,04,05/28/2025,CA,1710,00560,120,Each,4.66,APB,APB68405,8.80987E+12,Mandelic Acid Ret Ampoule Serum 40ml,$559.20 
4500182210,04/25/2025,2025,Q2,04,05/28/2025,CA,1710,00570,144,Each,4.66,APB,APB68421,8.80987E+12,Mandelic Acid Retinol Facial Cream 55ml,$671.04 
4500182210,04/25/2025,2025,Q2,04,05/28/2025,CA,1710,00580,120,Each,4.66,APB,APB68386,8.80987E+12,Bakuchiol Propolis Ampoule Serum 40ml,$559.20 
4500182210,04/25/2025,2025,Q2,04,05/28/2025,CA,1710,00590,144,Each,4.66,APB,APB68389,8.80987E+12,Bakuchiol Propolis Facial Cream 55ml,$671.04 
4500182210,04/25/2025,2025,Q2,04,05/28/2025,CA,1710,00600,120,Each,4.66,APB,APB68408,8.80987E+12,Bifida Niacinamide Ampoule Serum 40ml,$559.20 
4500182210,04/25/2025,2025,Q2,04,05/28/2025,CA,1710,00610,144,Each,4.66,APB,APB68424,8.80987E+12,Bifida Niacinamide Facial Cream 55ml,$671.04 
4500182210,04/25/2025,2025,Q2,04,05/28/2025,CA,1710,00620,120,Each,4.66,APB,APB68385,8.80987E+12,Snail Mucin Ginseng Ampoule Serum 40ml,$559.20 
4500182210,04/25/2025,2025,Q2,04,05/28/2025,CA,1710,00630,144,Each,4.66,APB,APB68388,8.80987E+12,Snail Mucin Ginseng Facial Cream 55ml,$671.04 
4500182210,04/25/2025,2025,Q2,04,05/28/2025,CA,1710,00640,120,Each,4.66,APB,APB68412,8.80987E+12,Squalane Hyal Acid Ampoule Serum 40ml,$559.20 
4500182210,04/25/2025,2025,Q2,04,05/28/2025,CA,1710,00650,144,Each,4.66,APB,APB68428,8.80987E+12,Squalane Hyal Acid Facial Cream 55ml,$671.04 
4500182210,04/25/2025,2025,Q2,04,05/28/2025,CA,1710,00660,120,Each,4.66,APB,APB68524,8.80987E+12,Spicule Niacin Shot 260 Serum 40ml,$559.20 
4500182210,04/25/2025,2025,Q2,04,05/28/2025,CA,1710,00670,144,Each,4.66,APB,APB68528,8.80987E+12,Spicule Niacin Shot 260 Cream 55ml,$671.04 
4500182210,04/25/2025,2025,Q2,04,05/28/2025,CA,1710,00680,120,Each,4.66,APB,APB68525,8.80987E+12,Spicule Collagen Shot 180 Serum 40ml,$559.20 
4500182210,04/25/2025,2025,Q2,04,05/28/2025,CA,1710,00690,144,Each,4.66,APB,APB68529,8.80987E+12,Spicule Retinol Shot 180 Cream 55ml,$671.04 
4500182210,04/25/2025,2025,Q2,04,05/28/2025,CA,1710,00700,120,Each,4.66,APB,APB68526,8.80987E+12,Spicule Vitamin c Shot 220 Serum 40ml,$559.20 
4500182210,04/25/2025,2025,Q2,04,05/28/2025,CA,1710,00710,144,Each,4.66,APB,APB68530,8.80987E+12,Spicule Vitamin C Shot 220 Cream 55ml,$671.04 
4500182210,04/25/2025,2025,Q2,04,05/28/2025,CA,1710,00720,120,Each,4.66,APB,APB68527,8.80987E+12,Spicule Collagen Shot 300 Serum 40ml,$559.20 
4500182210,04/25/2025,2025,Q2,04,05/28/2025,CA,1710,00730,144,Each,4.66,APB,APB68531,8.80987E+12,Spicule Collagen Shot 300 Cream 55ml,$671.04 
4500182210,04/25/2025,2025,Q2,04,05/28/2025,CA,1710,00740,120,Each,4.66,APB,APB68409,8.80987E+12,Adenosine Vitamin C Ampoule Serum 40ml,$559.20 
4500183048,04/30/2025,2025,Q2,04,06/02/2025,CA,1710,00010,60,Each,11.74,GWU,GWU07137,8.8097E+12,Damage Therapy Shampoo EX 500g,$704.40 
4500183048,04/30/2025,2025,Q2,04,06/02/2025,CA,1710,00020,120,Each,9.93,GWU,GWU09353,8.8097E+12,Damage Therapy Hair Treatment EX 220g,"$1,191.60 "
4500183048,04/30/2025,2025,Q2,04,06/02/2025,CA,1710,00030,120,Each,8.75,GWU,GWU07028,8.8097E+12,Sea Salt Therapy Scalp Scaler 120g,"$1,050.00 "
4500183048,04/30/2025,2025,Q2,04,06/02/2025,CA,1710,00040,60,Each,11.74,GWU,GWU07390,8.8097E+12,Sea Salt Therapy Shampoo 500g,$704.40 
4500183049,04/30/2025,2025,Q2,04,06/02/2025,KY,1712,00010,120,Each,11.74,GWU,GWU07137,8.8097E+12,Damage Therapy Shampoo EX 500g,"$1,408.80 "
4500183049,04/30/2025,2025,Q2,04,06/02/2025,KY,1712,00020,60,Each,9.93,GWU,GWU09353,8.8097E+12,Damage Therapy Hair Treatment EX 220g,$595.80 
4500183049,04/30/2025,2025,Q2,04,06/02/2025,KY,1712,00030,60,Each,8.75,GWU,GWU07028,8.8097E+12,Sea Salt Therapy Scalp Scaler 120g,$525.00 
4500183049,04/30/2025,2025,Q2,04,06/02/2025,KY,1712,00040,120,Each,11.74,GWU,GWU07390,8.8097E+12,Sea Salt Therapy Shampoo 500g,"$1,408.80 "
4500184353,05/08/2025,2025,Q2,05,06/09/2025,CA,1710,00010,12,Each,4.66,APB,APB68400,8.80987E+12,Glutathione Niacinamide Cln Water 160ml,$55.92 
4500184353,05/08/2025,2025,Q2,05,06/09/2025,CA,1710,00020,48,Each,4.66,APB,APB68398,8.80987E+12,Glutathione Niacinamide Clean Oil 105ml,$223.68 
4500184353,05/08/2025,2025,Q2,05,06/09/2025,CA,1710,00030,120,Each,5.19,APB,APB68331,8.80987E+12,Glut Niacin Sheet Mask 10 Pack 25ml,$622.80 
4500184353,05/08/2025,2025,Q2,05,06/09/2025,CA,1710,00040,260,Each,5.01,APB,APB68276,8.80987E+12,Glutath Niacinamide Sunscreen 40ml,"$1,302.60 "
4500184353,05/08/2025,2025,Q2,05,06/09/2025,CA,1710,00050,140,Each,5.01,APB,APB68267,8.80987E+12,Glutath Niacinamide Ampoule Serum 40ml,$701.40 
4500184353,05/08/2025,2025,Q2,05,06/09/2025,CA,1710,00060,288,Each,5.01,APB,APB68268,8.80987E+12,Glutath Niacinamide Facial Cream 55ml,"$1,442.88 "
4500184353,05/08/2025,2025,Q2,05,06/09/2025,CA,1710,00070,80,Each,5.01,APB,APB68270,8.80987E+12,Glutath Niacinamide Facial Toner 160ml,$400.80 
4500184353,05/08/2025,2025,Q2,05,06/09/2025,CA,1710,00080,96,Each,5.01,APB,APB68271,8.80987E+12,Glutath Niacinamide Mist Essence 105ml,$480.96 
4500184353,05/08/2025,2025,Q2,05,06/09/2025,CA,1710,00090,84,Each,5.01,APB,APB68272,8.80987E+12,Glutath Niacinamide Fac Cleanser 80ml,$420.84 
4500184353,05/08/2025,2025,Q2,05,06/09/2025,CA,1710,00100,160,Each,5.01,APB,APB68273,8.80987E+12,Glutath Niacinamide Body Wash 300ml,$801.60 
4500184353,05/08/2025,2025,Q2,05,06/09/2025,CA,1710,00110,256,Each,5.01,APB,APB68274,8.80987E+12,Glutath Niacinamide Body Lotion 300ml,"$1,282.56 "
4500184353,05/08/2025,2025,Q2,05,06/09/2025,CA,1710,00120,100,Each,5.01,APB,APB68275,8.80987E+12,Glutath Niacinamide Eye Cream 20ml,$501.00 
4500184353,05/08/2025,2025,Q2,05,06/09/2025,CA,1710,00130,36,Each,15.4,DMX,DMX48086,8.80989E+12,TX Ampoule Rx 1.01 fl oz (30 ml),$554.40 
4500184353,05/08/2025,2025,Q2,05,06/09/2025,CA,1710,00140,36,Each,8.96,DMX,DMX48005,8.80989E+12,TX Peeling Toner 5.07 fl oz (150 ml),$322.56 
4500184353,05/08/2025,2025,Q2,05,06/09/2025,CA,1710,00150,12,Each,8.28,NRP,NRP47346,8.80617E+12,Shea Butter Moist Steam Crm 3.38 floz,$99.36 
4500184353,05/08/2025,2025,Q2,05,06/09/2025,CA,1710,00160,22,Each,5.13,SRI,SRI99720,8.80908E+12,More Than Lip Balm 4g,$112.86 
4500184353,05/08/2025,2025,Q2,05,06/09/2025,CA,1710,00170,20,Each,7.69,SRI,SRI99757,8.80908E+12,Back To My Memories Handcream  50ml,$153.80 
4500184353,05/08/2025,2025,Q2,05,06/09/2025,CA,1710,00180,32,Each,10.25,SRI,SRI99761,8.80908E+12,Cleanse Me SoftlyMilkClnsr Citrus 200ml,$328.00 
4500184353,05/08/2025,2025,Q2,05,06/09/2025,CA,1710,00190,16,Each,10.25,SRI,SRI99708,8.80908E+12,Cleanse Me Softly Milk Cleanser 200ml,$164.00 
4500184353,05/08/2025,2025,Q2,05,06/09/2025,CA,1710,00200,18,Each,17.2,DMX,DMX48245,8.80989E+12,Facephalt Tightening Cream 50ml,$309.60 
4500184353,05/08/2025,2025,Q2,05,06/09/2025,CA,1710,00210,16,Each,13.2,DMX,DMX48237,8.80989E+12,Peel Sht Exfol Blck Rce Ampoule 2.7floz,$211.20 
4500184353,05/08/2025,2025,Q2,05,06/09/2025,CA,1710,00220,16,Each,13.2,DMX,DMX48236,8.80989E+12,Peel Shot Exfoliant Rice Ampoule 80ml,$211.20 
4500184353,05/08/2025,2025,Q2,05,06/09/2025,CA,1710,00230,70,Each,25.78,DMX,DMX48193,8.80989E+12,Eyephalt Eyecream For Eyebags 10ml,"$1,804.60 "
4500184353,05/08/2025,2025,Q2,05,06/09/2025,CA,1710,00240,12,Each,2.13,NRP,NRP48298,8.80617E+12,Sooth Moist AloeVeraClnsng GelCrm 150ml,$25.56 
4500184353,05/08/2025,2025,Q2,05,06/09/2025,CA,1710,00250,20,Each,10.49,DMX,DMX48185,8.80989E+12,Bond Clin Prot Bond Remod Clinic 250ml,$209.80 
4500184353,05/08/2025,2025,Q2,05,06/09/2025,CA,1710,00260,32,Each,6.53,NRP,NRP46867,8.80617E+12,Argan Essential Deep Care Shampoo 300ml,$208.96 
4500184353,05/08/2025,2025,Q2,05,06/09/2025,CA,1710,00270,80,Each,15.07,DMX,DMX48184,8.80989E+12,TX Ret Double Effect Eye Cream 40g,"$1,205.60 "
4500184353,05/08/2025,2025,Q2,05,06/09/2025,CA,1710,00280,18,Each,16.23,SRI,SRI77910,8.80919E+12,All Your Love Body Cream 300ml,$292.14 
4500184353,05/08/2025,2025,Q2,05,06/09/2025,CA,1710,00290,660,Each,2.13,NRP,NRP48814,8.80617E+12,NRP Aloe Vera Watery Gel 300ml,"$1,405.80 "
4500184353,05/08/2025,2025,Q2,05,06/09/2025,CA,1710,00300,13,Each,17.69,DMX,DMX48170,8.80989E+12,Exosome Repair Ampoule Plus 40 ml,$229.97 
4500184353,05/08/2025,2025,Q2,05,06/09/2025,CA,1710,00310,16,Each,5.16,NRP,NRP49010,8.80617E+12,Mild and Mst Aloe Vera Water Gel 250ml,$82.56 
4500184353,05/08/2025,2025,Q2,05,06/09/2025,CA,1710,00320,12,Each,7,DMX,DMX48162,8.80989E+12,Aqua Ion Plas Hydrat Wtr Msk 25g 5 Ea,$84.00 
4500184353,05/08/2025,2025,Q2,05,06/09/2025,CA,1710,00330,36,Each,24.4,MUZ,MUZ58082,8.80984E+12,Sleek Matt Cushion N21 30 g,$878.40 
4500184353,05/08/2025,2025,Q2,05,06/09/2025,CA,1710,00340,12,Each,7,DMX,DMX48153,8.80989E+12,Astax Whiten Amp Mask Pack 25g 5 Ea,$84.00 
4500184353,05/08/2025,2025,Q2,05,06/09/2025,CA,1710,00350,18,Each,11.96,SRI,SRI55257,8.80616E+12,My First Essener 100ml,$215.28 
4500184353,05/08/2025,2025,Q2,05,06/09/2025,CA,1710,00360,104,Each,14,DMX,DMX48149,8.80989E+12,Anti-Freckles Whiten Capsule Cream 50g,"$1,456.00 "
4500184353,05/08/2025,2025,Q2,05,06/09/2025,CA,1710,00370,84,Each,12.34,DMX,DMX48141,8.80989E+12,TX Cream 1.69 fl oz (50 ml),"$1,036.56 "
4500184353,05/08/2025,2025,Q2,05,06/09/2025,CA,1710,00380,40,Each,0.45,NRP,NRP45606,8.80617E+12,REAL NATURE OLIVE MASK SHEET 23ml,$18.00 
4500184353,05/08/2025,2025,Q2,05,06/09/2025,CA,1710,00390,10,Each,7.53,DMX,DMX48134,8.80989E+12,Exosome Repair Toner 300 ml,$75.30 
4500184353,05/08/2025,2025,Q2,05,06/09/2025,CA,1710,00400,40,Each,0.45,NRP,NRP45607,8.80617E+12,REAL NATURE SHEA BUTTER MASK SHEET 23ml,$18.00 
4500184354,05/08/2025,2025,Q2,05,06/12/2025,KY,1712,00010,576,Each,5.01,APB,APB68273,8.80987E+12,Glutath Niacinamide Body Wash 300ml,"$2,885.76 "
4500184354,05/08/2025,2025,Q2,05,06/12/2025,KY,1712,00020,64,Each,5.42,NRP,NRP46222,8.80617E+12,Vitamin E Glossy Skin Ampoule 30 ml,$346.88 
4500184354,05/08/2025,2025,Q2,05,06/12/2025,KY,1712,00030,640,Each,5.01,APB,APB68274,8.80987E+12,Glutath Niacinamide Body Lotion 300ml,"$3,206.40 "
4500184354,05/08/2025,2025,Q2,05,06/12/2025,KY,1712,00040,189,Each,5.01,APB,APB68272,8.80987E+12,Glutath Niacinamide Fac Cleanser 80ml,$946.89 
4500184354,05/08/2025,2025,Q2,05,06/12/2025,KY,1712,00050,176,Each,6.53,NRP,NRP46867,8.80617E+12,Argan Essential Deep Care Shampoo 300ml,"$1,149.28 "
4500184354,05/08/2025,2025,Q2,05,06/12/2025,KY,1712,00060,16,Each,5.42,NRP,NRP46214,8.80617E+12,Tea Tree Pore Care Ampoule 30 ml,$86.72 
4500184354,05/08/2025,2025,Q2,05,06/12/2025,KY,1712,00070,144,Each,5.01,APB,APB68271,8.80987E+12,Glutath Niacinamide Mist Essence 105ml,$721.44 
4500184354,05/08/2025,2025,Q2,05,06/12/2025,KY,1712,00080,12,Each,4.78,NRP,NRP47070,8.80617E+12,Relf Cre Spot Patch 24-12 MM 36-10 MM,$57.36 
4500184354,05/08/2025,2025,Q2,05,06/12/2025,KY,1712,00090,24,Each,8.28,NRP,NRP47346,8.80617E+12,Shea Butter Moist Steam Crm 3.38 floz,$198.72 
4500184354,05/08/2025,2025,Q2,05,06/12/2025,KY,1712,00100,60,Each,8.28,NRP,NRP47347,8.80617E+12,Shea Butter Fresh Steam Crm 3.38 fl oz,$496.80 
4500184354,05/08/2025,2025,Q2,05,06/12/2025,KY,1712,00110,12,Each,8.28,NRP,NRP47879,8.80617E+12,Real Squeeze Aloe Vera Emulsion 130ml,$99.36 
4500184354,05/08/2025,2025,Q2,05,06/12/2025,KY,1712,00120,48,Each,2.13,NRP,NRP48298,8.80617E+12,Sooth Moist AloeVeraClnsng GelCrm 150ml,$102.24 
4500184354,05/08/2025,2025,Q2,05,06/12/2025,KY,1712,00130,24,Each,6.09,NRP,NRP48619,8.80617E+12,Real Squeeze Aloe Vera Eye Serum 15ml,$146.16 
4500184354,05/08/2025,2025,Q2,05,06/12/2025,KY,1712,00140,48,Each,9.41,NRP,NRP48847,8.80617E+12,Aqa Sup Max Combin Watery Cream 80ml,$451.68 
4500184354,05/08/2025,2025,Q2,05,06/12/2025,KY,1712,00150,80,Each,5.16,NRP,NRP49010,8.80617E+12,Mild and Mst Aloe Vera Water Gel 250ml,$412.80 
4500184354,05/08/2025,2025,Q2,05,06/12/2025,KY,1712,00160,84,Each,4.66,APB,APB68401,8.80987E+12,Glutath Niacin Toner Pad 60 Pads 100ml,$391.44 
4500184354,05/08/2025,2025,Q2,05,06/12/2025,KY,1712,00170,48,Each,4.66,APB,APB68399,8.80987E+12,Glutathione Niacinamide Cleans Blm 80ml,$223.68 
4500184354,05/08/2025,2025,Q2,05,06/12/2025,KY,1712,00180,72,Each,4.66,APB,APB68398,8.80987E+12,Glutathione Niacinamide Clean Oil 105ml,$335.52 
4500184354,05/08/2025,2025,Q2,05,06/12/2025,KY,1712,00190,180,Each,5.19,APB,APB68331,8.80987E+12,Glut Niacin Sheet Mask 10 Pack 25ml,$934.20 
4500184354,05/08/2025,2025,Q2,05,06/12/2025,KY,1712,00200,420,Each,5.01,APB,APB68276,8.80987E+12,Glutath Niacinamide Sunscreen 40ml,"$2,104.20 "
4500184354,05/08/2025,2025,Q2,05,06/12/2025,KY,1712,00210,160,Each,5.01,APB,APB68275,8.80987E+12,Glutath Niacinamide Eye Cream 20ml,$801.60 
4500184354,05/08/2025,2025,Q2,05,06/12/2025,KY,1712,00220,300,Each,5.01,APB,APB68270,8.80987E+12,Glutath Niacinamide Facial Toner 160ml,"$1,503.00 "
4500184354,05/08/2025,2025,Q2,05,06/12/2025,KY,1712,00230,24,Each,15.4,DMX,DMX48086,8.80989E+12,TX Ampoule Rx 1.01 fl oz (30 ml),$369.60 
4500184354,05/08/2025,2025,Q2,05,06/12/2025,KY,1712,00240,14,Each,18.46,DMX,DMX48115,8.80989E+12,EX Volume Firm Calcium Int Cream 50ml,$258.44 
4500184354,05/08/2025,2025,Q2,05,06/12/2025,KY,1712,00250,60,Each,7.53,DMX,DMX48134,8.80989E+12,Exosome Repair Toner 300 ml,$451.80 
4500184354,05/08/2025,2025,Q2,05,06/12/2025,KY,1712,00260,72,Each,12.34,DMX,DMX48135,8.80989E+12,Papaya Powder Wash 1.7 oz (50 g),$888.48 
4500184354,05/08/2025,2025,Q2,05,06/12/2025,KY,1712,00270,98,Each,12.34,DMX,DMX48141,8.80989E+12,TX Cream 1.69 fl oz (50 ml),"$1,209.32 "
4500184354,05/08/2025,2025,Q2,05,06/12/2025,KY,1712,00280,216,Each,14,DMX,DMX48149,8.80989E+12,Anti-Freckles Whiten Capsule Cream 50g,"$3,024.00 "
4500184354,05/08/2025,2025,Q2,05,06/12/2025,KY,1712,00290,70,Each,5.58,DMX,DMX48157,8.80989E+12,Exosome Repair Mask Pack 30 g x 5 Ea,$390.60 
4500184354,05/08/2025,2025,Q2,05,06/12/2025,KY,1712,00300,14,Each,17.69,DMX,DMX48164,8.80989E+12,ECM Neck Barrier Cream 1.69 fl oz,$247.66 
4500184354,05/08/2025,2025,Q2,05,06/12/2025,KY,1712,00310,13,Each,12.34,DMX,DMX48165,8.80989E+12,ECM Neck Barrier Ampoule 1.5 ml 10 ea,$160.42 
4500184354,05/08/2025,2025,Q2,05,06/12/2025,KY,1712,00320,24,Each,12.34,DMX,DMX48167,8.80989E+12,Calcium Dark Spot Eye Cream 15 g,$296.16 
4500184354,05/08/2025,2025,Q2,05,06/12/2025,KY,1712,00330,13,Each,17.69,DMX,DMX48170,8.80989E+12,Exosome Repair Ampoule Plus 40 ml,$229.97 
4500184354,05/08/2025,2025,Q2,05,06/12/2025,KY,1712,00340,13,Each,22.18,DMX,DMX48171,8.80989E+12,EX Volume Firming 30 ml,$288.34 
4500184354,05/08/2025,2025,Q2,05,06/12/2025,KY,1712,00350,140,Each,15.07,DMX,DMX48184,8.80989E+12,TX Ret Double Effect Eye Cream 40g,"$2,109.80 "
4500184354,05/08/2025,2025,Q2,05,06/12/2025,KY,1712,00360,40,Each,7.53,DMX,DMX48186,8.80989E+12,Bond Clin I Prot Bond Rem Shampoo 400ml,$301.20 
4500184354,05/08/2025,2025,Q2,05,06/12/2025,KY,1712,00370,50,Each,25.78,DMX,DMX48193,8.80989E+12,Eyephalt Eyecream For Eyebags 10ml,"$1,289.00 "
4500184354,05/08/2025,2025,Q2,05,06/12/2025,KY,1712,00380,480,Each,13.2,DMX,DMX48237,8.80989E+12,Peel Sht Exfol Blck Rce Ampoule 2.7floz,"$6,336.00 "
4500184354,05/08/2025,2025,Q2,05,06/12/2025,KY,1712,00390,16,Each,10.25,SRI,SRI99761,8.80908E+12,Cleanse Me SoftlyMilkClnsr Citrus 200ml,$164.00 
4500184354,05/08/2025,2025,Q2,05,06/12/2025,KY,1712,00400,18,Each,8.96,DMX,DMX48005,8.80989E+12,TX Peeling Toner 5.07 fl oz (150 ml),$161.28 
4500184354,05/08/2025,2025,Q2,05,06/12/2025,KY,1712,00410,16,Each,10.25,SRI,SRI99708,8.80908E+12,Cleanse Me Softly Milk Cleanser 200ml,$164.00 
4500184354,05/08/2025,2025,Q2,05,06/12/2025,KY,1712,00420,16,Each,9.4,SRI,SRI99706,8.80908E+12,Day By Day Cleansing Gel 150ml,$150.40 
4500184354,05/08/2025,2025,Q2,05,06/12/2025,KY,1712,00430,16,Each,9.4,SRI,SRI99705,8.80908E+12,Time Is Running Out Mist 100ml,$150.40 
4500184354,05/08/2025,2025,Q2,05,06/12/2025,KY,1712,00440,18,Each,16.23,SRI,SRI77910,8.80919E+12,All Your Love Body Cream 300ml,$292.14 
4500184354,05/08/2025,2025,Q2,05,06/12/2025,KY,1712,00450,18,Each,7.69,SRI,SRI77899,8.80919E+12,Let Me Refresh Foam Cleanser 120ml,$138.42 
4500184354,05/08/2025,2025,Q2,05,06/12/2025,KY,1712,00460,18,Each,14.52,SRI,SRI55258,8.80616E+12,Enriched By Nature Cream 50ml,$261.36 
4500184354,05/08/2025,2025,Q2,05,06/12/2025,KY,1712,00470,48,Each,10.46,NRP,NRP45415,8.80617E+12,Fresh Powdery Sun Stick SPF50 0.71 oz,$502.08 
4500184354,05/08/2025,2025,Q2,05,06/12/2025,KY,1712,00480,400,Each,5.01,APB,APB68267,8.80987E+12,Glutath Niacinamide Ampoule Serum 40ml,"$2,004.00 "
4500184354,05/08/2025,2025,Q2,05,06/12/2025,KY,1712,00490,480,Each,5.01,APB,APB68268,8.80987E+12,Glutath Niacinamide Facial Cream 55ml,"$2,404.80 "
4500184354,05/08/2025,2025,Q2,05,06/12/2025,KY,1712,00500,80,Each,0.45,NRP,NRP45606,8.80617E+12,REAL NATURE OLIVE MASK SHEET 23ml,$36.00 
4500184355,05/08/2025,2025,Q2,05,06/09/2025,CA,1710,00010,30,Each,9.53,LFT,LFT69431,8.80592E+12,Lacto Fit Liver Support 120 g,$285.90 
4500184355,05/08/2025,2025,Q2,05,06/09/2025,CA,1710,00020,12,Each,10.51,LFT,LFT69271,8.80592E+12,Lacto Fit Glucose Control 120 g,$126.12 
4500184355,05/08/2025,2025,Q2,05,06/09/2025,CA,1710,00030,60,Each,12.99,LFT,LFT68201,8.80592E+12,Lacto Fit Slim 120 g,$779.40 
4500184355,05/08/2025,2025,Q2,05,06/09/2025,CA,1710,00040,150,Each,8.33,LFT,LFT68101,8.80592E+12,Lacto Fit Core 120 g,"$1,249.50 "
4500184355,05/08/2025,2025,Q2,05,06/09/2025,CA,1710,00050,120,Each,7.99,LFT,LFT67921,8.80592E+12,Lacto Fit Gold 100 g,$958.80 
4500184355,05/08/2025,2025,Q2,05,06/09/2025,CA,1710,00060,30,Each,9.31,LFT,LFT67861,8.80592E+12,Lacto Fit Bebe 120 g,$279.30 
4500184355,05/08/2025,2025,Q2,05,06/09/2025,CA,1710,00070,60,Each,3.24,HBF,HBF94450,8.80962E+12,HBAF Wasabi Almond 120 g,$194.40 
4500184355,05/08/2025,2025,Q2,05,06/09/2025,CA,1710,00080,40,Each,3.24,HBF,HBF94494,8.80962E+12,HBAF Garlic Bread Almond 120 g,$129.60 
4500184355,05/08/2025,2025,Q2,05,06/09/2025,CA,1710,00090,40,Each,3.24,HBF,HBF94533,8.80962E+12,HBAF Laver Almond 120 g,$129.60 
4500184355,05/08/2025,2025,Q2,05,06/09/2025,CA,1710,00100,40,Each,3.24,HBF,HBF94578,8.80962E+12,HBAF Roasted Onion Almond 120 g,$129.60 
4500184356,05/08/2025,2025,Q2,05,06/12/2025,KY,1712,00010,180,Each,3.24,HBF,HBF94201,8.80962E+12,HBAF Caramel Salt Almond & Pretzel 120g,$583.20 
4500184356,05/08/2025,2025,Q2,05,06/12/2025,KY,1712,00020,40,Each,3.24,HBF,HBF94450,8.80962E+12,HBAF Wasabi Almond 120 g,$129.60 
4500184356,05/08/2025,2025,Q2,05,06/12/2025,KY,1712,00030,60,Each,3.24,HBF,HBF94451,8.80962E+12,HBAF Baked Corn Almond 120 g,$194.40 
4500184356,05/08/2025,2025,Q2,05,06/12/2025,KY,1712,00040,60,Each,3.24,HBF,HBF94478,8.80962E+12,HBAF Tteokbokki Almond 120 g,$194.40 
4500184356,05/08/2025,2025,Q2,05,06/12/2025,KY,1712,00050,60,Each,3.24,HBF,HBF94493,8.80962E+12,HBAF Cheongyang Mayo Almond 120 g,$194.40 
4500184356,05/08/2025,2025,Q2,05,06/12/2025,KY,1712,00060,40,Each,3.24,HBF,HBF94494,8.80962E+12,HBAF Garlic Bread Almond 120 g,$129.60 
4500184356,05/08/2025,2025,Q2,05,06/12/2025,KY,1712,00070,20,Each,3.24,HBF,HBF94533,8.80962E+12,HBAF Laver Almond 120 g,$64.80 
4500184356,05/08/2025,2025,Q2,05,06/12/2025,KY,1712,00080,90,Each,9.53,LFT,LFT69431,8.80592E+12,Lacto Fit Liver Support 120 g,$857.70 
4500184356,05/08/2025,2025,Q2,05,06/12/2025,KY,1712,00090,80,Each,3.24,HBF,HBF94578,8.80962E+12,HBAF Roasted Onion Almond 120 g,$259.20 
4500184356,05/08/2025,2025,Q2,05,06/12/2025,KY,1712,00100,90,Each,10.15,LFT,LFT68241,8.80592E+12,Plant-based Lacto Fit 120 g,$913.50 
4500184356,05/08/2025,2025,Q2,05,06/12/2025,KY,1712,00110,210,Each,12.99,LFT,LFT68201,8.80592E+12,Lacto Fit Slim 120 g,"$2,727.90 "
4500184356,05/08/2025,2025,Q2,05,06/12/2025,KY,1712,00120,270,Each,15.94,LFT,LFT68181,8.80592E+12,Lacto Fit Beauty 120 g,"$4,303.80 "
4500184356,05/08/2025,2025,Q2,05,06/12/2025,KY,1712,00130,360,Each,8.33,LFT,LFT68101,8.80592E+12,Lacto Fit Core 120 g,"$2,998.80 "
4500184356,05/08/2025,2025,Q2,05,06/12/2025,KY,1712,00140,210,Each,7.99,LFT,LFT67921,8.80592E+12,Lacto Fit Gold 100 g,"$1,677.90 "
4500184356,05/08/2025,2025,Q2,05,06/12/2025,KY,1712,00150,180,Each,10.15,LFT,LFT67871,8.80592E+12,Lacto Fit Kids 120 g,"$1,827.00 "
4500184357,05/08/2025,2025,Q2,05,06/09/2025,CA,1710,00010,20,Each,13.38,GBL,GBL25102,8.80614E+12,PDRN Vita Toning Ampoule 30 ml,$267.60 
4500184357,05/08/2025,2025,Q2,05,06/09/2025,CA,1710,00020,20,Each,12.94,GBL,GBL39004,8.80969E+12,PDRN Rejuvenating Cream 70 ml,$258.80 
4500184357,05/08/2025,2025,Q2,05,06/09/2025,CA,1710,00030,10,Each,7.58,GBL,GBL51045,8.80989E+12,Glutamin-C Luminous Eye Cream 10 ml,$75.80 
4500184357,05/08/2025,2025,Q2,05,06/09/2025,CA,1710,00040,20,Each,7.14,GBL,GBL54124,8.80974E+12,PDRN Rejuvenating Mask 5 Pack 25ml,$142.80 
4500184358,05/08/2025,2025,Q2,05,06/12/2025,KY,1712,00010,240,Each,13.38,GBL,GBL25102,8.80614E+12,PDRN Vita Toning Ampoule 30 ml,"$3,211.20 "
4500184358,05/08/2025,2025,Q2,05,06/12/2025,KY,1712,00020,120,Each,12.94,GBL,GBL39004,8.80969E+12,PDRN Rejuvenating Cream 70 ml,"$1,552.80 "
4500184358,05/08/2025,2025,Q2,05,06/12/2025,KY,1712,00030,60,Each,7.14,GBL,GBL54124,8.80974E+12,PDRN Rejuvenating Mask 5 Pack 25ml,$428.40 
4500184358,05/08/2025,2025,Q2,05,06/12/2025,KY,1712,00040,90,Each,10.71,GBL,GBL54440,8.80974E+12,PDRN Rejuvenating Toner 300 ml,$963.90 
4500184397,05/08/2025,2025,Q2,05,06/09/2025,CA,1710,00010,60,Each,4.68,OOT,OOT81372,8.80935E+12,OTD Dk Spt Vita C Serum Msk 10 Sh 25gea,$280.80 
4500184397,05/08/2025,2025,Q2,05,06/09/2025,CA,1710,00020,60,Each,6.48,OOT,OOT81375,8.80935E+12,OTD Vrty Hydra Srm Sht Msk 12Sh 25g ea,$388.80 
4500184397,05/08/2025,2025,Q2,05,06/09/2025,CA,1710,00030,144,Each,6.12,OOT,OOT81296,8.80935E+12,OTD Peptide Skin Barrier Cream 50ml,$881.28 
4500184397,05/08/2025,2025,Q2,05,06/09/2025,CA,1710,00040,120,Each,5.01,OOT,OOT81366,8.80935E+12,OTD Glossy Tinted Lip Serum 15ml,$601.20 
4500184397,05/08/2025,2025,Q2,05,06/09/2025,CA,1710,00050,144,Each,6.12,OOT,OOT81337,8.80935E+12,OTD Glass Skn Rice Wtr Toner Pad 120ml,$881.28 
4500184397,05/08/2025,2025,Q2,05,06/09/2025,CA,1710,00060,60,Each,5.16,OOT,OOT81268,8.80935E+12,OTD AHA BHA Clarify Toner 250ml,$309.60 
4500184397,05/08/2025,2025,Q2,05,06/09/2025,CA,1710,00070,108,Each,6.12,OOT,OOT81363,8.80935E+12,OTD Green Plum Cleans Balm 100ml,$660.96 
4500184397,05/08/2025,2025,Q2,05,06/09/2025,CA,1710,00080,60,Each,5.32,OOT,OOT81258,8.80935E+12,OTD AHA BHA Clarify Serum 50ml,$319.20 
4500184397,05/08/2025,2025,Q2,05,06/09/2025,CA,1710,00090,72,Each,6.12,OOT,OOT81364,8.80935E+12,OTD Kiwi Vitamin C Cleansing Balm 100ml,$440.64 
4500184398,05/08/2025,2025,Q2,05,06/09/2025,KY,1712,00010,120,Each,4.68,OOT,OOT81372,8.80935E+12,OTD Dk Spt Vita C Serum Msk 10 Sh 25gea,$561.60 
4500184398,05/08/2025,2025,Q2,05,06/09/2025,KY,1712,00020,120,Each,6.48,OOT,OOT81375,8.80935E+12,OTD Vrty Hydra Srm Sht Msk 12Sh 25g ea,$777.60 
4500184398,05/08/2025,2025,Q2,05,06/09/2025,KY,1712,00030,72,Each,6.12,OOT,OOT81296,8.80935E+12,OTD Peptide Skin Barrier Cream 50ml,$440.64 
4500184398,05/08/2025,2025,Q2,05,06/09/2025,KY,1712,00040,60,Each,5.01,OOT,OOT81366,8.80935E+12,OTD Glossy Tinted Lip Serum 15ml,$300.60 
4500184398,05/08/2025,2025,Q2,05,06/09/2025,KY,1712,00050,72,Each,6.12,OOT,OOT81337,8.80935E+12,OTD Glass Skn Rice Wtr Toner Pad 120ml,$440.64 
4500184398,05/08/2025,2025,Q2,05,06/09/2025,KY,1712,00060,120,Each,5.16,OOT,OOT81268,8.80935E+12,OTD AHA BHA Clarify Toner 250ml,$619.20 
4500184398,05/08/2025,2025,Q2,05,06/09/2025,KY,1712,00070,54,Each,6.12,OOT,OOT81363,8.80935E+12,OTD Green Plum Cleans Balm 100ml,$330.48 
4500184398,05/08/2025,2025,Q2,05,06/09/2025,KY,1712,00080,120,Each,5.32,OOT,OOT81258,8.80935E+12,OTD AHA BHA Clarify Serum 50ml,$638.40 
4500184398,05/08/2025,2025,Q2,05,06/09/2025,KY,1712,00090,144,Each,6.12,OOT,OOT81364,8.80935E+12,OTD Kiwi Vitamin C Cleansing Balm 100ml,$881.28 
4500184399,05/08/2025,2025,Q2,05,06/09/2025,KY,1712,00010,120,Each,11.74,GWU,GWU09184,8.8097E+12,Algae Therapy Mineral Shampoo 500g,"$1,408.80 "
4500184399,05/08/2025,2025,Q2,05,06/09/2025,KY,1712,00020,60,Each,10.78,GWU,GWU07201,8.8097E+12,Damage Therapy Scalp Scal Ampoule 50g,$646.80 
4500184400,05/08/2025,2025,Q2,05,06/09/2025,CA,1710,00010,60,Each,11.74,GWU,GWU09184,8.8097E+12,Algae Therapy Mineral Shampoo 500g,$704.40 
4500184400,05/08/2025,2025,Q2,05,06/09/2025,CA,1710,00020,120,Each,10.78,GWU,GWU07201,8.8097E+12,Damage Therapy Scalp Scal Ampoule 50g,"$1,293.60 "
4500185237,05/14/2025,2025,Q2,05,06/16/2025,KY,1712,00010,120,Each,9.58,GWU,GWU09192,8.8097E+12,Algae Thrpy Min No Wsh Treatment 150ml,"$1,149.60 "
4500185238,05/14/2025,2025,Q2,05,06/16/2025,CA,1710,00010,60,Each,9.58,GWU,GWU09192,8.8097E+12,Algae Thrpy Min No Wsh Treatment 150ml,$574.80 
4500185239,05/14/2025,2025,Q2,05,06/16/2025,KY,1712,00010,60,Each,4.03,OOT,OOT81208,8.80935E+12,OOTD Overnight Eye Cream 25g,$241.80 
4500185239,05/14/2025,2025,Q2,05,06/16/2025,KY,1712,00020,60,Each,4.35,OOT,OOT81207,8.80935E+12,OOTD Intensive Eye Serum 30g,$261.00 
4500185239,05/14/2025,2025,Q2,05,06/16/2025,KY,1712,00030,60,Each,4.68,OOT,OOT81206,8.80935E+12,OOTD Collagen Supreme Mask 10ea 25g,$280.80 
4500185239,05/14/2025,2025,Q2,05,06/16/2025,KY,1712,00040,60,Each,4.68,OOT,OOT81205,8.80935E+12,OOTD Ceramide Care Mask 10ea 25g,$280.80 
4500185239,05/14/2025,2025,Q2,05,06/16/2025,KY,1712,00050,120,Each,3.38,OOT,OOT81282,8.80935E+12,OOTD Hydrat Serum Sheet Masks 5ea 25g,$405.60 
4500185239,05/14/2025,2025,Q2,05,06/16/2025,KY,1712,00060,120,Each,4.99,OOT,OOT81319,8.80935E+12,OOTD Dark Spot Vitamin C Toner 250ml,$598.80 
4500185239,05/14/2025,2025,Q2,05,06/16/2025,KY,1712,00070,60,Each,4.51,OOT,OOT81276,8.80935E+12,OOTD Dark Spot Vitamin C Serum 50ml,$270.60 
4500185239,05/14/2025,2025,Q2,05,06/16/2025,KY,1712,00080,60,Each,4.51,OOT,OOT81320,8.80935E+12,OOTD Clarifying Niacinamide Serum 50ml,$270.60 
4500185239,05/14/2025,2025,Q2,05,06/16/2025,KY,1712,00090,60,Each,4.51,OOT,OOT81277,8.80935E+12,OOTD Wrinkle Lift Retinol Serum 50ml,$270.60 
4500185239,05/14/2025,2025,Q2,05,06/16/2025,KY,1712,00100,72,Each,5.96,OOT,OOT81299,8.80935E+12,OOTD Snail Mucin Lifting Cream 100ml,$429.12 
4500185239,05/14/2025,2025,Q2,05,06/16/2025,KY,1712,00110,72,Each,6.12,OOT,OOT81358,8.80935E+12,OOTD Ceramide Glow Moisture Cream 50ml,$440.64 
4500185239,05/14/2025,2025,Q2,05,06/16/2025,KY,1712,00120,60,Each,5.32,OOT,OOT81288,8.80935E+12,OOTD Star Spot Patch 80ea,$319.20 
4500185239,05/14/2025,2025,Q2,05,06/16/2025,KY,1712,00130,72,Each,6.12,OOT,OOT81336,8.80935E+12,OOTD Drk Spt Vit C Toner Pad 120ml,$440.64 
4500185239,05/14/2025,2025,Q2,05,06/16/2025,KY,1712,00140,42,Each,3.71,OOT,OOT81331,8.80935E+12,OOTD Grn Plm Low Ph Clean Gel 200ml,$155.82 
4500185239,05/14/2025,2025,Q2,05,06/16/2025,KY,1712,00150,42,Each,3.71,OOT,OOT81330,8.80935E+12,OOTD Heartleaf Pore Zero Cleanser 200ml,$155.82 
4500185239,05/14/2025,2025,Q2,05,06/16/2025,KY,1712,00160,60,Each,6.12,OOT,OOT81362,8.80935E+12,OOTD Gr Plm Low PH Cleansing Oil 200ml,$367.20 
4500185240,05/14/2025,2025,Q2,05,06/16/2025,CA,1710,00010,120,Each,4.03,OOT,OOT81208,8.80935E+12,OOTD Overnight Eye Cream 25g,$483.60 
4500185240,05/14/2025,2025,Q2,05,06/16/2025,CA,1710,00020,120,Each,4.35,OOT,OOT81207,8.80935E+12,OOTD Intensive Eye Serum 30g,$522.00 
4500185240,05/14/2025,2025,Q2,05,06/16/2025,CA,1710,00030,120,Each,4.68,OOT,OOT81206,8.80935E+12,OOTD Collagen Supreme Mask 10ea 25g,$561.60 
4500185240,05/14/2025,2025,Q2,05,06/16/2025,CA,1710,00040,120,Each,4.68,OOT,OOT81205,8.80935E+12,OOTD Ceramide Care Mask 10ea 25g,$561.60 
4500185240,05/14/2025,2025,Q2,05,06/16/2025,CA,1710,00050,60,Each,3.38,OOT,OOT81282,8.80935E+12,OOTD Hydrat Serum Sheet Masks 5ea 25g,$202.80 
4500185240,05/14/2025,2025,Q2,05,06/16/2025,CA,1710,00060,60,Each,4.99,OOT,OOT81319,8.80935E+12,OOTD Dark Spot Vitamin C Toner 250ml,$299.40 
4500185240,05/14/2025,2025,Q2,05,06/16/2025,CA,1710,00070,120,Each,4.51,OOT,OOT81276,8.80935E+12,OOTD Dark Spot Vitamin C Serum 50ml,$541.20 
4500185240,05/14/2025,2025,Q2,05,06/16/2025,CA,1710,00080,120,Each,4.51,OOT,OOT81320,8.80935E+12,OOTD Clarifying Niacinamide Serum 50ml,$541.20 
4500185240,05/14/2025,2025,Q2,05,06/16/2025,CA,1710,00090,120,Each,4.51,OOT,OOT81277,8.80935E+12,OOTD Wrinkle Lift Retinol Serum 50ml,$541.20 
4500185240,05/14/2025,2025,Q2,05,06/16/2025,CA,1710,00100,144,Each,5.96,OOT,OOT81299,8.80935E+12,OOTD Snail Mucin Lifting Cream 100ml,$858.24 
4500185240,05/14/2025,2025,Q2,05,06/16/2025,CA,1710,00110,144,Each,6.12,OOT,OOT81358,8.80935E+12,OOTD Ceramide Glow Moisture Cream 50ml,$881.28 
4500185240,05/14/2025,2025,Q2,05,06/16/2025,CA,1710,00120,120,Each,5.32,OOT,OOT81288,8.80935E+12,OOTD Star Spot Patch 80ea,$638.40 
4500185240,05/14/2025,2025,Q2,05,06/16/2025,CA,1710,00130,144,Each,6.12,OOT,OOT81336,8.80935E+12,OOTD Drk Spt Vit C Toner Pad 120ml,$881.28 
4500185240,05/14/2025,2025,Q2,05,06/16/2025,CA,1710,00140,84,Each,3.71,OOT,OOT81331,8.80935E+12,OOTD Grn Plm Low Ph Clean Gel 200ml,$311.64 
4500185240,05/14/2025,2025,Q2,05,06/16/2025,CA,1710,00150,84,Each,3.71,OOT,OOT81330,8.80935E+12,OOTD Heartleaf Pore Zero Cleanser 200ml,$311.64 
4500185240,05/14/2025,2025,Q2,05,06/16/2025,CA,1710,00160,120,Each,6.12,OOT,OOT81362,8.80935E+12,OOTD Gr Plm Low PH Cleansing Oil 200ml,$734.40 
4500185241,05/14/2025,2025,Q2,05,06/16/2025,KY,1712,00010,60,Each,14.33,MVY,MVY05632,8.8096E+12,MVY Hypoall LHA CIS Gel Cleanser 200ml,$859.80 
4500185241,05/14/2025,2025,Q2,05,06/16/2025,KY,1712,00020,60,Each,16.89,MVY,MVY90496,8.80988E+12,MVY Real Cleansing Oil 200ml,"$1,013.40 "
4500185241,05/14/2025,2025,Q2,05,06/16/2025,KY,1712,00030,120,Each,14.84,MVY,MVY05728,8.8096E+12,MVY Casta Cren Pore Tighten Serum 50ml,"$1,780.80 "
4500185241,05/14/2025,2025,Q2,05,06/16/2025,KY,1712,00040,120,Each,13.82,MVY,MVY80193,8.80985E+12,MVY Art Sooth Acne Tone Pad 70 ea 160g,"$1,658.40 "
4500185241,05/14/2025,2025,Q2,05,06/16/2025,KY,1712,00050,75,Each,11.26,MVY,MVY80264,8.80985E+12,MVY Art Sooth Acne Pad Refill 70ea 160g,$844.50 
4500185241,05/14/2025,2025,Q2,05,06/16/2025,KY,1712,00060,120,Each,13.82,MVY,MVY90640,8.80988E+12,MVY Art Calming Core Sooth Cream 100ml,"$1,658.40 "
4500185241,05/14/2025,2025,Q2,05,06/16/2025,KY,1712,00070,120,Each,18.42,MVY,MVY90838,8.80988E+12,MVY Volume Impact Protein Cream 100ml,"$2,210.40 "
4500185241,05/14/2025,2025,Q2,05,06/16/2025,KY,1712,00080,120,Each,17.4,MVY,MVY05763,8.8096E+12,MVY Mugwort Heating Therapy Pk 100g,"$2,088.00 "
4500185241,05/14/2025,2025,Q2,05,06/16/2025,KY,1712,00090,60,Each,13.31,MVY,MVY54767,8.80974E+12,MVY Arti Cica Refresh Calm Serum 30ml,$798.60 
4500185241,05/14/2025,2025,Q2,05,06/16/2025,KY,1712,00100,72,Each,30.71,MVY,MVY80655,8.80985E+12,MVY Firming Expert Cream 50ml,"$2,211.12 "
4500185242,05/14/2025,2025,Q2,05,06/16/2025,CA,1710,00010,120,Each,14.33,MVY,MVY05632,8.8096E+12,MVY Hypoall LHA CIS Gel Cleanser 200ml,"$1,719.60 "
4500185242,05/14/2025,2025,Q2,05,06/16/2025,CA,1710,00020,120,Each,16.89,MVY,MVY90496,8.80988E+12,MVY Real Cleansing Oil 200ml,"$2,026.80 "
4500185242,05/14/2025,2025,Q2,05,06/16/2025,CA,1710,00030,60,Each,14.84,MVY,MVY05728,8.8096E+12,MVY Casta Cren Pore Tighten Serum 50ml,$890.40 
4500185242,05/14/2025,2025,Q2,05,06/16/2025,CA,1710,00040,60,Each,13.82,MVY,MVY80193,8.80985E+12,MVY Art Sooth Acne Tone Pad 70 ea 160g,$829.20 
4500185242,05/14/2025,2025,Q2,05,06/16/2025,CA,1710,00050,150,Each,11.26,MVY,MVY80264,8.80985E+12,MVY Art Sooth Acne Pad Refill 70ea 160g,"$1,689.00 "
4500185242,05/14/2025,2025,Q2,05,06/16/2025,CA,1710,00060,60,Each,13.82,MVY,MVY90640,8.80988E+12,MVY Art Calming Core Sooth Cream 100ml,$829.20 
4500185242,05/14/2025,2025,Q2,05,06/16/2025,CA,1710,00070,60,Each,18.42,MVY,MVY90838,8.80988E+12,MVY Volume Impact Protein Cream 100ml,"$1,105.20 "
4500185242,05/14/2025,2025,Q2,05,06/16/2025,CA,1710,00080,60,Each,17.4,MVY,MVY05763,8.8096E+12,MVY Mugwort Heating Therapy Pk 100g,"$1,044.00 "
4500185242,05/14/2025,2025,Q2,05,06/16/2025,CA,1710,00090,120,Each,13.31,MVY,MVY54767,8.80974E+12,MVY Arti Cica Refresh Calm Serum 30ml,"$1,597.20 "
4500185242,05/14/2025,2025,Q2,05,06/16/2025,CA,1710,00100,144,Each,30.71,MVY,MVY80655,8.80985E+12,MVY Firming Expert Cream 50ml,"$4,422.24 "
4500186853,05/22/2025,2025,Q2,05,06/23/2025,CA,1710,00010,16,Each,9.4,SRI,SRI99706,8.80908E+12,Day By Day Cleansing Gel 150ml,$150.40 
4500186853,05/22/2025,2025,Q2,05,06/23/2025,CA,1710,00020,63,Each,17.2,DMX,DMX48245,8.80989E+12,Facephalt Tightening Cream 50ml,"$1,083.60 "
4500186853,05/22/2025,2025,Q2,05,06/23/2025,CA,1710,00030,48,Each,13.2,DMX,DMX48237,8.80989E+12,Peel Sht Exfol Blck Rce Ampoule 2.7floz,$633.60 
4500186853,05/22/2025,2025,Q2,05,06/23/2025,CA,1710,00040,40,Each,13.2,DMX,DMX48236,8.80989E+12,Peel Shot Exfoliant Rice Ampoule 80ml,$528.00 
4500186853,05/22/2025,2025,Q2,05,06/23/2025,CA,1710,00050,16,Each,11.96,SRI,SRI55330,8.80616E+12,Fresh Moment Cleansing Oil 200ml,$191.36 
4500186853,05/22/2025,2025,Q2,05,06/23/2025,CA,1710,00060,40,Each,10.49,DMX,DMX48185,8.80989E+12,Bond Clin Prot Bond Remod Clinic 250ml,$419.60 
4500186853,05/22/2025,2025,Q2,05,06/23/2025,CA,1710,00070,18,Each,14.52,SRI,SRI55258,8.80616E+12,Enriched By Nature Cream 50ml,$261.36 
4500186853,05/22/2025,2025,Q2,05,06/23/2025,CA,1710,00080,80,Each,15.07,DMX,DMX48184,8.80989E+12,TX Ret Double Effect Eye Cream 40g,"$1,205.60 "
4500186853,05/22/2025,2025,Q2,05,06/23/2025,CA,1710,00090,26,Each,17.69,DMX,DMX48170,8.80989E+12,Exosome Repair Ampoule Plus 40 ml,$459.94 
4500186853,05/22/2025,2025,Q2,05,06/23/2025,CA,1710,00100,18,Each,8.96,DMX,DMX48005,8.80989E+12,TX Peeling Toner 5.07 fl oz (150 ml),$161.28 
4500186853,05/22/2025,2025,Q2,05,06/23/2025,CA,1710,00110,36,Each,15.4,DMX,DMX48086,8.80989E+12,TX Ampoule Rx 1.01 fl oz (30 ml),$554.40 
4500186853,05/22/2025,2025,Q2,05,06/23/2025,CA,1710,00120,24,Each,15.07,DMX,DMX48109,8.80989E+12,Exosome Repair Cream 50 ml,$361.68 
4500186853,05/22/2025,2025,Q2,05,06/23/2025,CA,1710,00130,12,Each,17.69,DMX,DMX48144,8.80989E+12,Oyster Pep3 Renewal Ampoule (30 ml),$212.28 
4500186853,05/22/2025,2025,Q2,05,06/23/2025,CA,1710,00140,10,Each,7.53,DMX,DMX48134,8.80989E+12,Exosome Repair Toner 300 ml,$75.30 
4500186853,05/22/2025,2025,Q2,05,06/23/2025,CA,1710,00150,30,Each,6.85,DMX,DMX48169,8.80989E+12,BP-Pore Clear Mask Pack 25g 5 Each,$205.50 
4500186853,05/22/2025,2025,Q2,05,06/23/2025,CA,1710,00160,36,Each,11.96,SRI,SRI55257,8.80616E+12,My First Essener 100ml,$430.56 
4500186853,05/22/2025,2025,Q2,05,06/23/2025,CA,1710,00170,24,Each,7,DMX,DMX48162,8.80989E+12,Aqua Ion Plas Hydrat Wtr Msk 25g 5 Ea,$168.00 
4500186853,05/22/2025,2025,Q2,05,06/23/2025,CA,1710,00180,12,Each,12.34,DMX,DMX48135,8.80989E+12,Papaya Powder Wash 1.7 oz (50 g),$148.08 
4500186853,05/22/2025,2025,Q2,05,06/23/2025,CA,1710,00190,10,Each,5.58,DMX,DMX48157,8.80989E+12,Exosome Repair Mask Pack 30 g x 5 Ea,$55.80 
4500186853,05/22/2025,2025,Q2,05,06/23/2025,CA,1710,00200,11,Each,10.49,DMX,DMX48148,8.80989E+12,Oyster Pep-3 Renewal Oil Mist 100 ml,$115.39 
4500186853,05/22/2025,2025,Q2,05,06/23/2025,CA,1710,00210,36,Each,17.85,DMX,DMX48150,8.80989E+12,Extra Whitening Ampoule 30 ml,$642.60 
4500186853,05/22/2025,2025,Q2,05,06/23/2025,CA,1710,00220,252,Each,12.34,DMX,DMX48141,8.80989E+12,TX Cream 1.69 fl oz (50 ml),"$3,109.68 "
4500186853,05/22/2025,2025,Q2,05,06/23/2025,CA,1710,00230,64,Each,14,DMX,DMX48149,8.80989E+12,Anti-Freckles Whiten Capsule Cream 50g,$896.00 
4500186853,05/22/2025,2025,Q2,05,06/23/2025,CA,1710,00240,200,Each,5.01,APB,APB68275,8.80987E+12,Glutath Niacinamide Eye Cream 20ml,"$1,002.00 "
4500186853,05/22/2025,2025,Q2,05,06/23/2025,CA,1710,00250,480,Each,5.01,APB,APB68274,8.80987E+12,Glutath Niacinamide Body Lotion 300ml,"$2,404.80 "
4500186853,05/22/2025,2025,Q2,05,06/23/2025,CA,1710,00260,480,Each,5.01,APB,APB68273,8.80987E+12,Glutath Niacinamide Body Wash 300ml,"$2,404.80 "
4500186853,05/22/2025,2025,Q2,05,06/23/2025,CA,1710,00270,84,Each,5.01,APB,APB68272,8.80987E+12,Glutath Niacinamide Fac Cleanser 80ml,$420.84 
4500186853,05/22/2025,2025,Q2,05,06/23/2025,CA,1710,00280,48,Each,5.01,APB,APB68271,8.80987E+12,Glutath Niacinamide Mist Essence 105ml,$240.48 
4500186853,05/22/2025,2025,Q2,05,06/23/2025,CA,1710,00290,300,Each,5.01,APB,APB68270,8.80987E+12,Glutath Niacinamide Facial Toner 160ml,"$1,503.00 "
4500186853,05/22/2025,2025,Q2,05,06/23/2025,CA,1710,00300,672,Each,5.01,APB,APB68268,8.80987E+12,Glutath Niacinamide Facial Cream 55ml,"$3,366.72 "
4500186853,05/22/2025,2025,Q2,05,06/23/2025,CA,1710,00310,40,Each,5.16,NRP,NRP49010,8.80617E+12,Mild and Mst Aloe Vera Water Gel 250ml,$206.40 
4500186853,05/22/2025,2025,Q2,05,06/23/2025,CA,1710,00320,12,Each,9.41,NRP,NRP48847,8.80617E+12,Aqa Sup Max Combin Watery Cream 80ml,$112.92 
4500186853,05/22/2025,2025,Q2,05,06/23/2025,CA,1710,00330,12,Each,8.25,NRP,NRP48845,8.80617E+12,Aqua Super Aqua Max Watery Essence 50ml,$99.00 
4500186853,05/22/2025,2025,Q2,05,06/23/2025,CA,1710,00340,300,Each,5.01,APB,APB68267,8.80987E+12,Glutath Niacinamide Ampoule Serum 40ml,"$1,503.00 "
4500186853,05/22/2025,2025,Q2,05,06/23/2025,CA,1710,00350,12,Each,7.33,NRP,NRP48844,8.80617E+12,Aqua Super Max Watery Emulsion 130ml,$87.96 
4500186853,05/22/2025,2025,Q2,05,06/23/2025,CA,1710,00360,12,Each,7.33,NRP,NRP48843,8.80617E+12,Aqua Super Aqua Max Watery Toner 150ml,$87.96 
4500186853,05/22/2025,2025,Q2,05,06/23/2025,CA,1710,00370,12,Each,9.59,NRP,NRP48704,8.80617E+12,Blck Bean Invigo Hair Treatment 200ml,$115.08 
4500186853,05/22/2025,2025,Q2,05,06/23/2025,CA,1710,00380,12,Each,13.96,NRP,NRP48695,8.80617E+12,Kombuch Blck Tea Frst Essce 4.73 floz,$167.52 
4500186853,05/22/2025,2025,Q2,05,06/23/2025,CA,1710,00390,24,Each,2.13,NRP,NRP48298,8.80617E+12,Sooth Moist AloeVeraClnsng GelCrm 150ml,$51.12 
4500186853,05/22/2025,2025,Q2,05,06/23/2025,CA,1710,00400,12,Each,6.53,NRP,NRP48257,8.80617E+12,Green Derma Soothing Cream 100ml,$78.36 
4500186853,05/22/2025,2025,Q2,05,06/23/2025,CA,1710,00410,12,Each,8.28,NRP,NRP47879,8.80617E+12,Real Squeeze Aloe Vera Emulsion 130ml,$99.36 
4500186853,05/22/2025,2025,Q2,05,06/23/2025,CA,1710,00420,36,Each,8.28,NRP,NRP47345,8.80617E+12,Shea Butter Ultra Steam Crm 3.38 fl oz,$298.08 
4500186853,05/22/2025,2025,Q2,05,06/23/2025,CA,1710,00430,48,Each,6.53,NRP,NRP46867,8.80617E+12,Argan Essential Deep Care Shampoo 300ml,$313.44 
4500186853,05/22/2025,2025,Q2,05,06/23/2025,CA,1710,00440,16,Each,5.42,NRP,NRP46214,8.80617E+12,Tea Tree Pore Care Ampoule 30 ml,$86.72 
4500186853,05/22/2025,2025,Q2,05,06/23/2025,CA,1710,00450,40,Each,0.45,NRP,NRP45607,8.80617E+12,REAL NATURE SHEA BUTTER MASK SHEET 23ml,$18.00 
4500186853,05/22/2025,2025,Q2,05,06/23/2025,CA,1710,00460,16,Each,10.46,NRP,NRP45415,8.80617E+12,Fresh Powdery Sun Stick SPF50 0.71 oz,$167.36 
4500186853,05/22/2025,2025,Q2,05,06/23/2025,CA,1710,00470,18,Each,24.4,MUZ,MUZ58082,8.80984E+12,Sleek Matt Cushion N21 30 g,$439.20 
4500186853,05/22/2025,2025,Q2,05,06/23/2025,CA,1710,00480,350,Each,5.01,APB,APB68276,8.80987E+12,Glutath Niacinamide Sunscreen 40ml,"$1,753.50 "
4500186853,05/22/2025,2025,Q2,05,06/23/2025,CA,1710,00490,32,Each,10.25,SRI,SRI99708,8.80908E+12,Cleanse Me Softly Milk Cleanser 200ml,$328.00 
4500186853,05/22/2025,2025,Q2,05,06/23/2025,CA,1710,00500,140,Each,5.19,APB,APB68331,8.80987E+12,Glut Niacin Sheet Mask 10 Pack 25ml,$726.60 
4500186853,05/22/2025,2025,Q2,05,06/23/2025,CA,1710,00510,24,Each,4.66,APB,APB68398,8.80987E+12,Glutathione Niacinamide Clean Oil 105ml,$111.84 
4500186853,05/22/2025,2025,Q2,05,06/23/2025,CA,1710,00520,20,Each,13.67,SRI,SRI99710,8.80908E+12,Deep In A Barrier Cream 50ml,$273.40 
4500186853,05/22/2025,2025,Q2,05,06/23/2025,CA,1710,00530,44,Each,5.13,SRI,SRI99720,8.80908E+12,More Than Lip Balm 4g,$225.72 
4500186853,05/22/2025,2025,Q2,05,06/23/2025,CA,1710,00540,36,Each,4.66,APB,APB68399,8.80987E+12,Glutathione Niacinamide Cleans Blm 80ml,$167.76 
4500186853,05/22/2025,2025,Q2,05,06/23/2025,CA,1710,00550,36,Each,4.66,APB,APB68400,8.80987E+12,Glutathione Niacinamide Cln Water 160ml,$167.76 
4500186853,05/22/2025,2025,Q2,05,06/23/2025,CA,1710,00560,20,Each,7.69,SRI,SRI99757,8.80908E+12,Back To My Memories Handcream  50ml,$153.80 
4500186853,05/22/2025,2025,Q2,05,06/23/2025,CA,1710,00570,16,Each,10.25,SRI,SRI99761,8.80908E+12,Cleanse Me SoftlyMilkClnsr Citrus 200ml,$164.00 
4500186853,05/22/2025,2025,Q2,05,06/23/2025,CA,1710,00580,96,Each,4.66,APB,APB68401,8.80987E+12,Glutath Niacin Toner Pad 60 Pads 100ml,$447.36 
4500186854,05/22/2025,2025,Q2,05,06/26/2025,KY,1712,00010,16,Each,9.4,SRI,SRI99706,8.80908E+12,Day By Day Cleansing Gel 150ml,$150.40 
4500186854,05/22/2025,2025,Q2,05,06/26/2025,KY,1712,00020,16,Each,9.4,SRI,SRI99705,8.80908E+12,Time Is Running Out Mist 100ml,$150.40 
4500186854,05/22/2025,2025,Q2,05,06/26/2025,KY,1712,00030,18,Each,16.23,SRI,SRI77910,8.80919E+12,All Your Love Body Cream 300ml,$292.14 
4500186854,05/22/2025,2025,Q2,05,06/26/2025,KY,1712,00040,16,Each,10.25,SRI,SRI99708,8.80908E+12,Cleanse Me Softly Milk Cleanser 200ml,$164.00 
4500186854,05/22/2025,2025,Q2,05,06/26/2025,KY,1712,00050,18,Each,7.69,SRI,SRI77899,8.80919E+12,Let Me Refresh Foam Cleanser 120ml,$138.42 
4500186854,05/22/2025,2025,Q2,05,06/26/2025,KY,1712,00060,18,Each,14.52,SRI,SRI55258,8.80616E+12,Enriched By Nature Cream 50ml,$261.36 
4500186854,05/22/2025,2025,Q2,05,06/26/2025,KY,1712,00070,66,Each,5.13,SRI,SRI99720,8.80908E+12,More Than Lip Balm 4g,$338.58 
4500186854,05/22/2025,2025,Q2,05,06/26/2025,KY,1712,00080,36,Each,11.96,SRI,SRI55257,8.80616E+12,My First Essener 100ml,$430.56 
4500186854,05/22/2025,2025,Q2,05,06/26/2025,KY,1712,00090,16,Each,10.25,SRI,SRI99761,8.80908E+12,Cleanse Me SoftlyMilkClnsr Citrus 200ml,$164.00 
4500186854,05/22/2025,2025,Q2,05,06/26/2025,KY,1712,00100,84,Each,4.66,APB,APB68401,8.80987E+12,Glutath Niacin Toner Pad 60 Pads 100ml,$391.44 
4500186854,05/22/2025,2025,Q2,05,06/26/2025,KY,1712,00110,720,Each,5.01,APB,APB68267,8.80987E+12,Glutath Niacinamide Ampoule Serum 40ml,"$3,607.20 "
4500186854,05/22/2025,2025,Q2,05,06/26/2025,KY,1712,00120,24,Each,4.66,APB,APB68400,8.80987E+12,Glutathione Niacinamide Cln Water 160ml,$111.84 
4500186854,05/22/2025,2025,Q2,05,06/26/2025,KY,1712,00130,408,Each,5.01,APB,APB68268,8.80987E+12,Glutath Niacinamide Facial Cream 55ml,"$2,044.08 "
4500186854,05/22/2025,2025,Q2,05,06/26/2025,KY,1712,00140,300,Each,5.01,APB,APB68270,8.80987E+12,Glutath Niacinamide Facial Toner 160ml,"$1,503.00 "
4500186854,05/22/2025,2025,Q2,05,06/26/2025,KY,1712,00150,60,Each,4.66,APB,APB68398,8.80987E+12,Glutathione Niacinamide Clean Oil 105ml,$279.60 
4500186854,05/22/2025,2025,Q2,05,06/26/2025,KY,1712,00160,72,Each,5.01,APB,APB68271,8.80987E+12,Glutath Niacinamide Mist Essence 105ml,$360.72 
4500186854,05/22/2025,2025,Q2,05,06/26/2025,KY,1712,00170,63,Each,5.01,APB,APB68272,8.80987E+12,Glutath Niacinamide Fac Cleanser 80ml,$315.63 
4500186854,05/22/2025,2025,Q2,05,06/26/2025,KY,1712,00180,240,Each,5.19,APB,APB68331,8.80987E+12,Glut Niacin Sheet Mask 10 Pack 25ml,"$1,245.60 "
4500186854,05/22/2025,2025,Q2,05,06/26/2025,KY,1712,00190,608,Each,5.01,APB,APB68273,8.80987E+12,Glutath Niacinamide Body Wash 300ml,"$3,046.08 "
4500186854,05/22/2025,2025,Q2,05,06/26/2025,KY,1712,00200,720,Each,5.01,APB,APB68274,8.80987E+12,Glutath Niacinamide Body Lotion 300ml,"$3,607.20 "
4500186854,05/22/2025,2025,Q2,05,06/26/2025,KY,1712,00210,400,Each,5.01,APB,APB68276,8.80987E+12,Glutath Niacinamide Sunscreen 40ml,"$2,004.00 "
4500186854,05/22/2025,2025,Q2,05,06/26/2025,KY,1712,00220,200,Each,5.01,APB,APB68275,8.80987E+12,Glutath Niacinamide Eye Cream 20ml,"$1,002.00 "
4500186854,05/22/2025,2025,Q2,05,06/26/2025,KY,1712,00230,36,Each,15.07,DMX,DMX48109,8.80989E+12,Exosome Repair Cream 50 ml,$542.52 
4500186854,05/22/2025,2025,Q2,05,06/26/2025,KY,1712,00240,60,Each,15.4,DMX,DMX48086,8.80989E+12,TX Ampoule Rx 1.01 fl oz (30 ml),$924.00 
4500186854,05/22/2025,2025,Q2,05,06/26/2025,KY,1712,00250,30,Each,7.53,DMX,DMX48134,8.80989E+12,Exosome Repair Toner 300 ml,$225.90 
4500186854,05/22/2025,2025,Q2,05,06/26/2025,KY,1712,00260,36,Each,12.34,DMX,DMX48135,8.80989E+12,Papaya Powder Wash 1.7 oz (50 g),$444.24 
4500186854,05/22/2025,2025,Q2,05,06/26/2025,KY,1712,00270,180,Each,17.2,DMX,DMX48245,8.80989E+12,Facephalt Tightening Cream 50ml,"$3,096.00 "
4500186854,05/22/2025,2025,Q2,05,06/26/2025,KY,1712,00280,20,Each,10.4,DMX,DMX48243,8.80989E+12,DMX Melting Cleanser 150 ml,$208.00 
4500186854,05/22/2025,2025,Q2,05,06/26/2025,KY,1712,00290,96,Each,13.2,DMX,DMX48236,8.80989E+12,Peel Shot Exfoliant Rice Ampoule 80ml,"$1,267.20 "
4500186854,05/22/2025,2025,Q2,05,06/26/2025,KY,1712,00300,50,Each,25.78,DMX,DMX48193,8.80989E+12,Eyephalt Eyecream For Eyebags 10ml,"$1,289.00 "
4500186854,05/22/2025,2025,Q2,05,06/26/2025,KY,1712,00310,20,Each,10.49,DMX,DMX48185,8.80989E+12,Bond Clin Prot Bond Remod Clinic 250ml,$209.80 
4500186854,05/22/2025,2025,Q2,05,06/26/2025,KY,1712,00320,90,Each,15.07,DMX,DMX48184,8.80989E+12,TX Ret Double Effect Eye Cream 40g,"$1,356.30 "
4500186854,05/22/2025,2025,Q2,05,06/26/2025,KY,1712,00330,294,Each,12.34,DMX,DMX48141,8.80989E+12,TX Cream 1.69 fl oz (50 ml),"$3,627.96 "
4500186854,05/22/2025,2025,Q2,05,06/26/2025,KY,1712,00340,12,Each,17.69,DMX,DMX48144,8.80989E+12,Oyster Pep3 Renewal Ampoule (30 ml),$212.28 
4500186854,05/22/2025,2025,Q2,05,06/26/2025,KY,1712,00350,56,Each,5.16,NRP,NRP49010,8.80617E+12,Mild and Mst Aloe Vera Water Gel 250ml,$288.96 
4500186854,05/22/2025,2025,Q2,05,06/26/2025,KY,1712,00360,30,Each,9.41,NRP,NRP48847,8.80617E+12,Aqa Sup Max Combin Watery Cream 80ml,$282.30 
4500186854,05/22/2025,2025,Q2,05,06/26/2025,KY,1712,00370,18,Each,7.33,NRP,NRP48844,8.80617E+12,Aqua Super Max Watery Emulsion 130ml,$131.94 
4500186854,05/22/2025,2025,Q2,05,06/26/2025,KY,1712,00380,18,Each,7.33,NRP,NRP48843,8.80617E+12,Aqua Super Aqua Max Watery Toner 150ml,$131.94 
4500186854,05/22/2025,2025,Q2,05,06/26/2025,KY,1712,00390,1008,Each,2.13,NRP,NRP48814,8.80617E+12,NRP Aloe Vera Watery Gel 300ml,"$2,147.04 "
4500186854,05/22/2025,2025,Q2,05,06/26/2025,KY,1712,00400,12,Each,4.78,NRP,NRP48435,8.80617E+12,After Care Spot Patch 60-12 MM,$57.36 
4500186854,05/22/2025,2025,Q2,05,06/26/2025,KY,1712,00410,24,Each,2.13,NRP,NRP48298,8.80617E+12,Sooth Moist AloeVeraClnsng GelCrm 150ml,$51.12 
4500186854,05/22/2025,2025,Q2,05,06/26/2025,KY,1712,00420,12,Each,6.53,NRP,NRP48257,8.80617E+12,Green Derma Soothing Cream 100ml,$78.36 
4500186854,05/22/2025,2025,Q2,05,06/26/2025,KY,1712,00430,18,Each,24.4,MUZ,MUZ58083,8.80984E+12,Sleek Matt Cushion N23 30 g,$439.20 
4500186854,05/22/2025,2025,Q2,05,06/26/2025,KY,1712,00440,36,Each,24.4,MUZ,MUZ58082,8.80984E+12,Sleek Matt Cushion N21 30 g,$878.40 
4500186854,05/22/2025,2025,Q2,05,06/26/2025,KY,1712,00450,13,Each,12.34,DMX,DMX48165,8.80989E+12,ECM Neck Barrier Ampoule 1.5 ml 10 ea,$160.42 
4500186854,05/22/2025,2025,Q2,05,06/26/2025,KY,1712,00460,39,Each,17.69,DMX,DMX48170,8.80989E+12,Exosome Repair Ampoule Plus 40 ml,$689.91 
4500186854,05/22/2025,2025,Q2,05,06/26/2025,KY,1712,00470,42,Each,9.2,DMX,DMX48159,8.80989E+12,Aqua Ion Plas Hydrat Water Toner 200ml,$386.40 
4500186854,05/22/2025,2025,Q2,05,06/26/2025,KY,1712,00480,180,Each,17.85,DMX,DMX48150,8.80989E+12,Extra Whitening Ampoule 30 ml,"$3,213.00 "
4500186854,05/22/2025,2025,Q2,05,06/26/2025,KY,1712,00490,36,Each,8.96,DMX,DMX48005,8.80989E+12,TX Peeling Toner 5.07 fl oz (150 ml),$322.56 
4500186854,05/22/2025,2025,Q2,05,06/26/2025,KY,1712,00500,128,Each,14,DMX,DMX48149,8.80989E+12,Anti-Freckles Whiten Capsule Cream 50g,"$1,792.00 "
4500186854,05/22/2025,2025,Q2,05,06/26/2025,KY,1712,00510,11,Each,10.49,DMX,DMX48148,8.80989E+12,Oyster Pep-3 Renewal Oil Mist 100 ml,$115.39 
4500186854,05/22/2025,2025,Q2,05,06/26/2025,KY,1712,00520,11,Each,5.58,DMX,DMX48147,8.80989E+12,Oyster Pep-3 Renewal Mask Pck 3 g 5 Ea,$61.38 
4500186854,05/22/2025,2025,Q2,05,06/26/2025,KY,1712,00530,28,Each,15.07,DMX,DMX48145,8.80989E+12,Oyster Pep-3 Renewal Cream  50 ml,$421.96 
4500186854,05/22/2025,2025,Q2,05,06/26/2025,KY,1712,00540,64,Each,10.46,NRP,NRP45415,8.80617E+12,Fresh Powdery Sun Stick SPF50 0.71 oz,$669.44 
4500186854,05/22/2025,2025,Q2,05,06/26/2025,KY,1712,00550,80,Each,0.45,NRP,NRP45606,8.80617E+12,REAL NATURE OLIVE MASK SHEET 23ml,$36.00 
4500186854,05/22/2025,2025,Q2,05,06/26/2025,KY,1712,00560,80,Each,0.45,NRP,NRP45607,8.80617E+12,REAL NATURE SHEA BUTTER MASK SHEET 23ml,$36.00 
4500186854,05/22/2025,2025,Q2,05,06/26/2025,KY,1712,00570,16,Each,5.42,NRP,NRP46214,8.80617E+12,Tea Tree Pore Care Ampoule 30 ml,$86.72 
4500186854,05/22/2025,2025,Q2,05,06/26/2025,KY,1712,00580,56,Each,6.53,NRP,NRP46867,8.80617E+12,Argan Essential Deep Care Shampoo 300ml,$365.68 
4500186854,05/22/2025,2025,Q2,05,06/26/2025,KY,1712,00590,12,Each,4.78,NRP,NRP47070,8.80617E+12,Relf Cre Spot Patch 24-12 MM 36-10 MM,$57.36 
4500186854,05/22/2025,2025,Q2,05,06/26/2025,KY,1712,00600,48,Each,8.28,NRP,NRP47345,8.80617E+12,Shea Butter Ultra Steam Crm 3.38 fl oz,$397.44 
4500186854,05/22/2025,2025,Q2,05,06/26/2025,KY,1712,00610,12,Each,8.28,NRP,NRP47346,8.80617E+12,Shea Butter Moist Steam Crm 3.38 floz,$99.36 
4500186854,05/22/2025,2025,Q2,05,06/26/2025,KY,1712,00620,12,Each,8.28,NRP,NRP47879,8.80617E+12,Real Squeeze Aloe Vera Emulsion 130ml,$99.36 
4500186855,05/22/2025,2025,Q2,05,06/23/2025,CA,1710,00010,108,Each,1,HBF,HBF45026,8.80028E+12,Laver Popcorn 80 g,$108.00 
4500186855,05/22/2025,2025,Q2,05,06/23/2025,CA,1710,00030,280,Each,3.24,HBF,HBF94449,8.80962E+12,HBAF Honey Butter Almond 120 g,$907.20 
4500186855,05/22/2025,2025,Q2,05,06/23/2025,CA,1710,00040,100,Each,3.24,HBF,HBF94450,8.80962E+12,HBAF Wasabi Almond 120 g,$324.00 
4500186855,05/22/2025,2025,Q2,05,06/23/2025,CA,1710,00050,40,Each,3.24,HBF,HBF94451,8.80962E+12,HBAF Baked Corn Almond 120 g,$129.60 
4500186855,05/22/2025,2025,Q2,05,06/23/2025,CA,1710,00060,40,Each,3.24,HBF,HBF94477,8.80962E+12,HBAF Hot & Spicy Chicken Almond 120 g,$129.60 
4500186855,05/22/2025,2025,Q2,05,06/23/2025,CA,1710,00070,40,Each,3.24,HBF,HBF94478,8.80962E+12,HBAF Tteokbokki Almond 120 g,$129.60 
4500186855,05/22/2025,2025,Q2,05,06/23/2025,CA,1710,00080,20,Each,3.24,HBF,HBF94493,8.80962E+12,HBAF Cheongyang Mayo Almond 120 g,$64.80 
4500186855,05/22/2025,2025,Q2,05,06/23/2025,CA,1710,00090,40,Each,3.24,HBF,HBF94494,8.80962E+12,HBAF Garlic Bread Almond 120 g,$129.60 
4500186855,05/22/2025,2025,Q2,05,06/23/2025,CA,1710,00100,20,Each,3.24,HBF,HBF94533,8.80962E+12,HBAF Laver Almond 120 g,$64.80 
4500186855,05/22/2025,2025,Q2,05,06/23/2025,CA,1710,00110,80,Each,3.24,HBF,HBF94578,8.80962E+12,HBAF Roasted Onion Almond 120 g,$259.20 
4500186855,05/22/2025,2025,Q2,05,06/23/2025,CA,1710,00130,108,Each,1,HBF,HBF94928,8.80962E+12,Pepperoni Pizza Popcorn 80 g,$108.00 
4500186855,05/22/2025,2025,Q2,05,06/23/2025,CA,1710,00160,108,Each,1,HBF,HBF94954,8.80962E+12,Curry Popcorn 80 g,$108.00 
4500186855,05/22/2025,2025,Q2,05,06/23/2025,CA,1710,00170,30,Each,9.31,LFT,LFT67861,8.80592E+12,Lacto Fit Bebe 120 g,$279.30 
4500186855,05/22/2025,2025,Q2,05,06/23/2025,CA,1710,00180,120,Each,10.15,LFT,LFT67871,8.80592E+12,Lacto Fit Kids 120 g,"$1,218.00 "
4500186855,05/22/2025,2025,Q2,05,06/23/2025,CA,1710,00190,90,Each,8.33,LFT,LFT68101,8.80592E+12,Lacto Fit Core 120 g,$749.70 
4500186855,05/22/2025,2025,Q2,05,06/23/2025,CA,1710,00200,90,Each,12.99,LFT,LFT68201,8.80592E+12,Lacto Fit Slim 120 g,"$1,169.10 "
4500186855,05/22/2025,2025,Q2,05,06/23/2025,CA,1710,00210,30,Each,10.15,LFT,LFT68241,8.80592E+12,Plant-based Lacto Fit 120 g,$304.50 
4500186855,05/22/2025,2025,Q2,05,06/23/2025,CA,1710,00220,48,Each,10.51,LFT,LFT69271,8.80592E+12,Lacto Fit Glucose Control 120 g,$504.48 
4500186855,05/22/2025,2025,Q2,05,06/23/2025,CA,1710,00230,60,Each,9.53,LFT,LFT69431,8.80592E+12,Lacto Fit Liver Support 120 g,$571.80 
4500186856,05/22/2025,2025,Q2,05,06/26/2025,KY,1712,00010,108,Each,1,HBF,HBF45026,8.80028E+12,Laver Popcorn 80 g,$108.00 
4500186856,05/22/2025,2025,Q2,05,06/26/2025,KY,1712,00020,20,Each,3.24,HBF,HBF94533,8.80962E+12,HBAF Laver Almond 120 g,$64.80 
4500186856,05/22/2025,2025,Q2,05,06/26/2025,KY,1712,00040,40,Each,3.24,HBF,HBF94494,8.80962E+12,HBAF Garlic Bread Almond 120 g,$129.60 
4500186856,05/22/2025,2025,Q2,05,06/26/2025,KY,1712,00060,40,Each,3.24,HBF,HBF94477,8.80962E+12,HBAF Hot & Spicy Chicken Almond 120 g,$129.60 
4500186856,05/22/2025,2025,Q2,05,06/26/2025,KY,1712,00070,108,Each,1,HBF,HBF94954,8.80962E+12,Curry Popcorn 80 g,$108.00 
4500186856,05/22/2025,2025,Q2,05,06/26/2025,KY,1712,00080,20,Each,3.24,HBF,HBF94451,8.80962E+12,HBAF Baked Corn Almond 120 g,$64.80 
4500186856,05/22/2025,2025,Q2,05,06/26/2025,KY,1712,00090,30,Each,9.31,LFT,LFT67861,8.80592E+12,Lacto Fit Bebe 120 g,$279.30 
4500186856,05/22/2025,2025,Q2,05,06/26/2025,KY,1712,00100,20,Each,3.24,HBF,HBF94578,8.80962E+12,HBAF Roasted Onion Almond 120 g,$64.80 
4500186856,05/22/2025,2025,Q2,05,06/26/2025,KY,1712,00110,300,Each,7.99,LFT,LFT67921,8.80592E+12,Lacto Fit Gold 100 g,"$2,397.00 "
4500186856,05/22/2025,2025,Q2,05,06/26/2025,KY,1712,00120,40,Each,3.24,HBF,HBF94201,8.80962E+12,HBAF Caramel Salt Almond & Pretzel 120g,$129.60 
4500186856,05/22/2025,2025,Q2,05,06/26/2025,KY,1712,00140,90,Each,9.53,LFT,LFT69431,8.80592E+12,Lacto Fit Liver Support 120 g,$857.70 
4500186856,05/22/2025,2025,Q2,05,06/26/2025,KY,1712,00150,360,Each,3.24,HBF,HBF94449,8.80962E+12,HBAF Honey Butter Almond 120 g,"$1,166.40 "
4500186856,05/22/2025,2025,Q2,05,06/26/2025,KY,1712,00160,30,Each,10.51,LFT,LFT69271,8.80592E+12,Lacto Fit Glucose Control 120 g,$315.30 
4500186856,05/22/2025,2025,Q2,05,06/26/2025,KY,1712,00170,108,Each,1,HBF,HBF94928,8.80962E+12,Pepperoni Pizza Popcorn 80 g,$108.00 
4500186856,05/22/2025,2025,Q2,05,06/26/2025,KY,1712,00180,150,Each,8.33,LFT,LFT68101,8.80592E+12,Lacto Fit Core 120 g,"$1,249.50 "
4500186856,05/22/2025,2025,Q2,05,06/26/2025,KY,1712,00190,120,Each,15.94,LFT,LFT68181,8.80592E+12,Lacto Fit Beauty 120 g,"$1,912.80 "
4500186856,05/22/2025,2025,Q2,05,06/26/2025,KY,1712,00210,60,Each,3.24,HBF,HBF94450,8.80962E+12,HBAF Wasabi Almond 120 g,$194.40 
4500186856,05/22/2025,2025,Q2,05,06/26/2025,KY,1712,00220,420,Each,12.99,LFT,LFT68201,8.80592E+12,Lacto Fit Slim 120 g,"$5,455.80 "
4500186857,05/22/2025,2025,Q2,05,06/23/2025,CA,1710,00010,100,Each,10.71,GBL,GBL54440,8.80974E+12,PDRN Rejuvenating Toner 300 ml,"$1,071.00 "
4500186857,05/22/2025,2025,Q2,05,06/23/2025,CA,1710,00020,40,Each,7.14,GBL,GBL54364,8.80974E+12,Glutathi Bright Ample Msk 5 Pk 25 ml,$285.60 
4500186857,05/22/2025,2025,Q2,05,06/23/2025,CA,1710,00030,80,Each,7.14,GBL,GBL54124,8.80974E+12,PDRN Rejuvenating Mask 5 Pack 25ml,$571.20 
4500186857,05/22/2025,2025,Q2,05,06/23/2025,CA,1710,00040,20,Each,7.58,GBL,GBL51045,8.80989E+12,Glutamin-C Luminous Eye Cream 10 ml,$151.60 
4500186857,05/22/2025,2025,Q2,05,06/23/2025,CA,1710,00050,90,Each,12.94,GBL,GBL39004,8.80969E+12,PDRN Rejuvenating Cream 70 ml,"$1,164.60 "
4500186857,05/22/2025,2025,Q2,05,06/23/2025,CA,1710,00060,10,Each,15.17,GBL,GBL25112,8.80614E+12,Melacare Intensive Cream 50 ml,$151.70 
4500186857,05/22/2025,2025,Q2,05,06/23/2025,CA,1710,00070,70,Each,13.38,GBL,GBL25102,8.80614E+12,PDRN Vita Toning Ampoule 30 ml,$936.60 
4500186858,05/22/2025,2025,Q2,05,06/26/2025,KY,1712,00010,80,Each,7.58,GBL,GBL51045,8.80989E+12,Glutamin-C Luminous Eye Cream 10 ml,$606.40 
4500186858,05/22/2025,2025,Q2,05,06/26/2025,KY,1712,00020,250,Each,12.94,GBL,GBL39004,8.80969E+12,PDRN Rejuvenating Cream 70 ml,"$3,235.00 "
4500186858,05/22/2025,2025,Q2,05,06/26/2025,KY,1712,00030,200,Each,13.38,GBL,GBL25102,8.80614E+12,PDRN Vita Toning Ampoule 30 ml,"$2,676.00 "
4500186858,05/22/2025,2025,Q2,05,06/26/2025,KY,1712,00040,130,Each,7.14,GBL,GBL54124,8.80974E+12,PDRN Rejuvenating Mask 5 Pack 25ml,$928.20 
4500186858,05/22/2025,2025,Q2,05,06/26/2025,KY,1712,00050,250,Each,10.71,GBL,GBL54440,8.80974E+12,PDRN Rejuvenating Toner 300 ml,"$2,677.50 "
4500187030,05/23/2025,2025,Q2,05,06/26/2025,KY,1712,00010,105,Each,11.79,EQQ,EQQ45319,8.80988E+12,EQQ Swimming Pool Toner 300ml,"$1,237.95 "
4500187030,05/23/2025,2025,Q2,05,06/26/2025,KY,1712,00020,90,Each,11.79,EQQ,EQQ45431,8.80988E+12,EQQ Swimm Pool Toner Pads 70 Pads 220ml,"$1,061.10 "
4500187030,05/23/2025,2025,Q2,05,06/26/2025,KY,1712,00030,220,Each,12.26,EQQ,EQQ45427,8.80988E+12,EQQ Swimming Pool Ampoule 50ml,"$2,697.20 "
4500187030,05/23/2025,2025,Q2,05,06/26/2025,KY,1712,00040,216,Each,12.85,EQQ,EQQ45648,8.80988E+12,EQQ Deep Cera Baku Plump Serum 30ml,"$2,775.60 "
4500187030,05/23/2025,2025,Q2,05,06/26/2025,KY,1712,00050,216,Each,12.85,EQQ,EQQ45647,8.80988E+12,EQQ Deep Cera Vitamin Illum Serum 30ml,"$2,775.60 "
4500187030,05/23/2025,2025,Q2,05,06/26/2025,KY,1712,00060,240,Each,11.12,EQQ,EQQ45601,8.80988E+12,EQQ Prple Pre Purify Pk Cleanse 130g,"$2,668.80 "
4500187030,05/23/2025,2025,Q2,05,06/26/2025,KY,1712,00070,240,Each,11.55,EQQ,EQQ45602,8.80988E+12,EQQ Purple PDRN Pore Minimiz Serum 30ml,"$2,772.00 "
4500187030,05/23/2025,2025,Q2,05,06/26/2025,KY,1712,00080,220,Each,11.55,EQQ,EQQ45603,8.80988E+12,EQQ Purple Pore Smooth Cleans Oil 200ml,"$2,541.00 "
4500187030,05/23/2025,2025,Q2,05,06/26/2025,KY,1712,00090,240,Each,10.69,EQQ,EQQ45639,8.80988E+12,EQQ Coll PreTghtUp Hydrogel Msk 4ct 30g,"$2,565.60 "
4500187030,05/23/2025,2025,Q2,05,06/26/2025,KY,1712,00100,240,Each,10.69,EQQ,EQQ45643,8.80988E+12,EQQ Collagen GlwUp Hydrogel Msk 4ct 30g,"$2,565.60 "
4500187031,05/23/2025,2025,Q2,05,06/26/2025,CA,1710,00010,210,Each,11.79,EQQ,EQQ45319,8.80988E+12,EQQ Swimming Pool Toner 300ml,"$2,475.90 "
4500187031,05/23/2025,2025,Q2,05,06/26/2025,CA,1710,00020,180,Each,11.79,EQQ,EQQ45431,8.80988E+12,EQQ Swimm Pool Toner Pads 70 Pads 220ml,"$2,122.20 "
4500187031,05/23/2025,2025,Q2,05,06/26/2025,CA,1710,00030,77,Each,12.26,EQQ,EQQ45427,8.80988E+12,EQQ Swimming Pool Ampoule 50ml,$944.02 
4500187031,05/23/2025,2025,Q2,05,06/26/2025,CA,1710,00040,108,Each,12.85,EQQ,EQQ45648,8.80988E+12,EQQ Deep Cera Baku Plump Serum 30ml,"$1,387.80 "
4500187031,05/23/2025,2025,Q2,05,06/26/2025,CA,1710,00050,108,Each,12.85,EQQ,EQQ45647,8.80988E+12,EQQ Deep Cera Vitamin Illum Serum 30ml,"$1,387.80 "
4500187031,05/23/2025,2025,Q2,05,06/26/2025,CA,1710,00060,120,Each,11.12,EQQ,EQQ45601,8.80988E+12,EQQ Prple Pre Purify Pk Cleanse 130g,"$1,334.40 "
4500187031,05/23/2025,2025,Q2,05,06/26/2025,CA,1710,00070,120,Each,11.55,EQQ,EQQ45602,8.80988E+12,EQQ Purple PDRN Pore Minimiz Serum 30ml,"$1,386.00 "
4500187031,05/23/2025,2025,Q2,05,06/26/2025,CA,1710,00080,77,Each,11.55,EQQ,EQQ45603,8.80988E+12,EQQ Purple Pore Smooth Cleans Oil 200ml,$889.35 
4500187031,05/23/2025,2025,Q2,05,06/26/2025,CA,1710,00090,120,Each,10.69,EQQ,EQQ45639,8.80988E+12,EQQ Coll PreTghtUp Hydrogel Msk 4ct 30g,"$1,282.80 "
4500187031,05/23/2025,2025,Q2,05,06/26/2025,CA,1710,00100,120,Each,10.69,EQQ,EQQ45643,8.80988E+12,EQQ Collagen GlwUp Hydrogel Msk 4ct 30g,"$1,282.80 "
4500187032,05/23/2025,2025,Q2,05,06/26/2025,KY,1712,00010,75,Each,9.57,PNA,PNA09470,8.8097E+12,Cicamanu 92 Serum 1.01 fl oz (30 ml),$717.75 
4500187033,05/23/2025,2025,Q2,05,06/26/2025,CA,1710,00010,150,Each,9.57,PNA,PNA09470,8.8097E+12,Cicamanu 92 Serum 1.01 fl oz (30 ml),"$1,435.50 "
4500188179,05/30/2025,2025,Q2,05,06/30/2025,CA,1710,00030,20,Each,10.4,DMX,DMX48243,8.80989E+12,DMX Melting Cleanser 150 ml,$208.00 
4500188179,05/30/2025,2025,Q2,05,06/30/2025,CA,1710,00040,14,Each,18.46,DMX,DMX48115,8.80989E+12,EX Volume Firm Calcium Int Cream 50ml,$258.44 
4500188179,05/30/2025,2025,Q2,05,06/30/2025,CA,1710,00050,90,Each,17.2,DMX,DMX48245,8.80989E+12,Facephalt Tightening Cream 50ml,"$1,548.00 "
4500188179,05/30/2025,2025,Q2,05,06/30/2025,CA,1710,00070,40,Each,7.53,DMX,DMX48134,8.80989E+12,Exosome Repair Toner 300 ml,$301.20 
4500188179,05/30/2025,2025,Q2,05,06/30/2025,CA,1710,00090,12,Each,16,DMX,DMX48087,8.80989E+12,BP Pore Barrier Cream 1.76 oz (50 g),$192.00 
4500188179,05/30/2025,2025,Q2,05,06/30/2025,CA,1710,00100,11,Each,10.49,DMX,DMX48148,8.80989E+12,Oyster Pep-3 Renewal Oil Mist 100 ml,$115.39 
4500188179,05/30/2025,2025,Q2,05,06/30/2025,CA,1710,00110,304,Each,5.01,APB,APB68274,8.80987E+12,Glutath Niacinamide Body Lotion 300ml,"$1,523.04 "
4500188179,05/30/2025,2025,Q2,05,06/30/2025,CA,1710,00140,24,Each,17.85,DMX,DMX48150,8.80989E+12,Extra Whitening Ampoule 30 ml,$428.40 
4500188179,05/30/2025,2025,Q2,05,06/30/2025,CA,1710,00150,24,Each,10.5,DMX,DMX48039,8.80989E+12,BP Exfoliating Pad 70 Pads 165ml,$252.00 
4500188179,05/30/2025,2025,Q2,05,06/30/2025,CA,1710,00160,12,Each,7,DMX,DMX48153,8.80989E+12,Astax Whiten Amp Mask Pack 25g 5 Ea,$84.00 
4500188179,05/30/2025,2025,Q2,05,06/30/2025,CA,1710,00170,16,Each,13.2,DMX,DMX48237,8.80989E+12,Peel Sht Exfol Blck Rce Ampoule 2.7floz,$211.20 
4500188179,05/30/2025,2025,Q2,05,06/30/2025,CA,1710,00190,13,Each,17.69,DMX,DMX48170,8.80989E+12,Exosome Repair Ampoule Plus 40 ml,$229.97 
4500188179,05/30/2025,2025,Q2,05,06/30/2025,CA,1710,00220,12,Each,22.18,DMX,DMX48198,8.80989E+12,Pic Shot Pig Correct Calc Ample 30ml,$266.16 
4500188179,05/30/2025,2025,Q2,05,06/30/2025,CA,1710,00230,13,Each,12.34,DMX,DMX48165,8.80989E+12,ECM Neck Barrier Ampoule 1.5 ml 10 ea,$160.42 
4500188179,05/30/2025,2025,Q2,05,06/30/2025,CA,1710,00240,14,Each,17.69,DMX,DMX48164,8.80989E+12,ECM Neck Barrier Cream 1.69 fl oz,$247.66 
4500188179,05/30/2025,2025,Q2,05,06/30/2025,CA,1710,00250,60,Each,7.53,DMX,DMX48186,8.80989E+12,Bond Clin I Prot Bond Rem Shampoo 400ml,$451.80 
4500188179,05/30/2025,2025,Q2,05,06/30/2025,CA,1710,00270,12,Each,4.66,APB,APB68401,8.80987E+12,Glutath Niacin Toner Pad 60 Pads 100ml,$55.92 
4500188179,05/30/2025,2025,Q2,05,06/30/2025,CA,1710,00280,30,Each,7,DMX,DMX48162,8.80989E+12,Aqua Ion Plas Hydrat Wtr Msk 25g 5 Ea,$210.00 
4500188179,05/30/2025,2025,Q2,05,06/30/2025,CA,1710,00290,18,Each,18.46,DMX,DMX48199,8.80989E+12,Pic Shot Pign Correct Calc Cream 25 g,$332.28 
4500188180,05/30/2025,2025,Q2,05,07/07/2025,KY,1712,00010,189,Each,5.01,APB,APB68272,8.80987E+12,Glutath Niacinamide Fac Cleanser 80ml,$946.89 
4500188180,05/30/2025,2025,Q2,05,07/07/2025,KY,1712,00020,100,Each,15.07,DMX,DMX48184,8.80989E+12,TX Ret Double Effect Eye Cream 40g,"$1,507.00 "
4500188180,05/30/2025,2025,Q2,05,07/07/2025,KY,1712,00040,260,Each,5.01,APB,APB68267,8.80987E+12,Glutath Niacinamide Ampoule Serum 40ml,"$1,302.60 "
4500188180,05/30/2025,2025,Q2,05,07/07/2025,KY,1712,00050,312,Each,5.01,APB,APB68268,8.80987E+12,Glutath Niacinamide Facial Cream 55ml,"$1,563.12 "
4500188180,05/30/2025,2025,Q2,05,07/07/2025,KY,1712,00060,40,Each,7.53,DMX,DMX48186,8.80989E+12,Bond Clin I Prot Bond Rem Shampoo 400ml,$301.20 
4500188180,05/30/2025,2025,Q2,05,07/07/2025,KY,1712,00070,40,Each,10.49,DMX,DMX48185,8.80989E+12,Bond Clin Prot Bond Remod Clinic 250ml,$419.60 
4500188180,05/30/2025,2025,Q2,05,07/07/2025,KY,1712,00080,240,Each,5.01,APB,APB68270,8.80987E+12,Glutath Niacinamide Facial Toner 160ml,"$1,202.40 "
4500188180,05/30/2025,2025,Q2,05,07/07/2025,KY,1712,00090,184,Each,13.2,DMX,DMX48236,8.80989E+12,Peel Shot Exfoliant Rice Ampoule 80ml,"$2,428.80 "
4500188180,05/30/2025,2025,Q2,05,07/07/2025,KY,1712,00110,12,Each,22.18,DMX,DMX48198,8.80989E+12,Pic Shot Pig Correct Calc Ample 30ml,$266.16 
4500188180,05/30/2025,2025,Q2,05,07/07/2025,KY,1712,00140,12,Each,12.34,DMX,DMX48167,8.80989E+12,Calcium Dark Spot Eye Cream 15 g,$148.08 
4500188180,05/30/2025,2025,Q2,05,07/07/2025,KY,1712,00150,39,Each,12.34,DMX,DMX48165,8.80989E+12,ECM Neck Barrier Ampoule 1.5 ml 10 ea,$481.26 
4500188180,05/30/2025,2025,Q2,05,07/07/2025,KY,1712,00160,28,Each,17.69,DMX,DMX48164,8.80989E+12,ECM Neck Barrier Cream 1.69 fl oz,$495.32 
4500188180,05/30/2025,2025,Q2,05,07/07/2025,KY,1712,00190,48,Each,7,DMX,DMX48162,8.80989E+12,Aqua Ion Plas Hydrat Wtr Msk 25g 5 Ea,$336.00 
4500188180,05/30/2025,2025,Q2,05,07/07/2025,KY,1712,00210,18,Each,18.46,DMX,DMX48199,8.80989E+12,Pic Shot Pign Correct Calc Cream 25 g,$332.28 
4500188180,05/30/2025,2025,Q2,05,07/07/2025,KY,1712,00230,96,Each,4.66,APB,APB68398,8.80987E+12,Glutathione Niacinamide Clean Oil 105ml,$447.36 
4500188180,05/30/2025,2025,Q2,05,07/07/2025,KY,1712,00240,48,Each,4.66,APB,APB68399,8.80987E+12,Glutathione Niacinamide Cleans Blm 80ml,$223.68 
4500188180,05/30/2025,2025,Q2,05,07/07/2025,KY,1712,00250,410,Each,5.01,APB,APB68276,8.80987E+12,Glutath Niacinamide Sunscreen 40ml,"$2,054.10 "
4500188180,05/30/2025,2025,Q2,05,07/07/2025,KY,1712,00280,80,Each,5.01,APB,APB68275,8.80987E+12,Glutath Niacinamide Eye Cream 20ml,$400.80 
4500188180,05/30/2025,2025,Q2,05,07/07/2025,KY,1712,00290,14,Each,15.07,DMX,DMX48145,8.80989E+12,Oyster Pep-3 Renewal Cream  50 ml,$210.98 
4500188180,05/30/2025,2025,Q2,05,07/07/2025,KY,1712,00300,14,Each,18.46,DMX,DMX48115,8.80989E+12,EX Volume Firm Calcium Int Cream 50ml,$258.44 
4500188180,05/30/2025,2025,Q2,05,07/07/2025,KY,1712,00310,816,Each,5.01,APB,APB68274,8.80987E+12,Glutath Niacinamide Body Lotion 300ml,"$4,088.16 "
4500188180,05/30/2025,2025,Q2,05,07/07/2025,KY,1712,00330,48,Each,15.07,DMX,DMX48109,8.80989E+12,Exosome Repair Cream 50 ml,$723.36 
4500188180,05/30/2025,2025,Q2,05,07/07/2025,KY,1712,00340,36,Each,4.66,APB,APB68400,8.80987E+12,Glutathione Niacinamide Cln Water 160ml,$167.76 
4500188180,05/30/2025,2025,Q2,05,07/07/2025,KY,1712,00360,120,Each,4.66,APB,APB68401,8.80987E+12,Glutath Niacin Toner Pad 60 Pads 100ml,$559.20 
4500188180,05/30/2025,2025,Q2,05,07/07/2025,KY,1712,00370,24,Each,10.5,DMX,DMX48039,8.80989E+12,BP Exfoliating Pad 70 Pads 165ml,$252.00 
4500188180,05/30/2025,2025,Q2,05,07/07/2025,KY,1712,00380,36,Each,7,DMX,DMX48153,8.80989E+12,Astax Whiten Amp Mask Pack 25g 5 Ea,$252.00 
4500188180,05/30/2025,2025,Q2,05,07/07/2025,KY,1712,00390,416,Each,5.01,APB,APB68273,8.80987E+12,Glutath Niacinamide Body Wash 300ml,"$2,084.16 "
4500189847,06/06/2025,2025,Q2,06,07/07/2025,CA,1710,00010,16,Each,5.42,NRP,NRP46222,8.80617E+12,Vitamin E Glossy Skin Ampoule 30 ml,$86.72 
4500189847,06/06/2025,2025,Q2,06,07/07/2025,CA,1710,00020,20,Each,11.53,SRI,SRI99760,8.80908E+12,Organic Hand Lip Care Set 50ml4g,$230.60 
4500189847,06/06/2025,2025,Q2,06,07/07/2025,CA,1710,00030,16,Each,10.25,SRI,SRI99708,8.80908E+12,Cleanse Me Softly Milk Cleanser 200ml,$164.00 
4500189847,06/06/2025,2025,Q2,06,07/07/2025,CA,1710,00040,16,Each,5.42,NRP,NRP46214,8.80617E+12,Tea Tree Pore Care Ampoule 30 ml,$86.72 
4500189847,06/06/2025,2025,Q2,06,07/07/2025,CA,1710,00050,12,Each,8.28,NRP,NRP47879,8.80617E+12,Real Squeeze Aloe Vera Emulsion 130ml,$99.36 
4500189847,06/06/2025,2025,Q2,06,07/07/2025,CA,1710,00060,80,Each,0.45,NRP,NRP45607,8.80617E+12,REAL NATURE SHEA BUTTER MASK SHEET 23ml,$36.00 
4500189847,06/06/2025,2025,Q2,06,07/07/2025,CA,1710,00070,12,Each,6.53,NRP,NRP48257,8.80617E+12,Green Derma Soothing Cream 100ml,$78.36 
4500189847,06/06/2025,2025,Q2,06,07/07/2025,CA,1710,00080,24,Each,2.13,NRP,NRP48298,8.80617E+12,Sooth Moist AloeVeraClnsng GelCrm 150ml,$51.12 
4500189847,06/06/2025,2025,Q2,06,07/07/2025,CA,1710,00090,80,Each,0.45,NRP,NRP45606,8.80617E+12,REAL NATURE OLIVE MASK SHEET 23ml,$36.00 
4500189847,06/06/2025,2025,Q2,06,07/07/2025,CA,1710,00100,36,Each,11.96,SRI,SRI55257,8.80616E+12,My First Essener 100ml,$430.56 
4500189847,06/06/2025,2025,Q2,06,07/07/2025,CA,1710,00110,48,Each,10.46,NRP,NRP45415,8.80617E+12,Fresh Powdery Sun Stick SPF50 0.71 oz,$502.08 
4500189847,06/06/2025,2025,Q2,06,07/07/2025,CA,1710,00120,30,Each,10.4,MUZ,MUZ58044,8.80984E+12,Objct Mat Lip Tnt  004 Celeb .20 floz,$312.00 
4500189847,06/06/2025,2025,Q2,06,07/07/2025,CA,1710,00130,30,Each,10.4,MUZ,MUZ58047,8.80984E+12,Objct Mat Lip Tnt 007 Rare.20 floz,$312.00 
4500189847,06/06/2025,2025,Q2,06,07/07/2025,CA,1710,00140,672,Each,2.13,NRP,NRP48814,8.80617E+12,NRP Aloe Vera Watery Gel 300ml,"$1,431.36 "
4500189847,06/06/2025,2025,Q2,06,07/07/2025,CA,1710,00150,12,Each,9.41,NRP,NRP48847,8.80617E+12,Aqa Sup Max Combin Watery Cream 80ml,$112.92 
4500189847,06/06/2025,2025,Q2,06,07/07/2025,CA,1710,00160,16,Each,9.4,SRI,SRI99705,8.80908E+12,Time Is Running Out Mist 100ml,$150.40 
4500189847,06/06/2025,2025,Q2,06,07/07/2025,CA,1710,00170,18,Each,7.69,SRI,SRI77899,8.80919E+12,Let Me Refresh Foam Cleanser 120ml,$138.42 
4500189847,06/06/2025,2025,Q2,06,07/07/2025,CA,1710,00180,48,Each,5.16,NRP,NRP49010,8.80617E+12,Mild and Mst Aloe Vera Water Gel 250ml,$247.68 
4500189847,06/06/2025,2025,Q2,06,07/07/2025,CA,1710,00190,18,Each,24.4,MUZ,MUZ58083,8.80984E+12,Sleek Matt Cushion N23 30 g,$439.20 
4500189848,06/06/2025,2025,Q2,06,07/11/2025,KY,1712,00010,48,Each,9.4,SRI,SRI99706,8.80908E+12,Day By Day Cleansing Gel 150ml,$451.20 
4500189848,06/06/2025,2025,Q2,06,07/11/2025,KY,1712,00020,64,Each,9.4,SRI,SRI99705,8.80908E+12,Time Is Running Out Mist 100ml,$601.60 
4500189848,06/06/2025,2025,Q2,06,07/11/2025,KY,1712,00030,36,Each,16.23,SRI,SRI77910,8.80919E+12,All Your Love Body Cream 300ml,$584.28 
4500189848,06/06/2025,2025,Q2,06,07/11/2025,KY,1712,00040,48,Each,10.25,SRI,SRI99708,8.80908E+12,Cleanse Me Softly Milk Cleanser 200ml,$492.00 
4500189848,06/06/2025,2025,Q2,06,07/11/2025,KY,1712,00050,60,Each,13.67,SRI,SRI99710,8.80908E+12,Deep In A Barrier Cream 50ml,$820.20 
4500189848,06/06/2025,2025,Q2,06,07/11/2025,KY,1712,00060,44,Each,5.13,SRI,SRI99720,8.80908E+12,More Than Lip Balm 4g,$225.72 
4500189848,06/06/2025,2025,Q2,06,07/11/2025,KY,1712,00070,100,Each,7.69,SRI,SRI99757,8.80908E+12,Back To My Memories Handcream  50ml,$769.00 
4500189848,06/06/2025,2025,Q2,06,07/11/2025,KY,1712,00080,80,Each,11.53,SRI,SRI99760,8.80908E+12,Organic Hand Lip Care Set 50ml4g,$922.40 
4500189848,06/06/2025,2025,Q2,06,07/11/2025,KY,1712,00090,48,Each,10.25,SRI,SRI99761,8.80908E+12,Cleanse Me SoftlyMilkClnsr Citrus 200ml,$492.00 
4500189848,06/06/2025,2025,Q2,06,07/11/2025,KY,1712,00100,32,Each,10.46,NRP,NRP45415,8.80617E+12,Fresh Powdery Sun Stick SPF50 0.71 oz,$334.72 
4500189848,06/06/2025,2025,Q2,06,07/11/2025,KY,1712,00110,15,Each,10.4,MUZ,MUZ58047,8.80984E+12,Objct Mat Lip Tnt 007 Rare.20 floz,$156.00 
4500189848,06/06/2025,2025,Q2,06,07/11/2025,KY,1712,00120,18,Each,24.4,MUZ,MUZ58081,8.80984E+12,Sleek Matt Cushion N19 30 g,$439.20 
4500189848,06/06/2025,2025,Q2,06,07/11/2025,KY,1712,00130,18,Each,24.4,MUZ,MUZ58082,8.80984E+12,Sleek Matt Cushion N21 30 g,$439.20 
4500189848,06/06/2025,2025,Q2,06,07/11/2025,KY,1712,00140,18,Each,24.4,MUZ,MUZ58083,8.80984E+12,Sleek Matt Cushion N23 30 g,$439.20 
4500189848,06/06/2025,2025,Q2,06,07/11/2025,KY,1712,00150,36,Each,24.4,MUZ,MUZ58084,8.80984E+12,Sleek Matt Cushion N25 30 g,$878.40 
4500189848,06/06/2025,2025,Q2,06,07/11/2025,KY,1712,00160,88,Each,5.16,NRP,NRP49010,8.80617E+12,Mild and Mst Aloe Vera Water Gel 250ml,$454.08 
4500189848,06/06/2025,2025,Q2,06,07/11/2025,KY,1712,00170,3324,Each,2.13,NRP,NRP48814,8.80617E+12,NRP Aloe Vera Watery Gel 300ml,"$7,080.12 "
4500189848,06/06/2025,2025,Q2,06,07/11/2025,KY,1712,00180,12,Each,13.96,NRP,NRP48695,8.80617E+12,Kombuch Blck Tea Frst Essce 4.73 floz,$167.52 
4500189848,06/06/2025,2025,Q2,06,07/11/2025,KY,1712,00190,48,Each,6.09,NRP,NRP48619,8.80617E+12,Real Squeeze Aloe Vera Eye Serum 15ml,$292.32 
4500189848,06/06/2025,2025,Q2,06,07/11/2025,KY,1712,00200,24,Each,10.9,NRP,NRP48603,8.80617E+12,Kombuch Blck Tea Treat Emul 4.39 floz,$261.60 
4500189848,06/06/2025,2025,Q2,06,07/11/2025,KY,1712,00210,24,Each,4.78,NRP,NRP48435,8.80617E+12,After Care Spot Patch 60-12 MM,$114.72 
4500189848,06/06/2025,2025,Q2,06,07/11/2025,KY,1712,00220,108,Each,2.13,NRP,NRP48298,8.80617E+12,Sooth Moist AloeVeraClnsng GelCrm 150ml,$230.04 
4500189848,06/06/2025,2025,Q2,06,07/11/2025,KY,1712,00230,24,Each,8.71,NRP,NRP48221,8.80617E+12,Green Derma Mild Cica Serum 1.69 fl oz,$209.04 
4500189848,06/06/2025,2025,Q2,06,07/11/2025,KY,1712,00240,12,Each,8.28,NRP,NRP47346,8.80617E+12,Shea Butter Moist Steam Crm 3.38 floz,$99.36 
4500189848,06/06/2025,2025,Q2,06,07/11/2025,KY,1712,00250,24,Each,8.28,NRP,NRP47345,8.80617E+12,Shea Butter Ultra Steam Crm 3.38 fl oz,$198.72 
4500189848,06/06/2025,2025,Q2,06,07/11/2025,KY,1712,00260,12,Each,4.78,NRP,NRP47070,8.80617E+12,Relf Cre Spot Patch 24-12 MM 36-10 MM,$57.36 
4500189848,06/06/2025,2025,Q2,06,07/11/2025,KY,1712,00270,54,Each,7.69,SRI,SRI77899,8.80919E+12,Let Me Refresh Foam Cleanser 120ml,$415.26 
4500189848,06/06/2025,2025,Q2,06,07/11/2025,KY,1712,00280,48,Each,11.96,SRI,SRI55330,8.80616E+12,Fresh Moment Cleansing Oil 200ml,$574.08 
4500189848,06/06/2025,2025,Q2,06,07/11/2025,KY,1712,00290,54,Each,14.52,SRI,SRI55258,8.80616E+12,Enriched By Nature Cream 50ml,$784.08 
4500189848,06/06/2025,2025,Q2,06,07/11/2025,KY,1712,00300,36,Each,11.96,SRI,SRI55257,8.80616E+12,My First Essener 100ml,$430.56 
4500189848,06/06/2025,2025,Q2,06,07/11/2025,KY,1712,00310,16,Each,5.42,NRP,NRP46214,8.80617E+12,Tea Tree Pore Care Ampoule 30 ml,$86.72 
4500189848,06/06/2025,2025,Q2,06,07/11/2025,KY,1712,00320,80,Each,6.53,NRP,NRP46867,8.80617E+12,Argan Essential Deep Care Shampoo 300ml,$522.40 
4500189848,06/06/2025,2025,Q2,06,07/11/2025,KY,1712,00330,64,Each,5.42,NRP,NRP46222,8.80617E+12,Vitamin E Glossy Skin Ampoule 30 ml,$346.88 
4500189849,06/06/2025,2025,Q2,06,07/07/2025,CA,1710,00010,140,Each,3.24,HBF,HBF94477,8.80962E+12,HBAF Hot & Spicy Chicken Almond 120 g,$453.60 
4500189849,06/06/2025,2025,Q2,06,07/07/2025,CA,1710,00020,120,Each,3.24,HBF,HBF94451,8.80962E+12,HBAF Baked Corn Almond 120 g,$388.80 
4500189849,06/06/2025,2025,Q2,06,07/07/2025,CA,1710,00030,108,Each,1,HBF,HBF94928,8.80962E+12,Pepperoni Pizza Popcorn 80 g,$108.00 
4500189849,06/06/2025,2025,Q2,06,07/07/2025,CA,1710,00040,30,Each,9.31,LFT,LFT67861,8.80592E+12,Lacto Fit Bebe 120 g,$279.30 
4500189849,06/06/2025,2025,Q2,06,07/07/2025,CA,1710,00050,30,Each,10.15,LFT,LFT67871,8.80592E+12,Lacto Fit Kids 120 g,$304.50 
4500189849,06/06/2025,2025,Q2,06,07/07/2025,CA,1710,00060,150,Each,7.99,LFT,LFT67921,8.80592E+12,Lacto Fit Gold 100 g,"$1,198.50 "
4500189849,06/06/2025,2025,Q2,06,07/07/2025,CA,1710,00070,120,Each,8.33,LFT,LFT68101,8.80592E+12,Lacto Fit Core 120 g,$999.60 
4500189849,06/06/2025,2025,Q2,06,07/07/2025,CA,1710,00080,180,Each,12.99,LFT,LFT68201,8.80592E+12,Lacto Fit Slim 120 g,"$2,338.20 "
4500189849,06/06/2025,2025,Q2,06,07/07/2025,CA,1710,00090,60,Each,10.15,LFT,LFT68241,8.80592E+12,Plant-based Lacto Fit 120 g,$609.00 
4500189849,06/06/2025,2025,Q2,06,07/07/2025,CA,1710,00100,48,Each,10.51,LFT,LFT69271,8.80592E+12,Lacto Fit Glucose Control 120 g,$504.48 
4500189849,06/06/2025,2025,Q2,06,07/07/2025,CA,1710,00110,80,Each,3.24,HBF,HBF94494,8.80962E+12,HBAF Garlic Bread Almond 120 g,$259.20 
4500189849,06/06/2025,2025,Q2,06,07/07/2025,CA,1710,00120,120,Each,3.24,HBF,HBF94478,8.80962E+12,HBAF Tteokbokki Almond 120 g,$388.80 
4500189849,06/06/2025,2025,Q2,06,07/07/2025,CA,1710,00130,120,Each,3.24,HBF,HBF94450,8.80962E+12,HBAF Wasabi Almond 120 g,$388.80 
4500189849,06/06/2025,2025,Q2,06,07/07/2025,CA,1710,00140,30,Each,9.53,LFT,LFT69431,8.80592E+12,Lacto Fit Liver Support 120 g,$285.90 
4500189849,06/06/2025,2025,Q2,06,07/07/2025,CA,1710,00150,80,Each,3.24,HBF,HBF94533,8.80962E+12,HBAF Laver Almond 120 g,$259.20 
4500189849,06/06/2025,2025,Q2,06,07/07/2025,CA,1710,00160,108,Each,1,HBF,HBF45026,8.80028E+12,Laver Popcorn 80 g,$108.00 
4500189849,06/06/2025,2025,Q2,06,07/07/2025,CA,1710,00170,80,Each,3.24,HBF,HBF94493,8.80962E+12,HBAF Cheongyang Mayo Almond 120 g,$259.20 
4500189850,06/06/2025,2025,Q2,06,07/11/2025,KY,1712,00010,108,Each,1,HBF,HBF45026,8.80028E+12,Laver Popcorn 80 g,$108.00 
4500189850,06/06/2025,2025,Q2,06,07/11/2025,KY,1712,00020,60,Each,3.24,HBF,HBF94451,8.80962E+12,HBAF Baked Corn Almond 120 g,$194.40 
4500189850,06/06/2025,2025,Q2,06,07/11/2025,KY,1712,00030,30,Each,9.31,LFT,LFT67861,8.80592E+12,Lacto Fit Bebe 120 g,$279.30 
4500189850,06/06/2025,2025,Q2,06,07/11/2025,KY,1712,00040,160,Each,3.24,HBF,HBF94201,8.80962E+12,HBAF Caramel Salt Almond & Pretzel 120g,$518.40 
4500189850,06/06/2025,2025,Q2,06,07/11/2025,KY,1712,00050,480,Each,7.99,LFT,LFT67921,8.80592E+12,Lacto Fit Gold 100 g,"$3,835.20 "
4500189850,06/06/2025,2025,Q2,06,07/11/2025,KY,1712,00060,360,Each,8.33,LFT,LFT68101,8.80592E+12,Lacto Fit Core 120 g,"$2,998.80 "
4500189850,06/06/2025,2025,Q2,06,07/11/2025,KY,1712,00070,240,Each,15.94,LFT,LFT68181,8.80592E+12,Lacto Fit Beauty 120 g,"$3,825.60 "
4500189850,06/06/2025,2025,Q2,06,07/11/2025,KY,1712,00080,72,Each,10.51,LFT,LFT69271,8.80592E+12,Lacto Fit Glucose Control 120 g,$756.72 
4500189850,06/06/2025,2025,Q2,06,07/11/2025,KY,1712,00090,40,Each,3.24,HBF,HBF94493,8.80962E+12,HBAF Cheongyang Mayo Almond 120 g,$129.60 
4500189850,06/06/2025,2025,Q2,06,07/11/2025,KY,1712,00100,80,Each,3.24,HBF,HBF94478,8.80962E+12,HBAF Tteokbokki Almond 120 g,$259.20 
4500189850,06/06/2025,2025,Q2,06,07/11/2025,KY,1712,00110,80,Each,3.24,HBF,HBF94494,8.80962E+12,HBAF Garlic Bread Almond 120 g,$259.20 
4500189850,06/06/2025,2025,Q2,06,07/11/2025,KY,1712,00120,108,Each,1,HBF,HBF94928,8.80962E+12,Pepperoni Pizza Popcorn 80 g,$108.00 
4500189850,06/06/2025,2025,Q2,06,07/11/2025,KY,1712,00130,120,Each,3.24,HBF,HBF94477,8.80962E+12,HBAF Hot & Spicy Chicken Almond 120 g,$388.80 
4500189850,06/06/2025,2025,Q2,06,07/11/2025,KY,1712,00140,100,Each,3.24,HBF,HBF94533,8.80962E+12,HBAF Laver Almond 120 g,$324.00 
4500189850,06/06/2025,2025,Q2,06,07/11/2025,KY,1712,00150,40,Each,3.24,HBF,HBF94578,8.80962E+12,HBAF Roasted Onion Almond 120 g,$129.60 
4500189851,06/06/2025,2025,Q2,06,07/07/2025,CA,1710,00010,10,Each,15.17,GBL,GBL25112,8.80614E+12,Melacare Intensive Cream 50 ml,$151.70 
4500189851,06/06/2025,2025,Q2,06,07/07/2025,CA,1710,00020,50,Each,12.94,GBL,GBL39004,8.80969E+12,PDRN Rejuvenating Cream 70 ml,$647.00 
4500189851,06/06/2025,2025,Q2,06,07/07/2025,CA,1710,00030,10,Each,12.05,GBL,GBL51028,8.80989E+12,Squalane Deep Moisture Serum 30 ml,$120.50 
4500189851,06/06/2025,2025,Q2,06,07/07/2025,CA,1710,00040,120,Each,13.38,GBL,GBL25102,8.80614E+12,PDRN Vita Toning Ampoule 30 ml,"$1,605.60 "
4500189851,06/06/2025,2025,Q2,06,07/07/2025,CA,1710,00050,120,Each,8.8,PNA,PNA07115,8.8097E+12,Cicamanu Serum Mist 1.69 fl oz (50 ml),"$1,056.00 "
4500189851,06/06/2025,2025,Q2,06,07/07/2025,CA,1710,00060,30,Each,7.14,GBL,GBL54124,8.80974E+12,PDRN Rejuvenating Mask 5 Pack 25ml,$214.20 
4500189852,06/06/2025,2025,Q2,06,07/11/2025,KY,1712,00010,240,Each,10.71,GBL,GBL54440,8.80974E+12,PDRN Rejuvenating Toner 300 ml,"$2,570.40 "
4500189852,06/06/2025,2025,Q2,06,07/07/2025,KY,1712,00020,60,Each,8.8,PNA,PNA07115,8.8097E+12,Cicamanu Serum Mist 1.69 fl oz (50 ml),$528.00 
4500189852,06/06/2025,2025,Q2,06,07/11/2025,KY,1712,00030,80,Each,7.14,GBL,GBL54124,8.80974E+12,PDRN Rejuvenating Mask 5 Pack 25ml,$571.20 
4500189852,06/06/2025,2025,Q2,06,07/11/2025,KY,1712,00040,30,Each,8.35,SGE,SGE56462,8.80968E+12,Grn Tom Pre Cln Enzyme Pwdr Wsh 50g,$250.50 
4500189852,06/06/2025,2025,Q2,06,07/11/2025,KY,1712,00050,24,Each,9.66,SGE,SGE56208,8.80968E+12,Green Tomato Pore Lifting Ampoule 30ml,$231.84 
4500189852,06/06/2025,2025,Q2,06,07/11/2025,KY,1712,00060,70,Each,7.58,GBL,GBL51045,8.80989E+12,Glutamin-C Luminous Eye Cream 10 ml,$530.60 
4500189852,06/06/2025,2025,Q2,06,07/11/2025,KY,1712,00070,280,Each,13.38,GBL,GBL25102,8.80614E+12,PDRN Vita Toning Ampoule 30 ml,"$3,746.40 "
4500189852,06/06/2025,2025,Q2,06,07/11/2025,KY,1712,00080,260,Each,12.94,GBL,GBL39004,8.80969E+12,PDRN Rejuvenating Cream 70 ml,"$3,364.40 "
4500189868,06/06/2025,2025,Q2,06,07/09/2025,CA,1710,00010,16,Each,13.2,DMX,DMX48236,8.80989E+12,Peel Shot Exfoliant Rice Ampoule 80ml,$211.20 
4500189868,06/06/2025,2025,Q2,06,07/09/2025,CA,1710,00020,80,Each,25.78,DMX,DMX48193,8.80989E+12,Eyephalt Eyecream For Eyebags 10ml,"$2,062.40 "
4500189868,06/06/2025,2025,Q2,06,07/09/2025,CA,1710,00030,20,Each,7.53,DMX,DMX48186,8.80989E+12,Bond Clin I Prot Bond Rem Shampoo 400ml,$150.60 
4500189868,06/06/2025,2025,Q2,06,07/09/2025,CA,1710,00040,20,Each,10.49,DMX,DMX48185,8.80989E+12,Bond Clin Prot Bond Remod Clinic 250ml,$209.80 
4500189868,06/06/2025,2025,Q2,06,07/09/2025,CA,1710,00050,13,Each,22.18,DMX,DMX48171,8.80989E+12,EX Volume Firming 30 ml,$288.34 
4500189868,06/06/2025,2025,Q2,06,07/09/2025,CA,1710,00060,26,Each,17.69,DMX,DMX48170,8.80989E+12,Exosome Repair Ampoule Plus 40 ml,$459.94 
4500189868,06/06/2025,2025,Q2,06,07/09/2025,CA,1710,00070,30,Each,6.85,DMX,DMX48169,8.80989E+12,BP-Pore Clear Mask Pack 25g 5 Each,$205.50 
4500189868,06/06/2025,2025,Q2,06,07/09/2025,CA,1710,00080,36,Each,7,DMX,DMX48162,8.80989E+12,Aqua Ion Plas Hydrat Wtr Msk 25g 5 Ea,$252.00 
4500189868,06/06/2025,2025,Q2,06,07/09/2025,CA,1710,00090,24,Each,9.6,DMX,DMX48160,8.80989E+12,Aqua Ion Plas Hydrating Gel Cream 50ml,$230.40 
4500189868,06/06/2025,2025,Q2,06,07/09/2025,CA,1710,00100,20,Each,5.58,DMX,DMX48157,8.80989E+12,Exosome Repair Mask Pack 30 g x 5 Ea,$111.60 
4500189868,06/06/2025,2025,Q2,06,07/09/2025,CA,1710,00110,60,Each,7,DMX,DMX48153,8.80989E+12,Astax Whiten Amp Mask Pack 25g 5 Ea,$420.00 
4500189868,06/06/2025,2025,Q2,06,07/09/2025,CA,1710,00120,72,Each,17.85,DMX,DMX48150,8.80989E+12,Extra Whitening Ampoule 30 ml,"$1,285.20 "
4500189868,06/06/2025,2025,Q2,06,07/09/2025,CA,1710,00130,12,Each,17.69,DMX,DMX48144,8.80989E+12,Oyster Pep3 Renewal Ampoule (30 ml),$212.28 
4500189868,06/06/2025,2025,Q2,06,07/09/2025,CA,1710,00140,336,Each,12.34,DMX,DMX48141,8.80989E+12,TX Cream 1.69 fl oz (50 ml),"$4,146.24 "
4500189868,06/06/2025,2025,Q2,06,07/09/2025,CA,1710,00150,24,Each,12.34,DMX,DMX48135,8.80989E+12,Papaya Powder Wash 1.7 oz (50 g),$296.16 
4500189868,06/06/2025,2025,Q2,06,07/09/2025,CA,1710,00160,20,Each,7.53,DMX,DMX48134,8.80989E+12,Exosome Repair Toner 300 ml,$150.60 
4500189868,06/06/2025,2025,Q2,06,07/09/2025,CA,1710,00170,24,Each,15.07,DMX,DMX48109,8.80989E+12,Exosome Repair Cream 50 ml,$361.68 
4500189868,06/06/2025,2025,Q2,06,07/09/2025,CA,1710,00180,96,Each,15.4,DMX,DMX48086,8.80989E+12,TX Ampoule Rx 1.01 fl oz (30 ml),"$1,478.40 "
4500189868,06/06/2025,2025,Q2,06,07/09/2025,CA,1710,00190,72,Each,8.96,DMX,DMX48005,8.80989E+12,TX Peeling Toner 5.07 fl oz (150 ml),$645.12 
4500189868,06/06/2025,2025,Q2,06,07/09/2025,CA,1710,00200,96,Each,4.66,APB,APB68401,8.80987E+12,Glutath Niacin Toner Pad 60 Pads 100ml,$447.36 
4500189868,06/06/2025,2025,Q2,06,07/09/2025,CA,1710,00210,36,Each,4.66,APB,APB68400,8.80987E+12,Glutathione Niacinamide Cln Water 160ml,$167.76 
4500189868,06/06/2025,2025,Q2,06,07/09/2025,CA,1710,00220,36,Each,4.66,APB,APB68399,8.80987E+12,Glutathione Niacinamide Cleans Blm 80ml,$167.76 
4500189868,06/06/2025,2025,Q2,06,07/09/2025,CA,1710,00230,84,Each,4.66,APB,APB68398,8.80987E+12,Glutathione Niacinamide Clean Oil 105ml,$391.44 
4500189868,06/06/2025,2025,Q2,06,07/09/2025,CA,1710,00240,190,Each,5.01,APB,APB68276,8.80987E+12,Glutath Niacinamide Sunscreen 40ml,$951.90 
4500189868,06/06/2025,2025,Q2,06,07/09/2025,CA,1710,00250,40,Each,5.01,APB,APB68275,8.80987E+12,Glutath Niacinamide Eye Cream 20ml,$200.40 
4500189868,06/06/2025,2025,Q2,06,07/09/2025,CA,1710,00260,288,Each,5.01,APB,APB68274,8.80987E+12,Glutath Niacinamide Body Lotion 300ml,"$1,442.88 "
4500189868,06/06/2025,2025,Q2,06,07/09/2025,CA,1710,00270,168,Each,5.01,APB,APB68272,8.80987E+12,Glutath Niacinamide Fac Cleanser 80ml,$841.68 
4500189868,06/06/2025,2025,Q2,06,07/09/2025,CA,1710,00280,120,Each,5.01,APB,APB68271,8.80987E+12,Glutath Niacinamide Mist Essence 105ml,$601.20 
4500189868,06/06/2025,2025,Q2,06,07/09/2025,CA,1710,00290,60,Each,5.01,APB,APB68270,8.80987E+12,Glutath Niacinamide Facial Toner 160ml,$300.60 
4500189868,06/06/2025,2025,Q2,06,07/09/2025,CA,1710,00300,168,Each,5.01,APB,APB68268,8.80987E+12,Glutath Niacinamide Facial Cream 55ml,$841.68 
4500189868,06/06/2025,2025,Q2,06,07/09/2025,CA,1710,00310,260,Each,5.01,APB,APB68267,8.80987E+12,Glutath Niacinamide Ampoule Serum 40ml,"$1,302.60 "
4500189869,06/06/2025,2025,Q2,06,07/14/2025,KY,1712,00010,153,Each,17.2,DMX,DMX48245,8.80989E+12,Facephalt Tightening Cream 50ml,"$2,631.60 "
4500189869,06/06/2025,2025,Q2,06,07/14/2025,KY,1712,00020,20,Each,10.4,DMX,DMX48243,8.80989E+12,DMX Melting Cleanser 150 ml,$208.00 
4500189869,06/06/2025,2025,Q2,06,07/14/2025,KY,1712,00030,72,Each,13.2,DMX,DMX48237,8.80989E+12,Peel Sht Exfol Blck Rce Ampoule 2.7floz,$950.40 
4500189869,06/06/2025,2025,Q2,06,07/14/2025,KY,1712,00040,144,Each,13.2,DMX,DMX48236,8.80989E+12,Peel Shot Exfoliant Rice Ampoule 80ml,"$1,900.80 "
4500189869,06/06/2025,2025,Q2,06,07/14/2025,KY,1712,00050,140,Each,25.78,DMX,DMX48193,8.80989E+12,Eyephalt Eyecream For Eyebags 10ml,"$3,609.20 "
4500189869,06/06/2025,2025,Q2,06,07/14/2025,KY,1712,00060,20,Each,7.53,DMX,DMX48186,8.80989E+12,Bond Clin I Prot Bond Rem Shampoo 400ml,$150.60 
4500189869,06/06/2025,2025,Q2,06,07/14/2025,KY,1712,00070,40,Each,10.49,DMX,DMX48185,8.80989E+12,Bond Clin Prot Bond Remod Clinic 250ml,$419.60 
4500189869,06/06/2025,2025,Q2,06,07/14/2025,KY,1712,00080,270,Each,15.07,DMX,DMX48184,8.80989E+12,TX Ret Double Effect Eye Cream 40g,"$4,068.90 "
4500189869,06/06/2025,2025,Q2,06,07/14/2025,KY,1712,00090,78,Each,17.69,DMX,DMX48170,8.80989E+12,Exosome Repair Ampoule Plus 40 ml,"$1,379.82 "
4500189869,06/06/2025,2025,Q2,06,07/14/2025,KY,1712,00100,60,Each,6.85,DMX,DMX48169,8.80989E+12,BP-Pore Clear Mask Pack 25g 5 Each,$411.00 
4500189869,06/06/2025,2025,Q2,06,07/14/2025,KY,1712,00110,12,Each,12.34,DMX,DMX48167,8.80989E+12,Calcium Dark Spot Eye Cream 15 g,$148.08 
4500189869,06/06/2025,2025,Q2,06,07/14/2025,KY,1712,00120,26,Each,12.34,DMX,DMX48165,8.80989E+12,ECM Neck Barrier Ampoule 1.5 ml 10 ea,$320.84 
4500189869,06/06/2025,2025,Q2,06,07/14/2025,KY,1712,00130,28,Each,17.69,DMX,DMX48164,8.80989E+12,ECM Neck Barrier Cream 1.69 fl oz,$495.32 
4500189869,06/06/2025,2025,Q2,06,07/14/2025,KY,1712,00140,72,Each,7,DMX,DMX48162,8.80989E+12,Aqua Ion Plas Hydrat Wtr Msk 25g 5 Ea,$504.00 
4500189869,06/06/2025,2025,Q2,06,07/14/2025,KY,1712,00150,21,Each,9.2,DMX,DMX48159,8.80989E+12,Aqua Ion Plas Hydrat Water Toner 200ml,$193.20 
4500189869,06/06/2025,2025,Q2,06,07/14/2025,KY,1712,00160,84,Each,7,DMX,DMX48153,8.80989E+12,Astax Whiten Amp Mask Pack 25g 5 Ea,$588.00 
4500189869,06/06/2025,2025,Q2,06,07/14/2025,KY,1712,00170,372,Each,17.85,DMX,DMX48150,8.80989E+12,Extra Whitening Ampoule 30 ml,"$6,640.20 "
4500189869,06/06/2025,2025,Q2,06,07/14/2025,KY,1712,00180,240,Each,14,DMX,DMX48149,8.80989E+12,Anti-Freckles Whiten Capsule Cream 50g,"$3,360.00 "
4500189869,06/06/2025,2025,Q2,06,07/14/2025,KY,1712,00190,11,Each,10.49,DMX,DMX48148,8.80989E+12,Oyster Pep-3 Renewal Oil Mist 100 ml,$115.39 
4500189869,06/06/2025,2025,Q2,06,07/14/2025,KY,1712,00200,22,Each,5.58,DMX,DMX48147,8.80989E+12,Oyster Pep-3 Renewal Mask Pck 3 g 5 Ea,$122.76 
4500189869,06/06/2025,2025,Q2,06,07/14/2025,KY,1712,00210,14,Each,15.07,DMX,DMX48145,8.80989E+12,Oyster Pep-3 Renewal Cream  50 ml,$210.98 
4500189869,06/06/2025,2025,Q2,06,07/14/2025,KY,1712,00220,12,Each,17.69,DMX,DMX48144,8.80989E+12,Oyster Pep3 Renewal Ampoule (30 ml),$212.28 
4500189869,06/06/2025,2025,Q2,06,07/14/2025,KY,1712,00230,210,Each,12.34,DMX,DMX48141,8.80989E+12,TX Cream 1.69 fl oz (50 ml),"$2,591.40 "
4500189869,06/06/2025,2025,Q2,06,07/14/2025,KY,1712,00240,120,Each,12.34,DMX,DMX48135,8.80989E+12,Papaya Powder Wash 1.7 oz (50 g),"$1,480.80 "
4500189869,06/06/2025,2025,Q2,06,07/14/2025,KY,1712,00250,110,Each,7.53,DMX,DMX48134,8.80989E+12,Exosome Repair Toner 300 ml,$828.30 
4500189869,06/06/2025,2025,Q2,06,07/14/2025,KY,1712,00260,36,Each,15.07,DMX,DMX48109,8.80989E+12,Exosome Repair Cream 50 ml,$542.52 
4500189869,06/06/2025,2025,Q2,06,07/14/2025,KY,1712,00270,48,Each,16,DMX,DMX48087,8.80989E+12,BP Pore Barrier Cream 1.76 oz (50 g),$768.00 
4500189869,06/06/2025,2025,Q2,06,07/14/2025,KY,1712,00280,72,Each,15.4,DMX,DMX48086,8.80989E+12,TX Ampoule Rx 1.01 fl oz (30 ml),"$1,108.80 "
4500189869,06/06/2025,2025,Q2,06,07/14/2025,KY,1712,00290,48,Each,10.5,DMX,DMX48039,8.80989E+12,BP Exfoliating Pad 70 Pads 165ml,$504.00 
4500189869,06/06/2025,2025,Q2,06,07/14/2025,KY,1712,00300,126,Each,8.96,DMX,DMX48005,8.80989E+12,TX Peeling Toner 5.07 fl oz (150 ml),"$1,128.96 "
4500189869,06/06/2025,2025,Q2,06,07/14/2025,KY,1712,00310,132,Each,4.66,APB,APB68401,8.80987E+12,Glutath Niacin Toner Pad 60 Pads 100ml,$615.12 
4500189869,06/06/2025,2025,Q2,06,07/14/2025,KY,1712,00320,84,Each,4.66,APB,APB68400,8.80987E+12,Glutathione Niacinamide Cln Water 160ml,$391.44 
4500189869,06/06/2025,2025,Q2,06,07/14/2025,KY,1712,00330,72,Each,4.66,APB,APB68399,8.80987E+12,Glutathione Niacinamide Cleans Blm 80ml,$335.52 
4500189869,06/06/2025,2025,Q2,06,07/14/2025,KY,1712,00340,132,Each,4.66,APB,APB68398,8.80987E+12,Glutathione Niacinamide Clean Oil 105ml,$615.12 
4500189869,06/06/2025,2025,Q2,06,07/14/2025,KY,1712,00350,380,Each,5.01,APB,APB68276,8.80987E+12,Glutath Niacinamide Sunscreen 40ml,"$1,903.80 "
4500189869,06/06/2025,2025,Q2,06,07/14/2025,KY,1712,00360,180,Each,5.01,APB,APB68275,8.80987E+12,Glutath Niacinamide Eye Cream 20ml,$901.80 
4500189869,06/06/2025,2025,Q2,06,07/14/2025,KY,1712,00370,1712,Each,5.01,APB,APB68274,8.80987E+12,Glutath Niacinamide Body Lotion 300ml,"$8,577.12 "
4500189869,06/06/2025,2025,Q2,06,07/14/2025,KY,1712,00380,1888,Each,5.01,APB,APB68273,8.80987E+12,Glutath Niacinamide Body Wash 300ml,"$9,458.88 "
4500189869,06/06/2025,2025,Q2,06,07/14/2025,KY,1712,00390,231,Each,5.01,APB,APB68272,8.80987E+12,Glutath Niacinamide Fac Cleanser 80ml,"$1,157.31 "
4500189869,06/06/2025,2025,Q2,06,07/14/2025,KY,1712,00400,216,Each,5.01,APB,APB68271,8.80987E+12,Glutath Niacinamide Mist Essence 105ml,"$1,082.16 "
4500189869,06/06/2025,2025,Q2,06,07/14/2025,KY,1712,00410,420,Each,5.01,APB,APB68270,8.80987E+12,Glutath Niacinamide Facial Toner 160ml,"$2,104.20 "
4500189869,06/06/2025,2025,Q2,06,07/14/2025,KY,1712,00420,648,Each,5.01,APB,APB68268,8.80987E+12,Glutath Niacinamide Facial Cream 55ml,"$3,246.48 "
4500189869,06/06/2025,2025,Q2,06,07/14/2025,KY,1712,00430,400,Each,5.01,APB,APB68267,8.80987E+12,Glutath Niacinamide Ampoule Serum 40ml,"$2,004.00 "
4500191183,06/18/2025,2025,Q2,06,07/21/2025,KY,1712,00010,54,Each,4.85,TWA,TWA20982,8.80997E+12,Pure Glsh Highlighter YL01 Lmngrss 2.7g,$261.90 
4500191183,06/18/2025,2025,Q2,06,07/21/2025,KY,1712,00020,54,Each,4.85,TWA,TWA20981,8.80997E+12,Pure Glsh Highlighter OR01 Pch Bm 2.7g,$261.90 
4500191183,06/18/2025,2025,Q2,06,07/21/2025,KY,1712,00030,54,Each,4.85,TWA,TWA20980,8.80997E+12,Pure Glsh Highlighter PK02 Pnkbell 2.7g,$261.90 
4500191183,06/18/2025,2025,Q2,06,07/21/2025,KY,1712,00040,54,Each,4.85,TWA,TWA20979,8.80997E+12,Pure Glsh Highlighter GN01 LimeBmb 2.7g,$261.90 
4500191183,06/18/2025,2025,Q2,06,07/21/2025,KY,1712,00050,54,Each,4.85,TWA,TWA20916,8.80997E+12,Pure Glash Highlighter WH01 Frosty 2.7g,$261.90 
4500191183,06/18/2025,2025,Q2,06,07/21/2025,KY,1712,00060,54,Each,4.85,TWA,TWA20423,8.80997E+12,Pure Glash Highlighter BL01 Wave 2.7g,$261.90 
4500191183,06/18/2025,2025,Q2,06,07/21/2025,KY,1712,00070,54,Each,4.85,TWA,TWA20422,8.80997E+12,Pure Glsh Highlighter PK01 Mermaid 2.7g,$261.90 
4500191183,06/18/2025,2025,Q2,06,07/21/2025,KY,1712,00080,54,Each,4.85,TWA,TWA20421,8.80997E+12,Pure Glash Highlighter ND02 Clear 2.7g,$261.90 
4500191183,06/18/2025,2025,Q2,06,07/21/2025,KY,1712,00090,54,Each,4.85,TWA,TWA20420,8.80997E+12,Pure Glash Highlighter ND01 Shell 2.7g,$261.90 
4500191183,06/18/2025,2025,Q2,06,07/21/2025,KY,1712,00100,60,Each,4.9,TWA,TWA31354,8.80028E+12,Glaze Bouncing Tint Cherry Bite 4.5 g,$294.00 
4500191183,06/18/2025,2025,Q2,06,07/21/2025,KY,1712,00110,60,Each,4.9,TWA,TWA31353,8.80028E+12,Glaze Bouncing Tint Candy Chew 4.5 g,$294.00 
4500191183,06/18/2025,2025,Q2,06,07/21/2025,KY,1712,00120,60,Each,4.9,TWA,TWA31352,8.80028E+12,Glaze Bouncing Tint Rose Moon 4.5 g,$294.00 
4500191183,06/18/2025,2025,Q2,06,07/21/2025,KY,1712,00130,60,Each,4.9,TWA,TWA31351,8.80028E+12,Glaze Bouncing Tint Chewy 4.5 g,$294.00 
4500191183,06/18/2025,2025,Q2,06,07/21/2025,KY,1712,00140,60,Each,4.9,TWA,TWA31350,8.80028E+12,Glaze Bouncing Tint Berry Shower 4.5g,$294.00 
4500191183,06/18/2025,2025,Q2,06,07/21/2025,KY,1712,00150,60,Each,4.9,TWA,TWA31349,8.80028E+12,Glaze Bouncing Tint Bubbly 4.5 g,$294.00 
4500191183,06/18/2025,2025,Q2,06,07/21/2025,KY,1712,00160,60,Each,4.9,TWA,TWA31348,8.80028E+12,Glaze Bouncing Tint Peach Chou 4.5 g,$294.00 
4500191183,06/18/2025,2025,Q2,06,07/21/2025,KY,1712,00170,60,Each,4.9,TWA,TWA31347,8.80028E+12,Glaze Bouncing Tint Lazy 4.5 g,$294.00 
4500191183,06/18/2025,2025,Q2,06,07/21/2025,KY,1712,00180,60,Each,4.9,TWA,TWA31346,8.80028E+12,Glaze Bouncing Tint Rosy Mocha 4.5 g,$294.00 
4500191183,06/18/2025,2025,Q2,06,07/21/2025,KY,1712,00190,60,Each,4.9,TWA,TWA31345,8.80028E+12,Glaze Bouncing Tint Nude Coco 4.5 g,$294.00 
4500191183,06/18/2025,2025,Q2,06,07/21/2025,KY,1712,00200,60,Each,4.8,TWA,TWA60548,8.80974E+12,Easy Off Mascara Remover 7g,$288.00 
4500191183,06/18/2025,2025,Q2,06,07/21/2025,KY,1712,00210,60,Each,6.8,TWA,TWA20998,8.80997E+12,Dual Cheek Orange Flare 4.5 g x 2,$408.00 
4500191183,06/18/2025,2025,Q2,06,07/21/2025,KY,1712,00220,60,Each,6.8,TWA,TWA20997,8.80997E+12,Dual Cheek Juicy Peach 4.5 g x 2,$408.00 
4500191183,06/18/2025,2025,Q2,06,07/21/2025,KY,1712,00230,60,Each,6.8,TWA,TWA31045,8.80028E+12,Dual Cheek Heart Balloon 4.5 g x 2,$408.00 
4500191183,06/18/2025,2025,Q2,06,07/21/2025,KY,1712,00240,60,Each,6.8,TWA,TWA12692,8.80966E+12,Dual Cheek Mood In Cheek 4.5 g x 2,$408.00 
4500191183,06/18/2025,2025,Q2,06,07/21/2025,KY,1712,00250,60,Each,6.8,TWA,TWA12564,8.80966E+12,Dual Cheek Love Rosy 4.5 g x 2,$408.00 
4500191183,06/18/2025,2025,Q2,06,07/21/2025,KY,1712,00260,60,Each,6.8,TWA,TWA12563,8.80966E+12,Dual Cheek Cotton Candy Violet 4.5gx2,$408.00 
4500191183,06/18/2025,2025,Q2,06,07/21/2025,KY,1712,00270,36,Each,8.4,TWA,TWA20660,8.80997E+12,Gleam Tension Pact 29 Caramel Beige 13g,$302.40 
4500191183,06/18/2025,2025,Q2,06,07/21/2025,KY,1712,00280,36,Each,8.4,TWA,TWA20659,8.80997E+12,Gleam Tension Pact 27 Soft Amber 13g,$302.40 
4500191183,06/18/2025,2025,Q2,06,07/21/2025,KY,1712,00290,36,Each,8.4,TWA,TWA20658,8.80997E+12,Gleam Tension Pact 25 Sand Beige 13g,$302.40 
4500191183,06/18/2025,2025,Q2,06,07/21/2025,KY,1712,00300,36,Each,8.4,TWA,TWA20657,8.80997E+12,Gleam Tension Pact 23 Natural Beige 13g,$302.40 
4500191183,06/18/2025,2025,Q2,06,07/21/2025,KY,1712,00310,36,Each,8.4,TWA,TWA20655,8.80997E+12,Gleam Tension Pact 21 Light Beige 13g,$302.40 
4500191183,06/18/2025,2025,Q2,06,07/21/2025,KY,1712,00320,36,Each,8.4,TWA,TWA20654,8.80997E+12,Gleam Tension Pact 17 Pure Ivory 13g,$302.40 
4500191184,06/18/2025,2025,Q2,06,07/21/2025,CA,1710,00010,108,Each,4.85,TWA,TWA20982,8.80997E+12,Pure Glsh Highlighter YL01 Lmngrss 2.7g,$523.80 
4500191184,06/18/2025,2025,Q2,06,07/21/2025,CA,1710,00020,108,Each,4.85,TWA,TWA20981,8.80997E+12,Pure Glsh Highlighter OR01 Pch Bm 2.7g,$523.80 
4500191184,06/18/2025,2025,Q2,06,07/21/2025,CA,1710,00030,108,Each,4.85,TWA,TWA20980,8.80997E+12,Pure Glsh Highlighter PK02 Pnkbell 2.7g,$523.80 
4500191184,06/18/2025,2025,Q2,06,07/21/2025,CA,1710,00040,108,Each,4.85,TWA,TWA20979,8.80997E+12,Pure Glsh Highlighter GN01 LimeBmb 2.7g,$523.80 
4500191184,06/18/2025,2025,Q2,06,07/21/2025,CA,1710,00050,108,Each,4.85,TWA,TWA20916,8.80997E+12,Pure Glash Highlighter WH01 Frosty 2.7g,$523.80 
4500191184,06/18/2025,2025,Q2,06,07/21/2025,CA,1710,00060,108,Each,4.85,TWA,TWA20423,8.80997E+12,Pure Glash Highlighter BL01 Wave 2.7g,$523.80 
4500191184,06/18/2025,2025,Q2,06,07/21/2025,CA,1710,00070,108,Each,4.85,TWA,TWA20422,8.80997E+12,Pure Glsh Highlighter PK01 Mermaid 2.7g,$523.80 
4500191184,06/18/2025,2025,Q2,06,07/21/2025,CA,1710,00080,108,Each,4.85,TWA,TWA20421,8.80997E+12,Pure Glash Highlighter ND02 Clear 2.7g,$523.80 
4500191184,06/18/2025,2025,Q2,06,07/21/2025,CA,1710,00090,108,Each,4.85,TWA,TWA20420,8.80997E+12,Pure Glash Highlighter ND01 Shell 2.7g,$523.80 
4500191184,06/18/2025,2025,Q2,06,07/21/2025,CA,1710,00100,120,Each,4.9,TWA,TWA31354,8.80028E+12,Glaze Bouncing Tint Cherry Bite 4.5 g,$588.00 
4500191184,06/18/2025,2025,Q2,06,07/21/2025,CA,1710,00110,120,Each,4.9,TWA,TWA31353,8.80028E+12,Glaze Bouncing Tint Candy Chew 4.5 g,$588.00 
4500191184,06/18/2025,2025,Q2,06,07/21/2025,CA,1710,00120,120,Each,4.9,TWA,TWA31352,8.80028E+12,Glaze Bouncing Tint Rose Moon 4.5 g,$588.00 
4500191184,06/18/2025,2025,Q2,06,07/21/2025,CA,1710,00130,120,Each,4.9,TWA,TWA31351,8.80028E+12,Glaze Bouncing Tint Chewy 4.5 g,$588.00 
4500191184,06/18/2025,2025,Q2,06,07/21/2025,CA,1710,00140,120,Each,4.9,TWA,TWA31350,8.80028E+12,Glaze Bouncing Tint Berry Shower 4.5g,$588.00 
4500191184,06/18/2025,2025,Q2,06,07/21/2025,CA,1710,00150,120,Each,4.9,TWA,TWA31349,8.80028E+12,Glaze Bouncing Tint Bubbly 4.5 g,$588.00 
4500191184,06/18/2025,2025,Q2,06,07/21/2025,CA,1710,00160,120,Each,4.9,TWA,TWA31348,8.80028E+12,Glaze Bouncing Tint Peach Chou 4.5 g,$588.00 
4500191184,06/18/2025,2025,Q2,06,07/21/2025,CA,1710,00170,120,Each,4.9,TWA,TWA31347,8.80028E+12,Glaze Bouncing Tint Lazy 4.5 g,$588.00 
4500191184,06/18/2025,2025,Q2,06,07/21/2025,CA,1710,00180,120,Each,4.9,TWA,TWA31346,8.80028E+12,Glaze Bouncing Tint Rosy Mocha 4.5 g,$588.00 
4500191184,06/18/2025,2025,Q2,06,07/21/2025,CA,1710,00190,120,Each,4.9,TWA,TWA31345,8.80028E+12,Glaze Bouncing Tint Nude Coco 4.5 g,$588.00 
4500191184,06/18/2025,2025,Q2,06,07/21/2025,CA,1710,00200,120,Each,4.8,TWA,TWA60548,8.80974E+12,Easy Off Mascara Remover 7g,$576.00 
4500191184,06/18/2025,2025,Q2,06,07/21/2025,CA,1710,00210,120,Each,6.8,TWA,TWA20998,8.80997E+12,Dual Cheek Orange Flare 4.5 g x 2,$816.00 
4500191184,06/18/2025,2025,Q2,06,07/21/2025,CA,1710,00220,120,Each,6.8,TWA,TWA20997,8.80997E+12,Dual Cheek Juicy Peach 4.5 g x 2,$816.00 
4500191184,06/18/2025,2025,Q2,06,07/21/2025,CA,1710,00230,120,Each,6.8,TWA,TWA31045,8.80028E+12,Dual Cheek Heart Balloon 4.5 g x 2,$816.00 
4500191184,06/18/2025,2025,Q2,06,07/21/2025,CA,1710,00240,120,Each,6.8,TWA,TWA12692,8.80966E+12,Dual Cheek Mood In Cheek 4.5 g x 2,$816.00 
4500191184,06/18/2025,2025,Q2,06,07/21/2025,CA,1710,00250,120,Each,6.8,TWA,TWA12564,8.80966E+12,Dual Cheek Love Rosy 4.5 g x 2,$816.00 
4500191184,06/18/2025,2025,Q2,06,07/21/2025,CA,1710,00260,120,Each,6.8,TWA,TWA12563,8.80966E+12,Dual Cheek Cotton Candy Violet 4.5gx2,$816.00 
4500191184,06/18/2025,2025,Q2,06,07/21/2025,CA,1710,00270,72,Each,8.4,TWA,TWA20660,8.80997E+12,Gleam Tension Pact 29 Caramel Beige 13g,$604.80 
4500191184,06/18/2025,2025,Q2,06,07/21/2025,CA,1710,00280,72,Each,8.4,TWA,TWA20659,8.80997E+12,Gleam Tension Pact 27 Soft Amber 13g,$604.80 
4500191184,06/18/2025,2025,Q2,06,07/21/2025,CA,1710,00290,72,Each,8.4,TWA,TWA20658,8.80997E+12,Gleam Tension Pact 25 Sand Beige 13g,$604.80 
4500191184,06/18/2025,2025,Q2,06,07/21/2025,CA,1710,00300,72,Each,8.4,TWA,TWA20657,8.80997E+12,Gleam Tension Pact 23 Natural Beige 13g,$604.80 
4500191184,06/18/2025,2025,Q2,06,07/21/2025,CA,1710,00310,72,Each,8.4,TWA,TWA20655,8.80997E+12,Gleam Tension Pact 21 Light Beige 13g,$604.80 
4500191184,06/18/2025,2025,Q2,06,07/21/2025,CA,1710,00320,72,Each,8.4,TWA,TWA20654,8.80997E+12,Gleam Tension Pact 17 Pure Ivory 13g,$604.80 
4500191412,06/19/2025,2025,Q2,06,07/21/2025,CA,1710,00010,60,Each,11.74,GWU,GWU09352,8.8097E+12,GWU Damage Therapy Shampoo EX 500ml,$704.40 
4500191413,06/19/2025,2025,Q2,06,07/21/2025,KY,1712,00010,120,Each,11.74,GWU,GWU09352,8.8097E+12,GWU Damage Therapy Shampoo EX 500ml,"$1,408.80 "
4500191724,06/20/2025,2025,Q2,06,07/21/2025,CA,1710,00010,16,Each,10.25,SRI,SRI99708,8.80908E+12,Cleanse Me Softly Milk Cleanser 200ml,$164.00 
4500191724,06/20/2025,2025,Q2,06,07/21/2025,CA,1710,00020,22,Each,5.13,SRI,SRI99720,8.80908E+12,More Than Lip Balm 4g,$112.86 
4500191724,06/20/2025,2025,Q2,06,07/21/2025,CA,1710,00030,60,Each,2.13,NRP,NRP48298,8.80617E+12,Sooth Moist AloeVeraClnsng GelCrm 150ml,$127.80 
4500191724,06/20/2025,2025,Q2,06,07/21/2025,CA,1710,00040,16,Each,5.42,NRP,NRP46222,8.80617E+12,Vitamin E Glossy Skin Ampoule 30 ml,$86.72 
4500191724,06/20/2025,2025,Q2,06,07/21/2025,CA,1710,00050,80,Each,0.45,NRP,NRP45607,8.80617E+12,REAL NATURE SHEA BUTTER MASK SHEET 23ml,$36.00 
4500191724,06/20/2025,2025,Q2,06,07/21/2025,CA,1710,00060,40,Each,15.07,DMX,DMX48184,8.80989E+12,TX Ret Double Effect Eye Cream 40g,$602.80 
4500191724,06/20/2025,2025,Q2,06,07/21/2025,CA,1710,00070,80,Each,0.45,NRP,NRP45606,8.80617E+12,REAL NATURE OLIVE MASK SHEET 23ml,$36.00 
4500191724,06/20/2025,2025,Q2,06,07/21/2025,CA,1710,00080,16,Each,10.25,SRI,SRI99761,8.80908E+12,Cleanse Me SoftlyMilkClnsr Citrus 200ml,$164.00 
4500191724,06/20/2025,2025,Q2,06,07/21/2025,CA,1710,00090,20,Each,4.66,APB,APB68536,8.80987E+12,Liposomal Collagen LX Serum 40ml,$93.20 
4500191724,06/20/2025,2025,Q2,06,07/21/2025,CA,1710,00100,48,Each,4.66,APB,APB68528,8.80987E+12,Spicule Niacin Shot 260 Cream 55ml,$223.68 
4500191724,06/20/2025,2025,Q2,06,07/21/2025,CA,1710,00110,20,Each,4.66,APB,APB68413,8.80987E+12,Kojic Acid Vit C Ampoule Serum 40ml,$93.20 
4500191724,06/20/2025,2025,Q2,06,07/21/2025,CA,1710,00120,20,Each,4.66,APB,APB68412,8.80987E+12,Squalane Hyal Acid Ampoule Serum 40ml,$93.20 
4500191724,06/20/2025,2025,Q2,06,07/21/2025,CA,1710,00130,20,Each,4.66,APB,APB68411,8.80987E+12,Glycerin Vitamin C Ampoule Serum 40ml,$93.20 
4500191724,06/20/2025,2025,Q2,06,07/21/2025,CA,1710,00140,20,Each,4.66,APB,APB68408,8.80987E+12,Bifida Niacinamide Ampoule Serum 40ml,$93.20 
4500191724,06/20/2025,2025,Q2,06,07/21/2025,CA,1710,00150,20,Each,4.66,APB,APB68406,8.80987E+12,Urea Hyaluronic Acid Ampoule Serum 40ml,$93.20 
4500191724,06/20/2025,2025,Q2,06,07/21/2025,CA,1710,00160,20,Each,4.66,APB,APB68405,8.80987E+12,Mandelic Acid Ret Ampoule Serum 40ml,$93.20 
4500191724,06/20/2025,2025,Q2,06,07/21/2025,CA,1710,00170,20,Each,4.66,APB,APB68404,8.80987E+12,Glycolic Acid Niacin Ampoule Serum 40ml,$93.20 
4500191724,06/20/2025,2025,Q2,06,07/21/2025,CA,1710,00180,80,Each,14,DMX,DMX48149,8.80989E+12,Anti-Freckles Whiten Capsule Cream 50g,"$1,120.00 "
4500191724,06/20/2025,2025,Q2,06,07/21/2025,CA,1710,00190,11,Each,5.58,DMX,DMX48147,8.80989E+12,Oyster Pep-3 Renewal Mask Pck 3 g 5 Ea,$61.38 
4500191724,06/20/2025,2025,Q2,06,07/21/2025,CA,1710,00200,20,Each,4.66,APB,APB68386,8.80987E+12,Bakuchiol Propolis Ampoule Serum 40ml,$93.20 
4500191724,06/20/2025,2025,Q2,06,07/21/2025,CA,1710,00210,48,Each,4.66,APB,APB68390,8.80987E+12,Tranex Acid Niacin Facial Cream 55ml,$223.68 
4500191725,06/20/2025,2025,Q2,06,07/25/2025,KY,1712,00010,18,Each,24.4,MUZ,MUZ58082,8.80984E+12,Sleek Matt Cushion N21 30 g,$439.20 
4500191725,06/20/2025,2025,Q2,06,07/25/2025,KY,1712,00020,40,Each,0.45,NRP,NRP45606,8.80617E+12,REAL NATURE OLIVE MASK SHEET 23ml,$18.00 
4500191725,06/20/2025,2025,Q2,06,07/25/2025,KY,1712,00030,80,Each,0.45,NRP,NRP45607,8.80617E+12,REAL NATURE SHEA BUTTER MASK SHEET 23ml,$36.00 
4500191725,06/20/2025,2025,Q2,06,07/25/2025,KY,1712,00040,24,Each,4.78,NRP,NRP47070,8.80617E+12,Relf Cre Spot Patch 24-12 MM 36-10 MM,$114.72 
4500191725,06/20/2025,2025,Q2,06,07/25/2025,KY,1712,00050,12,Each,4.78,NRP,NRP48435,8.80617E+12,After Care Spot Patch 60-12 MM,$57.36 
4500191725,06/20/2025,2025,Q2,06,07/25/2025,KY,1712,00060,24,Each,6.09,NRP,NRP48619,8.80617E+12,Real Squeeze Aloe Vera Eye Serum 15ml,$146.16 
4500191725,06/20/2025,2025,Q2,06,07/25/2025,KY,1712,00070,240,Each,2.13,NRP,NRP48814,8.80617E+12,NRP Aloe Vera Watery Gel 300ml,$511.20 
4500191725,06/20/2025,2025,Q2,06,07/25/2025,KY,1712,00080,12,Each,7.33,NRP,NRP48843,8.80617E+12,Aqua Super Aqua Max Watery Toner 150ml,$87.96 
4500191725,06/20/2025,2025,Q2,06,07/25/2025,KY,1712,00090,72,Each,9.41,NRP,NRP48847,8.80617E+12,Aqa Sup Max Combin Watery Cream 80ml,$677.52 
4500191726,06/20/2025,2025,Q2,06,07/21/2025,CA,1710,00010,24,Each,1,HBF,HBF45028,8.80028E+12,Milk Caramel Popcorn 80 g,$24.00 
4500191726,06/20/2025,2025,Q2,06,07/21/2025,CA,1710,00020,24,Each,10.51,LFT,LFT69271,8.80592E+12,Lacto Fit Glucose Control 120 g,$252.24 
4500191726,06/20/2025,2025,Q2,06,07/21/2025,CA,1710,00030,180,Each,3.24,HBF,HBF94449,8.80962E+12,HBAF Honey Butter Almond 120 g,$583.20 
4500191726,06/20/2025,2025,Q2,06,07/21/2025,CA,1710,00040,40,Each,3.24,HBF,HBF94493,8.80962E+12,HBAF Cheongyang Mayo Almond 120 g,$129.60 
4500191726,06/20/2025,2025,Q2,06,07/21/2025,CA,1710,00050,120,Each,7.99,LFT,LFT67921,8.80592E+12,Lacto Fit Gold 100 g,$958.80 
4500191726,06/20/2025,2025,Q2,06,07/21/2025,CA,1710,00060,150,Each,8.33,LFT,LFT68101,8.80592E+12,Lacto Fit Core 120 g,"$1,249.50 "
4500191726,06/20/2025,2025,Q2,06,07/21/2025,CA,1710,00070,24,Each,1,HBF,HBF94953,8.80962E+12,French Fried And Ketchup Popcorn 80 g,$24.00 
4500191726,06/20/2025,2025,Q2,06,07/21/2025,CA,1710,00080,24,Each,1,HBF,HBF45061,8.80028E+12,Ttekbokki Popcorn 80 g,$24.00 
4500191726,06/20/2025,2025,Q2,06,07/21/2025,CA,1710,00090,80,Each,3.24,HBF,HBF94578,8.80962E+12,HBAF Roasted Onion Almond 120 g,$259.20 
4500191727,06/20/2025,2025,Q2,06,07/25/2025,KY,1712,00010,40,Each,3.24,HBF,HBF94450,8.80962E+12,HBAF Wasabi Almond 120 g,$129.60 
4500191727,06/20/2025,2025,Q2,06,07/25/2025,KY,1712,00020,20,Each,3.24,HBF,HBF94578,8.80962E+12,HBAF Roasted Onion Almond 120 g,$64.80 
4500191727,06/20/2025,2025,Q2,06,07/25/2025,KY,1712,00030,30,Each,10.15,LFT,LFT67871,8.80592E+12,Lacto Fit Kids 120 g,$304.50 
4500191727,06/20/2025,2025,Q2,06,07/25/2025,KY,1712,00040,390,Each,12.99,LFT,LFT68201,8.80592E+12,Lacto Fit Slim 120 g,"$5,066.10 "
4500191727,06/20/2025,2025,Q2,06,07/25/2025,KY,1712,00050,60,Each,10.15,LFT,LFT68241,8.80592E+12,Plant-based Lacto Fit 120 g,$609.00 
4500191727,06/20/2025,2025,Q2,06,07/25/2025,KY,1712,00060,30,Each,9.53,LFT,LFT69431,8.80592E+12,Lacto Fit Liver Support 120 g,$285.90 
4500191727,06/20/2025,2025,Q2,06,07/25/2025,KY,1712,00070,120,Each,3.24,HBF,HBF94449,8.80962E+12,HBAF Honey Butter Almond 120 g,$388.80 
4500191727,06/20/2025,2025,Q2,06,07/25/2025,KY,1712,00080,80,Each,3.24,HBF,HBF94201,8.80962E+12,HBAF Caramel Salt Almond & Pretzel 120g,$259.20 
4500191728,06/20/2025,2025,Q2,06,07/21/2025,CA,1710,00010,20,Each,7.14,GBL,GBL54364,8.80974E+12,Glutathi Bright Ample Msk 5 Pk 25 ml,$142.80 
4500191728,06/20/2025,2025,Q2,06,07/21/2025,CA,1710,00020,140,Each,9.19,PNA,PNA07126,8.8097E+12,Glacial Bio Water No Sebum Cushion 10g,"$1,286.60 "
4500191728,06/20/2025,2025,Q2,06,07/21/2025,CA,1710,00030,100,Each,11.26,MVY,MVY80264,8.80985E+12,MVY Art Sooth Acne Pad Refill 70ea 160g,"$1,126.00 "
4500191729,06/20/2025,2025,Q2,06,07/21/2025,KY,1712,00010,40,Each,11.48,PNA,PNA09301,8.8097E+12,Cica Serum Cushion 24N Nat Nude 15g,$459.20 
4500191729,06/20/2025,2025,Q2,06,07/21/2025,KY,1712,00020,40,Each,9.19,PNA,PNA07126,8.8097E+12,Glacial Bio Water No Sebum Cushion 10g,$367.60 
4500191729,06/20/2025,2025,Q2,06,07/21/2025,KY,1712,00030,25,Each,11.26,MVY,MVY80264,8.80985E+12,MVY Art Sooth Acne Pad Refill 70ea 160g,$281.50 
4500191729,06/20/2025,2025,Q2,06,07/25/2025,KY,1712,00040,30,Each,7.14,GBL,GBL54364,8.80974E+12,Glutathi Bright Ample Msk 5 Pk 25 ml,$214.20 
4500193069,06/30/2025,2025,Q2,06,08/29/2025,KY,1712,00010,160,Each,0.94,BBU,BBU62534,8.80914E+12,BBU Light Baby Wipes 20 sheets,$150.40 
4500193069,06/30/2025,2025,Q2,06,08/29/2025,KY,1712,00020,152,Each,2.02,BBU,BBU62751,8.80914E+12,BBU Zero Baby Wipes 80 Sheets,$307.04 
4500193069,06/30/2025,2025,Q2,06,08/29/2025,KY,1712,00030,128,Each,2.11,BBU,BBU62755,8.80914E+12,BBU Signature Blue Baby Wipes 70 sheets,$270.08 
4500193069,06/30/2025,2025,Q2,06,08/29/2025,KY,1712,00040,128,Each,2.13,BBU,BBU62756,8.80914E+12,BBU Sig Blue Eco Baby Wipes 70 sheets,$272.64 
4500193069,06/30/2025,2025,Q2,06,08/29/2025,KY,1712,00050,162,Each,1.72,BBU,BBU62757,8.80914E+12,BBU Clean Bidet Tissue 48 sheets,$278.64 
4500193069,06/30/2025,2025,Q2,06,08/29/2025,KY,1712,00060,160,Each,1.94,BBU,BBU62750,8.80914E+12,BBU Light Baby Wipes 80 sheets,$310.40 
4500193069,06/30/2025,2025,Q2,06,08/29/2025,KY,1712,00070,75,Each,9.93,BBU,BBU62669,8.80914E+12,BBU Soothing and Moisture Lotion 300ml,$744.75 
4500193069,06/30/2025,2025,Q2,06,08/29/2025,KY,1712,00080,75,Each,10.31,BBU,BBU62672,8.80914E+12,BBU Sooth Moist Top to Toe Wash 300ml,$773.25 
4500193069,06/30/2025,2025,Q2,06,08/29/2025,KY,1712,00090,75,Each,10.08,BBU,BBU62670,8.80914E+12,BBU Sooth and Intens Cream 200ml,$756.00 
4500193069,06/30/2025,2025,Q2,06,08/29/2025,KY,1712,00100,75,Each,9.83,BBU,BBU62671,8.80914E+12,BBU Soothing and SOS Soothing Gel 200ml,$737.25 
4500193070,06/30/2025,2025,Q2,06,08/29/2025,CA,1710,00010,128,Each,0.94,BBU,BBU62534,8.80914E+12,BBU Light Baby Wipes 20 sheets,$120.32 
4500193070,06/30/2025,2025,Q2,06,08/29/2025,CA,1710,00020,120,Each,2.02,BBU,BBU62751,8.80914E+12,BBU Zero Baby Wipes 80 Sheets,$242.40 
4500193070,06/30/2025,2025,Q2,06,08/29/2025,CA,1710,00030,112,Each,2.11,BBU,BBU62755,8.80914E+12,BBU Signature Blue Baby Wipes 70 sheets,$236.32 
4500193070,06/30/2025,2025,Q2,06,08/29/2025,CA,1710,00040,112,Each,2.13,BBU,BBU62756,8.80914E+12,BBU Sig Blue Eco Baby Wipes 70 sheets,$238.56 
4500193070,06/30/2025,2025,Q2,06,08/29/2025,CA,1710,00050,81,Each,1.72,BBU,BBU62757,8.80914E+12,BBU Clean Bidet Tissue 48 sheets,$139.32 
4500193070,06/30/2025,2025,Q2,06,08/29/2025,CA,1710,00060,128,Each,1.94,BBU,BBU62750,8.80914E+12,BBU Light Baby Wipes 80 sheets,$248.32 
4500193070,06/30/2025,2025,Q2,06,08/29/2025,CA,1710,00070,150,Each,9.93,BBU,BBU62669,8.80914E+12,BBU Soothing and Moisture Lotion 300ml,"$1,489.50 "
4500193070,06/30/2025,2025,Q2,06,08/29/2025,CA,1710,00080,150,Each,10.31,BBU,BBU62672,8.80914E+12,BBU Sooth Moist Top to Toe Wash 300ml,"$1,546.50 "
4500193070,06/30/2025,2025,Q2,06,08/29/2025,CA,1710,00090,150,Each,10.08,BBU,BBU62670,8.80914E+12,BBU Sooth and Intens Cream 200ml,"$1,512.00 "
4500193070,06/30/2025,2025,Q2,06,08/29/2025,CA,1710,00100,150,Each,9.83,BBU,BBU62671,8.80914E+12,BBU Soothing and SOS Soothing Gel 200ml,"$1,474.50 "
4500193423,07/02/2025,2025,Q3,07,08/31/2025,KY,1712,00010,81,Each,13.78,DMX,DMX48257,8.80989E+12,Dubai Peptide Clay Mask 3.52 oz (100 g),"$1,116.18 "
4500193423,07/02/2025,2025,Q3,07,08/31/2025,KY,1712,00020,189,Each,24.05,DMX,DMX48259,8.80989E+12,Eyephalt Eyebag Cream 0.35 oz (10 g),"$4,545.45 "
4500193424,07/02/2025,2025,Q3,07,08/31/2025,CA,1710,00010,162,Each,13.78,DMX,DMX48257,8.80989E+12,Dubai Peptide Clay Mask 3.52 oz (100 g),"$2,232.36 "
4500193424,07/02/2025,2025,Q3,07,08/31/2025,CA,1710,00020,126,Each,24.05,DMX,DMX48259,8.80989E+12,Eyephalt Eyebag Cream 0.35 oz (10 g),"$3,030.30 "
4500193863,07/03/2025,2025,Q3,07,08/04/2025,CA,1710,00010,32,Each,9.4,SRI,SRI99705,8.80908E+12,Time Is Running Out Mist 100ml,$300.80 
4500193863,07/03/2025,2025,Q3,07,08/04/2025,CA,1710,00020,32,Each,10.25,SRI,SRI99761,8.80908E+12,Cleanse Me SoftlyMilkClnsr Citrus 200ml,$328.00 
4500193863,07/03/2025,2025,Q3,07,08/04/2025,CA,1710,00030,16,Each,9.4,SRI,SRI99706,8.80908E+12,Day By Day Cleansing Gel 150ml,$150.40 
4500193863,07/03/2025,2025,Q3,07,08/04/2025,CA,1710,00040,240,Each,5.01,APB,APB68270,8.80987E+12,Glutath Niacinamide Facial Toner 160ml,"$1,202.40 "
4500193863,07/03/2025,2025,Q3,07,08/04/2025,CA,1710,00050,592,Each,5.01,APB,APB68273,8.80987E+12,Glutath Niacinamide Body Wash 300ml,"$2,965.92 "
4500193863,07/03/2025,2025,Q3,07,08/04/2025,CA,1710,00060,120,Each,4.66,APB,APB68540,8.80987E+12,Exosome Collagen EX Serum 40ml,$559.20 
4500193863,07/03/2025,2025,Q3,07,08/04/2025,CA,1710,00070,40,Each,4.66,APB,APB68538,8.80987E+12,Exosome Retinol EX Serum 40ml,$186.40 
4500193863,07/03/2025,2025,Q3,07,08/04/2025,CA,1710,00080,40,Each,4.66,APB,APB68537,8.80987E+12,Exosome Niacinamide EX Serum 40ml,$186.40 
4500193863,07/03/2025,2025,Q3,07,08/04/2025,CA,1710,00090,592,Each,5.01,APB,APB68274,8.80987E+12,Glutath Niacinamide Body Lotion 300ml,"$2,965.92 "
4500193863,07/03/2025,2025,Q3,07,08/04/2025,CA,1710,00100,104,Each,5.16,NRP,NRP49010,8.80617E+12,Mild and Mst Aloe Vera Water Gel 250ml,$536.64 
4500193863,07/03/2025,2025,Q3,07,08/04/2025,CA,1710,00110,24,Each,9.41,NRP,NRP48847,8.80617E+12,Aqa Sup Max Combin Watery Cream 80ml,$225.84 
4500193863,07/03/2025,2025,Q3,07,08/04/2025,CA,1710,00120,12,Each,7.33,NRP,NRP48844,8.80617E+12,Aqua Super Max Watery Emulsion 130ml,$87.96 
4500193863,07/03/2025,2025,Q3,07,08/04/2025,CA,1710,00130,972,Each,2.13,NRP,NRP48814,8.80617E+12,NRP Aloe Vera Watery Gel 300ml,"$2,070.36 "
4500193863,07/03/2025,2025,Q3,07,08/04/2025,CA,1710,00140,30,Each,5.19,APB,APB68331,8.80987E+12,Glut Niacin Sheet Mask 10 Pack 25ml,$155.70 
4500193863,07/03/2025,2025,Q3,07,08/04/2025,CA,1710,00150,12,Each,13.96,NRP,NRP48695,8.80617E+12,Kombuch Blck Tea Frst Essce 4.73 floz,$167.52 
4500193863,07/03/2025,2025,Q3,07,08/04/2025,CA,1710,00160,24,Each,6.09,NRP,NRP48619,8.80617E+12,Real Squeeze Aloe Vera Eye Serum 15ml,$146.16 
4500193863,07/03/2025,2025,Q3,07,08/04/2025,CA,1710,00170,12,Each,4.78,NRP,NRP48435,8.80617E+12,After Care Spot Patch 60-12 MM,$57.36 
4500193863,07/03/2025,2025,Q3,07,08/04/2025,CA,1710,00180,320,Each,4.66,APB,APB68387,8.80987E+12,Tranex Acid Niacin Ampoule Serum 40ml,"$1,491.20 "
4500193863,07/03/2025,2025,Q3,07,08/04/2025,CA,1710,00190,96,Each,4.66,APB,APB68390,8.80987E+12,Tranex Acid Niacin Facial Cream 55ml,$447.36 
4500193863,07/03/2025,2025,Q3,07,08/04/2025,CA,1710,00200,12,Each,8.28,NRP,NRP47879,8.80617E+12,Real Squeeze Aloe Vera Emulsion 130ml,$99.36 
4500193863,07/03/2025,2025,Q3,07,08/04/2025,CA,1710,00210,12,Each,8.28,NRP,NRP47346,8.80617E+12,Shea Butter Moist Steam Crm 3.38 floz,$99.36 
4500193863,07/03/2025,2025,Q3,07,08/04/2025,CA,1710,00220,60,Each,8.28,NRP,NRP47345,8.80617E+12,Shea Butter Ultra Steam Crm 3.38 fl oz,$496.80 
4500193863,07/03/2025,2025,Q3,07,08/04/2025,CA,1710,00230,24,Each,4.78,NRP,NRP47070,8.80617E+12,Relf Cre Spot Patch 24-12 MM 36-10 MM,$114.72 
4500193863,07/03/2025,2025,Q3,07,08/04/2025,CA,1710,00240,120,Each,6.53,NRP,NRP46867,8.80617E+12,Argan Essential Deep Care Shampoo 300ml,$783.60 
4500193863,07/03/2025,2025,Q3,07,08/04/2025,CA,1710,00250,32,Each,5.42,NRP,NRP46222,8.80617E+12,Vitamin E Glossy Skin Ampoule 30 ml,$173.44 
4500193863,07/03/2025,2025,Q3,07,08/04/2025,CA,1710,00260,320,Each,4.66,APB,APB68402,8.80987E+12,Azelaic Acid Pep Ampoule Serum 40ml,"$1,491.20 "
4500193863,07/03/2025,2025,Q3,07,08/04/2025,CA,1710,00270,40,Each,0.45,NRP,NRP45606,8.80617E+12,REAL NATURE OLIVE MASK SHEET 23ml,$18.00 
4500193863,07/03/2025,2025,Q3,07,08/04/2025,CA,1710,00280,130,Each,5.19,APB,APB68523,8.80987E+12,Tranex Acd Niacin Sht Msk 10Msks 25mlEa,$674.70 
4500193863,07/03/2025,2025,Q3,07,08/04/2025,CA,1710,00290,65,Each,5.19,APB,APB68522,8.80987E+12,Coll EGF Pep Sht Msk 10 Msks 25ml Ea,$337.35 
4500193863,07/03/2025,2025,Q3,07,08/04/2025,CA,1710,00300,130,Each,5.19,APB,APB68521,8.80987E+12,Ret Vit C Vit E Sht Msk 10 Msks 25ml Ea,$674.70 
4500193863,07/03/2025,2025,Q3,07,08/04/2025,CA,1710,00310,144,Each,17.2,DMX,DMX48245,8.80989E+12,Facephalt Tightening Cream 50ml,"$2,476.80 "
4500193863,07/03/2025,2025,Q3,07,08/04/2025,CA,1710,00320,144,Each,13.2,DMX,DMX48237,8.80989E+12,Peel Sht Exfol Blck Rce Ampoule 2.7floz,"$1,900.80 "
4500193863,07/03/2025,2025,Q3,07,08/04/2025,CA,1710,00330,152,Each,13.2,DMX,DMX48236,8.80989E+12,Peel Shot Exfoliant Rice Ampoule 80ml,"$2,006.40 "
4500193863,07/03/2025,2025,Q3,07,08/04/2025,CA,1710,00340,208,Each,4.66,APB,APB68517,8.80987E+12,Tranex Acid Niacin Body Lotion 300ml,$969.28 
4500193863,07/03/2025,2025,Q3,07,08/04/2025,CA,1710,00350,36,Each,18.46,DMX,DMX48199,8.80989E+12,Pic Shot Pign Correct Calc Cream 25 g,$664.56 
4500193863,07/03/2025,2025,Q3,07,08/04/2025,CA,1710,00360,12,Each,22.18,DMX,DMX48198,8.80989E+12,Pic Shot Pig Correct Calc Ample 30ml,$266.16 
4500193863,07/03/2025,2025,Q3,07,08/04/2025,CA,1710,00370,208,Each,4.66,APB,APB68516,8.80987E+12,Collagen EGF Peptide Body Lotion 300ml,$969.28 
4500193863,07/03/2025,2025,Q3,07,08/04/2025,CA,1710,00380,80,Each,7.53,DMX,DMX48186,8.80989E+12,Bond Clin I Prot Bond Rem Shampoo 400ml,$602.40 
4500193863,07/03/2025,2025,Q3,07,08/04/2025,CA,1710,00390,180,Each,10.49,DMX,DMX48185,8.80989E+12,Bond Clin Prot Bond Remod Clinic 250ml,"$1,888.20 "
4500193863,07/03/2025,2025,Q3,07,08/04/2025,CA,1710,00400,80,Each,15.07,DMX,DMX48184,8.80989E+12,TX Ret Double Effect Eye Cream 40g,"$1,205.60 "
4500193863,07/03/2025,2025,Q3,07,08/04/2025,CA,1710,00410,78,Each,22.18,DMX,DMX48171,8.80989E+12,EX Volume Firming 30 ml,"$1,730.04 "
4500193863,07/03/2025,2025,Q3,07,08/04/2025,CA,1710,00420,60,Each,6.85,DMX,DMX48169,8.80989E+12,BP-Pore Clear Mask Pack 25g 5 Each,$411.00 
4500193863,07/03/2025,2025,Q3,07,08/04/2025,CA,1710,00430,240,Each,4.66,APB,APB68515,8.80987E+12,Retinol Vit C Vit E Body Lotion 300ml,"$1,118.40 "
4500193863,07/03/2025,2025,Q3,07,08/04/2025,CA,1710,00440,36,Each,12.34,DMX,DMX48167,8.80989E+12,Calcium Dark Spot Eye Cream 15 g,$444.24 
4500193863,07/03/2025,2025,Q3,07,08/04/2025,CA,1710,00450,26,Each,12.34,DMX,DMX48165,8.80989E+12,ECM Neck Barrier Ampoule 1.5 ml 10 ea,$320.84 
4500193863,07/03/2025,2025,Q3,07,08/04/2025,CA,1710,00460,28,Each,17.69,DMX,DMX48164,8.80989E+12,ECM Neck Barrier Cream 1.69 fl oz,$495.32 
4500193863,07/03/2025,2025,Q3,07,08/04/2025,CA,1710,00470,18,Each,16.23,SRI,SRI77910,8.80919E+12,All Your Love Body Cream 300ml,$292.14 
4500193863,07/03/2025,2025,Q3,07,08/04/2025,CA,1710,00480,18,Each,14.52,SRI,SRI55258,8.80616E+12,Enriched By Nature Cream 50ml,$261.36 
4500193863,07/03/2025,2025,Q3,07,08/04/2025,CA,1710,00490,36,Each,11.96,SRI,SRI55257,8.80616E+12,My First Essener 100ml,$430.56 
4500193863,07/03/2025,2025,Q3,07,08/04/2025,CA,1710,00500,12,Each,12.34,DMX,DMX48135,8.80989E+12,Papaya Powder Wash 1.7 oz (50 g),$148.08 
4500193863,07/03/2025,2025,Q3,07,08/04/2025,CA,1710,00510,60,Each,17.69,DMX,DMX48144,8.80989E+12,Oyster Pep3 Renewal Ampoule (30 ml),"$1,061.40 "
4500193863,07/03/2025,2025,Q3,07,08/04/2025,CA,1710,00520,360,Each,4.66,APB,APB68418,8.80987E+12,Azelaic Acid Peptide Facial Cream 55ml,"$1,677.60 "
4500193863,07/03/2025,2025,Q3,07,08/04/2025,CA,1710,00530,14,Each,15.07,DMX,DMX48145,8.80989E+12,Oyster Pep-3 Renewal Cream  50 ml,$210.98 
4500193863,07/03/2025,2025,Q3,07,08/04/2025,CA,1710,00540,143,Each,5.58,DMX,DMX48147,8.80989E+12,Oyster Pep-3 Renewal Mask Pck 3 g 5 Ea,$797.94 
4500193863,07/03/2025,2025,Q3,07,08/04/2025,CA,1710,00550,24,Each,4.66,APB,APB68422,8.80987E+12,Urea Hyaluronic Acid Facial Cream 55ml,$111.84 
4500193863,07/03/2025,2025,Q3,07,08/04/2025,CA,1710,00560,77,Each,10.49,DMX,DMX48148,8.80989E+12,Oyster Pep-3 Renewal Oil Mist 100 ml,$807.73 
4500193863,07/03/2025,2025,Q3,07,08/04/2025,CA,1710,00570,88,Each,14,DMX,DMX48149,8.80989E+12,Anti-Freckles Whiten Capsule Cream 50g,"$1,232.00 "
4500193863,07/03/2025,2025,Q3,07,08/04/2025,CA,1710,00580,60,Each,17.85,DMX,DMX48150,8.80989E+12,Extra Whitening Ampoule 30 ml,"$1,071.00 "
4500193863,07/03/2025,2025,Q3,07,08/04/2025,CA,1710,00590,102,Each,7,DMX,DMX48153,8.80989E+12,Astax Whiten Amp Mask Pack 25g 5 Ea,$714.00 
4500193863,07/03/2025,2025,Q3,07,08/04/2025,CA,1710,00600,100,Each,5.58,DMX,DMX48157,8.80989E+12,Exosome Repair Mask Pack 30 g x 5 Ea,$558.00 
4500193863,07/03/2025,2025,Q3,07,08/04/2025,CA,1710,00610,96,Each,7,DMX,DMX48162,8.80989E+12,Aqua Ion Plas Hydrat Wtr Msk 25g 5 Ea,$672.00 
4500193863,07/03/2025,2025,Q3,07,08/04/2025,CA,1710,00620,24,Each,4.66,APB,APB68429,8.80987E+12,Kojic Acid Vitamin C Facial Cream 55ml,$111.84 
4500193864,07/03/2025,2025,Q3,07,08/07/2025,KY,1712,00010,820,Each,5.01,APB,APB68267,8.80987E+12,Glutath Niacinamide Ampoule Serum 40ml,"$4,108.20 "
4500193864,07/03/2025,2025,Q3,07,08/07/2025,KY,1712,00020,1272,Each,5.01,APB,APB68268,8.80987E+12,Glutath Niacinamide Facial Cream 55ml,"$6,372.72 "
4500193864,07/03/2025,2025,Q3,07,08/07/2025,KY,1712,00030,240,Each,4.66,APB,APB68413,8.80987E+12,Kojic Acid Vit C Ampoule Serum 40ml,"$1,118.40 "
4500193864,07/03/2025,2025,Q3,07,08/07/2025,KY,1712,00040,336,Each,5.01,APB,APB68272,8.80987E+12,Glutath Niacinamide Fac Cleanser 80ml,"$1,683.36 "
4500193864,07/03/2025,2025,Q3,07,08/07/2025,KY,1712,00050,130,Each,5.19,APB,APB68523,8.80987E+12,Tranex Acd Niacin Sht Msk 10Msks 25mlEa,$674.70 
4500193864,07/03/2025,2025,Q3,07,08/07/2025,KY,1712,00060,130,Each,5.19,APB,APB68522,8.80987E+12,Coll EGF Pep Sht Msk 10 Msks 25ml Ea,$674.70 
4500193864,07/03/2025,2025,Q3,07,08/07/2025,KY,1712,00070,130,Each,5.19,APB,APB68521,8.80987E+12,Ret Vit C Vit E Sht Msk 10 Msks 25ml Ea,$674.70 
4500193864,07/03/2025,2025,Q3,07,08/07/2025,KY,1712,00080,100,Each,4.66,APB,APB68410,8.80987E+12,Zinc Niacinamide Ampoule Serum 40ml,$466.00 
4500193864,07/03/2025,2025,Q3,07,08/07/2025,KY,1712,00090,200,Each,4.66,APB,APB68402,8.80987E+12,Azelaic Acid Pep Ampoule Serum 40ml,$932.00 
4500193864,07/03/2025,2025,Q3,07,08/07/2025,KY,1712,00100,160,Each,4.66,APB,APB68517,8.80987E+12,Tranex Acid Niacin Body Lotion 300ml,$745.60 
4500193864,07/03/2025,2025,Q3,07,08/07/2025,KY,1712,00110,120,Each,4.66,APB,APB68429,8.80987E+12,Kojic Acid Vitamin C Facial Cream 55ml,$559.20 
4500193864,07/03/2025,2025,Q3,07,08/07/2025,KY,1712,00120,360,Each,5.01,APB,APB68275,8.80987E+12,Glutath Niacinamide Eye Cream 20ml,"$1,803.60 "
4500193864,07/03/2025,2025,Q3,07,08/07/2025,KY,1712,00130,120,Each,4.66,APB,APB68508,8.80987E+12,PDRN Vitamin C Ampoule Serum 40ml,$559.20 
4500193864,07/03/2025,2025,Q3,07,08/07/2025,KY,1712,00140,48,Each,4.66,APB,APB68418,8.80987E+12,Azelaic Acid Peptide Facial Cream 55ml,$223.68 
4500193864,07/03/2025,2025,Q3,07,08/07/2025,KY,1712,00150,1990,Each,5.01,APB,APB68276,8.80987E+12,Glutath Niacinamide Sunscreen 40ml,"$9,969.90 "
4500193864,07/03/2025,2025,Q3,07,08/07/2025,KY,1712,00160,464,Each,4.66,APB,APB68516,8.80987E+12,Collagen EGF Peptide Body Lotion 300ml,"$2,162.24 "
4500193864,07/03/2025,2025,Q3,07,08/07/2025,KY,1712,00170,132,Each,4.66,APB,APB68400,8.80987E+12,Glutathione Niacinamide Cln Water 160ml,$615.12 
4500193864,07/03/2025,2025,Q3,07,08/07/2025,KY,1712,00180,120,Each,4.66,APB,APB68426,8.80987E+12,Zinc Niacinamide Facial Cream 55ml,$559.20 
4500193864,07/03/2025,2025,Q3,07,08/07/2025,KY,1712,00190,380,Each,5.19,APB,APB68331,8.80987E+12,Glut Niacin Sheet Mask 10 Pack 25ml,"$1,972.20 "
4500193864,07/03/2025,2025,Q3,07,08/07/2025,KY,1712,00200,120,Each,4.66,APB,APB68422,8.80987E+12,Urea Hyaluronic Acid Facial Cream 55ml,$559.20 
4500193864,07/03/2025,2025,Q3,07,08/07/2025,KY,1712,00210,100,Each,4.66,APB,APB68387,8.80987E+12,Tranex Acid Niacin Ampoule Serum 40ml,$466.00 
4500193864,07/03/2025,2025,Q3,07,08/07/2025,KY,1712,00220,160,Each,4.66,APB,APB68515,8.80987E+12,Retinol Vit C Vit E Body Lotion 300ml,$745.60 
4500193864,07/03/2025,2025,Q3,07,08/07/2025,KY,1712,00230,120,Each,4.66,APB,APB68390,8.80987E+12,Tranex Acid Niacin Facial Cream 55ml,$559.20 
4500193864,07/03/2025,2025,Q3,07,08/07/2025,KY,1712,00240,70,Each,15.07,DMX,DMX48145,8.80989E+12,Oyster Pep-3 Renewal Cream  50 ml,"$1,054.90 "
4500193864,07/03/2025,2025,Q3,07,08/07/2025,KY,1712,00250,110,Each,5.58,DMX,DMX48147,8.80989E+12,Oyster Pep-3 Renewal Mask Pck 3 g 5 Ea,$613.80 
4500193864,07/03/2025,2025,Q3,07,08/07/2025,KY,1712,00260,77,Each,10.49,DMX,DMX48148,8.80989E+12,Oyster Pep-3 Renewal Oil Mist 100 ml,$807.73 
4500193864,07/03/2025,2025,Q3,07,08/07/2025,KY,1712,00270,36,Each,7,DMX,DMX48153,8.80989E+12,Astax Whiten Amp Mask Pack 25g 5 Ea,$252.00 
4500193864,07/03/2025,2025,Q3,07,08/07/2025,KY,1712,00280,140,Each,5.58,DMX,DMX48157,8.80989E+12,Exosome Repair Mask Pack 30 g x 5 Ea,$781.20 
4500193864,07/03/2025,2025,Q3,07,08/07/2025,KY,1712,00290,98,Each,17.69,DMX,DMX48164,8.80989E+12,ECM Neck Barrier Cream 1.69 fl oz,"$1,733.62 "
4500193864,07/03/2025,2025,Q3,07,08/07/2025,KY,1712,00300,104,Each,12.34,DMX,DMX48165,8.80989E+12,ECM Neck Barrier Ampoule 1.5 ml 10 ea,"$1,283.36 "
4500193864,07/03/2025,2025,Q3,07,08/07/2025,KY,1712,00310,144,Each,12.34,DMX,DMX48167,8.80989E+12,Calcium Dark Spot Eye Cream 15 g,"$1,776.96 "
4500193864,07/03/2025,2025,Q3,07,08/07/2025,KY,1712,00320,91,Each,22.18,DMX,DMX48171,8.80989E+12,EX Volume Firming 30 ml,"$2,018.38 "
4500193864,07/03/2025,2025,Q3,07,08/07/2025,KY,1712,00330,60,Each,7.53,DMX,DMX48186,8.80989E+12,Bond Clin I Prot Bond Rem Shampoo 400ml,$451.80 
4500193864,07/03/2025,2025,Q3,07,08/07/2025,KY,1712,00340,24,Each,22.18,DMX,DMX48198,8.80989E+12,Pic Shot Pig Correct Calc Ample 30ml,$532.32 
4500193864,07/03/2025,2025,Q3,07,08/07/2025,KY,1712,00350,126,Each,18.46,DMX,DMX48199,8.80989E+12,Pic Shot Pign Correct Calc Cream 25 g,"$2,325.96 "
4500193864,07/03/2025,2025,Q3,07,08/07/2025,KY,1712,00360,304,Each,13.2,DMX,DMX48237,8.80989E+12,Peel Sht Exfol Blck Rce Ampoule 2.7floz,"$4,012.80 "
4500193864,07/03/2025,2025,Q3,07,08/07/2025,KY,1712,00370,320,Each,6.53,NRP,NRP46867,8.80617E+12,Argan Essential Deep Care Shampoo 300ml,"$2,089.60 "
4500193864,07/03/2025,2025,Q3,07,08/07/2025,KY,1712,00380,144,Each,9.41,NRP,NRP48847,8.80617E+12,Aqa Sup Max Combin Watery Cream 80ml,"$1,355.04 "
4500193864,07/03/2025,2025,Q3,07,08/07/2025,KY,1712,00390,60,Each,8.28,NRP,NRP47346,8.80617E+12,Shea Butter Moist Steam Crm 3.38 floz,$496.80 
4500193864,07/03/2025,2025,Q3,07,08/07/2025,KY,1712,00400,24,Each,8.28,NRP,NRP47879,8.80617E+12,Real Squeeze Aloe Vera Emulsion 130ml,$198.72 
4500193864,07/03/2025,2025,Q3,07,08/07/2025,KY,1712,00410,36,Each,6.53,NRP,NRP48257,8.80617E+12,Green Derma Soothing Cream 100ml,$235.08 
4500193864,07/03/2025,2025,Q3,07,08/07/2025,KY,1712,00420,108,Each,2.13,NRP,NRP48298,8.80617E+12,Sooth Moist AloeVeraClnsng GelCrm 150ml,$230.04 
4500193864,07/03/2025,2025,Q3,07,08/07/2025,KY,1712,00430,24,Each,4.78,NRP,NRP48435,8.80617E+12,After Care Spot Patch 60-12 MM,$114.72 
4500193864,07/03/2025,2025,Q3,07,08/07/2025,KY,1712,00440,6708,Each,2.13,NRP,NRP48814,8.80617E+12,NRP Aloe Vera Watery Gel 300ml,"$14,288.04 "
4500193864,07/03/2025,2025,Q3,07,08/07/2025,KY,1712,00450,48,Each,13.96,NRP,NRP48695,8.80617E+12,Kombuch Blck Tea Frst Essce 4.73 floz,$670.08 
4500193864,07/03/2025,2025,Q3,07,08/07/2025,KY,1712,00460,56,Each,10.46,NRP,NRP45415,8.80617E+12,Fresh Powdery Sun Stick SPF50 0.71 oz,$585.76 
4500193864,07/03/2025,2025,Q3,07,08/07/2025,KY,1712,00470,45,Each,10.4,MUZ,MUZ58047,8.80984E+12,Objct Mat Lip Tnt 007 Rare.20 floz,$468.00 
4500193864,07/03/2025,2025,Q3,07,08/07/2025,KY,1712,00480,280,Each,0.45,NRP,NRP45606,8.80617E+12,REAL NATURE OLIVE MASK SHEET 23ml,$126.00 
4500193864,07/03/2025,2025,Q3,07,08/07/2025,KY,1712,00490,112,Each,5.16,NRP,NRP49010,8.80617E+12,Mild and Mst Aloe Vera Water Gel 250ml,$577.92 
4500193864,07/03/2025,2025,Q3,07,08/07/2025,KY,1712,00500,240,Each,0.45,NRP,NRP45607,8.80617E+12,REAL NATURE SHEA BUTTER MASK SHEET 23ml,$108.00 
4500193864,07/03/2025,2025,Q3,07,08/07/2025,KY,1712,00510,32,Each,5.42,NRP,NRP46214,8.80617E+12,Tea Tree Pore Care Ampoule 30 ml,$173.44 
4500193864,07/03/2025,2025,Q3,07,08/07/2025,KY,1712,00520,16,Each,11.96,SRI,SRI55330,8.80616E+12,Fresh Moment Cleansing Oil 200ml,$191.36 
4500193864,07/03/2025,2025,Q3,07,08/07/2025,KY,1712,00530,36,Each,14.52,SRI,SRI55258,8.80616E+12,Enriched By Nature Cream 50ml,$522.72 
4500193864,07/03/2025,2025,Q3,07,08/07/2025,KY,1712,00540,18,Each,11.96,SRI,SRI55257,8.80616E+12,My First Essener 100ml,$215.28 
4500193864,07/03/2025,2025,Q3,07,08/07/2025,KY,1712,00550,96,Each,15.07,DMX,DMX48109,8.80989E+12,Exosome Repair Cream 50 ml,"$1,446.72 "
4500193864,07/03/2025,2025,Q3,07,08/07/2025,KY,1712,00560,56,Each,18.46,DMX,DMX48115,8.80989E+12,EX Volume Firm Calcium Int Cream 50ml,"$1,033.76 "
4500193864,07/03/2025,2025,Q3,07,08/07/2025,KY,1712,00570,120,Each,12.34,DMX,DMX48135,8.80989E+12,Papaya Powder Wash 1.7 oz (50 g),"$1,480.80 "
4500193864,07/03/2025,2025,Q3,07,08/07/2025,KY,1712,00580,192,Each,17.69,DMX,DMX48144,8.80989E+12,Oyster Pep3 Renewal Ampoule (30 ml),"$3,396.48 "
4500193865,07/03/2025,2025,Q3,07,08/04/2025,CA,1710,00010,40,Each,3.24,HBF,HBF94448,8.80962E+12,Mint Choco Almond 120 g,$129.60 
4500193865,07/03/2025,2025,Q3,07,08/04/2025,CA,1710,00020,30,Each,9.31,LFT,LFT67861,8.80592E+12,Lacto Fit Bebe 120 g,$279.30 
4500193865,07/03/2025,2025,Q3,07,08/04/2025,CA,1710,00030,740,Each,3.24,HBF,HBF94449,8.80962E+12,HBAF Honey Butter Almond 120 g,"$2,397.60 "
4500193865,07/03/2025,2025,Q3,07,08/04/2025,CA,1710,00040,180,Each,3.24,HBF,HBF94450,8.80962E+12,HBAF Wasabi Almond 120 g,$583.20 
4500193865,07/03/2025,2025,Q3,07,08/04/2025,CA,1710,00050,40,Each,3.24,HBF,HBF94481,8.80962E+12,Black Sugar Milk Tea Almond 120 g,$129.60 
4500193865,07/03/2025,2025,Q3,07,08/04/2025,CA,1710,00060,20,Each,3.24,HBF,HBF94493,8.80962E+12,HBAF Cheongyang Mayo Almond 120 g,$64.80 
4500193865,07/03/2025,2025,Q3,07,08/04/2025,CA,1710,00070,160,Each,3.24,HBF,HBF94451,8.80962E+12,HBAF Baked Corn Almond 120 g,$518.40 
4500193865,07/03/2025,2025,Q3,07,08/04/2025,CA,1710,00080,100,Each,3.24,HBF,HBF94480,8.80962E+12,Jeju Matcha Almond 120 g,$324.00 
4500193865,07/03/2025,2025,Q3,07,08/04/2025,CA,1710,00090,36,Each,1,HBF,HBF94927,8.80962E+12,Mexican Taco Popcorn 80 g,$36.00 
4500193865,07/03/2025,2025,Q3,07,08/04/2025,CA,1710,00100,108,Each,1,HBF,HBF94954,8.80962E+12,Curry Popcorn 80 g,$108.00 
4500193865,07/03/2025,2025,Q3,07,08/04/2025,CA,1710,00110,40,Each,3.24,HBF,HBF94452,8.80962E+12,Cookies And Cream Almond 120 g,$129.60 
4500193865,07/03/2025,2025,Q3,07,08/04/2025,CA,1710,00120,80,Each,3.24,HBF,HBF94478,8.80962E+12,HBAF Tteokbokki Almond 120 g,$259.20 
4500193865,07/03/2025,2025,Q3,07,08/04/2025,CA,1710,00130,24,Each,1,HBF,HBF94953,8.80962E+12,French Fried And Ketchup Popcorn 80 g,$24.00 
4500193865,07/03/2025,2025,Q3,07,08/04/2025,CA,1710,00140,80,Each,3.24,HBF,HBF94477,8.80962E+12,HBAF Hot & Spicy Chicken Almond 120 g,$259.20 
4500193865,07/03/2025,2025,Q3,07,08/04/2025,CA,1710,00150,108,Each,1,HBF,HBF94928,8.80962E+12,Pepperoni Pizza Popcorn 80 g,$108.00 
4500193865,07/03/2025,2025,Q3,07,08/04/2025,CA,1710,00160,24,Each,1,HBF,HBF45061,8.80028E+12,Ttekbokki Popcorn 80 g,$24.00 
4500193865,07/03/2025,2025,Q3,07,08/04/2025,CA,1710,00170,24,Each,1,HBF,HBF45057,8.80028E+12,Baked Corn Popcorn 80 g,$24.00 
4500193865,07/03/2025,2025,Q3,07,08/04/2025,CA,1710,00180,24,Each,1,HBF,HBF94926,8.80962E+12,Garlic Baguette Popcorn 80 g,$24.00 
4500193865,07/03/2025,2025,Q3,07,08/04/2025,CA,1710,00190,120,Each,1,HBF,HBF45029,8.80028E+12,Caramel Cheese Popcorn 80g,$120.00 
4500193865,07/03/2025,2025,Q3,07,08/04/2025,CA,1710,00200,24,Each,1,HBF,HBF45028,8.80028E+12,Milk Caramel Popcorn 80 g,$24.00 
4500193865,07/03/2025,2025,Q3,07,08/04/2025,CA,1710,00210,108,Each,1,HBF,HBF45026,8.80028E+12,Laver Popcorn 80 g,$108.00 
4500193865,07/03/2025,2025,Q3,07,08/04/2025,CA,1710,00220,24,Each,1,HBF,HBF45025,8.80028E+12,Salted Milk Popcorn 80 g,$24.00 
4500193865,07/03/2025,2025,Q3,07,08/04/2025,CA,1710,00230,60,Each,3.24,HBF,HBF94494,8.80962E+12,HBAF Garlic Bread Almond 120 g,$194.40 
4500193865,07/03/2025,2025,Q3,07,08/04/2025,CA,1710,00240,120,Each,3.24,HBF,HBF94920,8.80962E+12,Dalgona Almond 120 g,$388.80 
4500193865,07/03/2025,2025,Q3,07,08/04/2025,CA,1710,00250,60,Each,10.15,LFT,LFT67871,8.80592E+12,Lacto Fit Kids 120 g,$609.00 
4500193865,07/03/2025,2025,Q3,07,08/04/2025,CA,1710,00260,40,Each,3.24,HBF,HBF94900,8.80962E+12,Choco Churros Almond 120 g,$129.60 
4500193865,07/03/2025,2025,Q3,07,08/04/2025,CA,1710,00270,120,Each,3.24,HBF,HBF94508,8.80962E+12,Black Sesame Almond 120 g,$388.80 
4500193865,07/03/2025,2025,Q3,07,08/04/2025,CA,1710,00280,240,Each,12.99,LFT,LFT68201,8.80592E+12,Lacto Fit Slim 120 g,"$3,117.60 "
4500193865,07/03/2025,2025,Q3,07,08/04/2025,CA,1710,00290,40,Each,3.24,HBF,HBF94884,8.80962E+12,Dark Chocolate Almond Crunch 100 g,$129.60 
4500193865,07/03/2025,2025,Q3,07,08/04/2025,CA,1710,00300,24,Each,10.51,LFT,LFT69271,8.80592E+12,Lacto Fit Glucose Control 120 g,$252.24 
4500193865,07/03/2025,2025,Q3,07,08/04/2025,CA,1710,00310,60,Each,9.53,LFT,LFT69431,8.80592E+12,Lacto Fit Liver Support 120 g,$571.80 
4500193865,07/03/2025,2025,Q3,07,08/04/2025,CA,1710,00320,240,Each,8.33,LFT,LFT68101,8.80592E+12,Lacto Fit Core 120 g,"$1,999.20 "
4500193865,07/03/2025,2025,Q3,07,08/04/2025,CA,1710,00330,40,Each,3.24,HBF,HBF94533,8.80962E+12,HBAF Laver Almond 120 g,$129.60 
4500193865,07/03/2025,2025,Q3,07,08/04/2025,CA,1710,00340,140,Each,3.24,HBF,HBF94578,8.80962E+12,HBAF Roasted Onion Almond 120 g,$453.60 
4500193865,07/03/2025,2025,Q3,07,08/04/2025,CA,1710,00350,168,Each,1,HBF,HBF94874,8.80962E+12,Honey Butter Popcorn 80 g,$168.00 
4500193866,07/03/2025,2025,Q3,07,08/07/2025,KY,1712,00010,60,Each,9.31,LFT,LFT67861,8.80592E+12,Lacto Fit Bebe 120 g,$558.60 
4500193866,07/03/2025,2025,Q3,07,08/07/2025,KY,1712,00020,180,Each,10.15,LFT,LFT67871,8.80592E+12,Lacto Fit Kids 120 g,"$1,827.00 "
4500193866,07/03/2025,2025,Q3,07,08/07/2025,KY,1712,00030,108,Each,1,HBF,HBF94954,8.80962E+12,Curry Popcorn 80 g,$108.00 
4500193866,07/03/2025,2025,Q3,07,08/07/2025,KY,1712,00040,36,Each,1,HBF,HBF94926,8.80962E+12,Garlic Baguette Popcorn 80 g,$36.00 
4500193866,07/03/2025,2025,Q3,07,08/07/2025,KY,1712,00050,60,Each,3.24,HBF,HBF94920,8.80962E+12,Dalgona Almond 120 g,$194.40 
4500193866,07/03/2025,2025,Q3,07,08/07/2025,KY,1712,00060,240,Each,3.24,HBF,HBF94900,8.80962E+12,Choco Churros Almond 120 g,$777.60 
4500193866,07/03/2025,2025,Q3,07,08/07/2025,KY,1712,00070,240,Each,3.24,HBF,HBF94884,8.80962E+12,Dark Chocolate Almond Crunch 100 g,$777.60 
4500193866,07/03/2025,2025,Q3,07,08/07/2025,KY,1712,00080,240,Each,3.24,HBF,HBF94508,8.80962E+12,Black Sesame Almond 120 g,$777.60 
4500193866,07/03/2025,2025,Q3,07,08/07/2025,KY,1712,00090,240,Each,1,HBF,HBF94874,8.80962E+12,Honey Butter Popcorn 80 g,$240.00 
4500193866,07/03/2025,2025,Q3,07,08/07/2025,KY,1712,00100,90,Each,15.94,LFT,LFT68181,8.80592E+12,Lacto Fit Beauty 120 g,"$1,434.60 "
4500193866,07/03/2025,2025,Q3,07,08/07/2025,KY,1712,00110,120,Each,12.99,LFT,LFT68201,8.80592E+12,Lacto Fit Slim 120 g,"$1,558.80 "
4500193866,07/03/2025,2025,Q3,07,08/07/2025,KY,1712,00120,90,Each,10.15,LFT,LFT68241,8.80592E+12,Plant-based Lacto Fit 120 g,$913.50 
4500193866,07/03/2025,2025,Q3,07,08/07/2025,KY,1712,00130,120,Each,1,HBF,HBF45029,8.80028E+12,Caramel Cheese Popcorn 80g,$120.00 
4500193866,07/03/2025,2025,Q3,07,08/07/2025,KY,1712,00140,20,Each,3.24,HBF,HBF94448,8.80962E+12,Mint Choco Almond 120 g,$64.80 
4500193866,07/03/2025,2025,Q3,07,08/07/2025,KY,1712,00150,800,Each,3.24,HBF,HBF94449,8.80962E+12,HBAF Honey Butter Almond 120 g,"$2,592.00 "
4500193866,07/03/2025,2025,Q3,07,08/07/2025,KY,1712,00160,100,Each,3.24,HBF,HBF94450,8.80962E+12,HBAF Wasabi Almond 120 g,$324.00 
4500193866,07/03/2025,2025,Q3,07,08/07/2025,KY,1712,00170,80,Each,3.24,HBF,HBF94451,8.80962E+12,HBAF Baked Corn Almond 120 g,$259.20 
4500193866,07/03/2025,2025,Q3,07,08/07/2025,KY,1712,00180,240,Each,3.24,HBF,HBF94452,8.80962E+12,Cookies And Cream Almond 120 g,$777.60 
4500193866,07/03/2025,2025,Q3,07,08/07/2025,KY,1712,00190,200,Each,3.24,HBF,HBF94453,8.80962E+12,Injeolmi Almond 120 g,$648.00 
4500193866,07/03/2025,2025,Q3,07,08/07/2025,KY,1712,00200,80,Each,3.24,HBF,HBF94477,8.80962E+12,HBAF Hot & Spicy Chicken Almond 120 g,$259.20 
4500193866,07/03/2025,2025,Q3,07,08/07/2025,KY,1712,00210,180,Each,3.24,HBF,HBF94478,8.80962E+12,HBAF Tteokbokki Almond 120 g,$583.20 
4500193866,07/03/2025,2025,Q3,07,08/07/2025,KY,1712,00220,20,Each,3.24,HBF,HBF94479,8.80962E+12,Starlight Pangpang Almond 120 g,$64.80 
4500193866,07/03/2025,2025,Q3,07,08/07/2025,KY,1712,00230,42,Each,10.51,LFT,LFT69271,8.80592E+12,Lacto Fit Glucose Control 120 g,$441.42 
4500193866,07/03/2025,2025,Q3,07,08/07/2025,KY,1712,00240,240,Each,3.24,HBF,HBF94480,8.80962E+12,Jeju Matcha Almond 120 g,$777.60 
4500193866,07/03/2025,2025,Q3,07,08/07/2025,KY,1712,00250,120,Each,9.53,LFT,LFT69431,8.80592E+12,Lacto Fit Liver Support 120 g,"$1,143.60 "
4500193866,07/03/2025,2025,Q3,07,08/07/2025,KY,1712,00260,240,Each,3.24,HBF,HBF94481,8.80962E+12,Black Sugar Milk Tea Almond 120 g,$777.60 
4500193866,07/03/2025,2025,Q3,07,08/07/2025,KY,1712,00270,80,Each,3.24,HBF,HBF94493,8.80962E+12,HBAF Cheongyang Mayo Almond 120 g,$259.20 
4500193866,07/03/2025,2025,Q3,07,08/07/2025,KY,1712,00280,180,Each,3.24,HBF,HBF94494,8.80962E+12,HBAF Garlic Bread Almond 120 g,$583.20 
4500193866,07/03/2025,2025,Q3,07,08/07/2025,KY,1712,00290,120,Each,7.99,LFT,LFT67921,8.80592E+12,Lacto Fit Gold 100 g,$958.80 
4500193867,07/03/2025,2025,Q3,07,08/04/2025,CA,1710,00010,120,Each,4.8,TWA,TWA60548,8.80974E+12,Easy Off Mascara Remover 7g,$576.00 
4500193867,07/03/2025,2025,Q3,07,08/04/2025,CA,1710,00020,100,Each,14.84,MVY,MVY05728,8.8096E+12,MVY Casta Cren Pore Tighten Serum 50ml,"$1,484.00 "
4500193867,07/03/2025,2025,Q3,07,08/04/2025,CA,1710,00030,10,Each,18.74,GBL,GBL25183,8.80614E+12,Edelweiss Lifting Serum 40 ml,$187.40 
4500193867,07/03/2025,2025,Q3,07,08/04/2025,CA,1710,00040,60,Each,12.94,GBL,GBL39004,8.80969E+12,PDRN Rejuvenating Cream 70 ml,$776.40 
4500193867,07/03/2025,2025,Q3,07,08/04/2025,CA,1710,00050,60,Each,7.14,GBL,GBL54124,8.80974E+12,PDRN Rejuvenating Mask 5 Pack 25ml,$428.40 
4500193867,07/03/2025,2025,Q3,07,08/04/2025,CA,1710,00060,40,Each,11.48,PNA,PNA09301,8.8097E+12,Cica Serum Cushion 24N Nat Nude 15g,$459.20 
4500193867,07/03/2025,2025,Q3,07,08/04/2025,CA,1710,00070,40,Each,11.48,PNA,PNA09319,8.8097E+12,Cica Serum Cushion 21C Cool Rosy 15g,$459.20 
4500193868,07/03/2025,2025,Q3,07,08/07/2025,KY,1712,00010,40,Each,9.4,SGE,SGE56875,8.80968E+12,Grn Tom Pore Peel Jumbo Pad 60 ct 180ml,$376.00 
4500193868,07/03/2025,2025,Q3,07,08/04/2025,KY,1712,00020,24,Each,30.71,MVY,MVY80655,8.80985E+12,MVY Firming Expert Cream 50ml,$737.04 
4500193868,07/03/2025,2025,Q3,07,08/07/2025,KY,1712,00030,20,Each,7.58,GBL,GBL51045,8.80989E+12,Glutamin-C Luminous Eye Cream 10 ml,$151.60 
4500193868,07/03/2025,2025,Q3,07,08/07/2025,KY,1712,00040,70,Each,7.14,GBL,GBL54124,8.80974E+12,PDRN Rejuvenating Mask 5 Pack 25ml,$499.80 
4500193868,07/03/2025,2025,Q3,07,08/07/2025,KY,1712,00050,20,Each,7.14,GBL,GBL54364,8.80974E+12,Glutathi Bright Ample Msk 5 Pk 25 ml,$142.80 
4500193868,07/03/2025,2025,Q3,07,08/04/2025,KY,1712,00060,20,Each,9.19,PNA,PNA07126,8.8097E+12,Glacial Bio Water No Sebum Cushion 10g,$183.80 
4500193868,07/03/2025,2025,Q3,07,08/07/2025,KY,1712,00070,40,Each,11.48,SGE,SGE02238,8.80025E+12,Dp Coll Melt Ptch Eyes Forehead 3 ct ea,$459.20 
4500193868,07/03/2025,2025,Q3,07,08/07/2025,KY,1712,00080,90,Each,12.92,SGE,SGE02239,8.80025E+12,Dp Coll Ret Boost-Up Mask 4 ct 25g,"$1,162.80 "
4500193868,07/03/2025,2025,Q3,07,08/04/2025,KY,1712,00090,20,Each,14.33,MVY,MVY05632,8.8096E+12,MVY Hypoall LHA CIS Gel Cleanser 200ml,$286.60 
4500193868,07/03/2025,2025,Q3,07,08/07/2025,KY,1712,00100,48,Each,9.66,SGE,SGE56208,8.80968E+12,Green Tomato Pore Lifting Ampoule 30ml,$463.68 
4500193868,07/03/2025,2025,Q3,07,08/04/2025,KY,1712,00110,60,Each,4.8,TWA,TWA60548,8.80974E+12,Easy Off Mascara Remover 7g,$288.00 
4500193868,07/03/2025,2025,Q3,07,08/07/2025,KY,1712,00120,40,Each,8.35,SGE,SGE56462,8.80968E+12,Grn Tom Pre Cln Enzyme Pwdr Wsh 50g,$334.00 
4500193868,07/03/2025,2025,Q3,07,08/04/2025,KY,1712,00130,20,Each,11.48,PNA,PNA09301,8.8097E+12,Cica Serum Cushion 24N Nat Nude 15g,$229.60 
4500193868,07/03/2025,2025,Q3,07,08/04/2025,KY,1712,00140,240,Each,14.84,MVY,MVY05728,8.8096E+12,MVY Casta Cren Pore Tighten Serum 50ml,"$3,561.60 "
4500193868,07/03/2025,2025,Q3,07,08/04/2025,KY,1712,00150,25,Each,11.26,MVY,MVY80264,8.80985E+12,MVY Art Sooth Acne Pad Refill 70ea 160g,$281.50 
4500195048,07/11/2025,2025,Q3,07,08/11/2025,CA,1710,00010,210,Each,5.19,APB,APB68331,8.80987E+12,Glut Niacin Sheet Mask 10 Pack 25ml,"$1,089.90 "
4500195048,07/11/2025,2025,Q3,07,08/11/2025,CA,1710,00020,100,Each,4.66,APB,APB68508,8.80987E+12,PDRN Vitamin C Ampoule Serum 40ml,$466.00 
4500195048,07/11/2025,2025,Q3,07,08/11/2025,CA,1710,00030,182,Each,5.19,APB,APB68522,8.80987E+12,Coll EGF Pep Sht Msk 10 Msks 25ml Ea,$944.58 
4500195048,07/11/2025,2025,Q3,07,08/11/2025,CA,1710,00040,72,Each,4.66,APB,APB68429,8.80987E+12,Kojic Acid Vitamin C Facial Cream 55ml,$335.52 
4500195048,07/11/2025,2025,Q3,07,08/11/2025,CA,1710,00050,20,Each,4.66,APB,APB68417,8.80987E+12,Ferulic Acid Vit C Ampoule Serum 40ml,$93.20 
4500195048,07/11/2025,2025,Q3,07,08/11/2025,CA,1710,00060,144,Each,4.66,APB,APB68390,8.80987E+12,Tranex Acid Niacin Facial Cream 55ml,$671.04 
4500195048,07/11/2025,2025,Q3,07,08/11/2025,CA,1710,00070,100,Each,4.66,APB,APB68537,8.80987E+12,Exosome Niacinamide EX Serum 40ml,$466.00 
4500195049,07/11/2025,2025,Q3,07,08/15/2025,KY,1712,00010,900,Each,4.66,APB,APB68402,8.80987E+12,Azelaic Acid Pep Ampoule Serum 40ml,"$4,194.00 "
4500195049,07/11/2025,2025,Q3,07,08/15/2025,KY,1712,00020,144,Each,4.66,APB,APB68390,8.80987E+12,Tranex Acid Niacin Facial Cream 55ml,$671.04 
4500195049,07/11/2025,2025,Q3,07,08/15/2025,KY,1712,00030,600,Each,4.66,APB,APB68387,8.80987E+12,Tranex Acid Niacin Ampoule Serum 40ml,"$2,796.00 "
4500195049,07/11/2025,2025,Q3,07,08/15/2025,KY,1712,00040,160,Each,4.66,APB,APB68540,8.80987E+12,Exosome Collagen EX Serum 40ml,$745.60 
4500195049,07/11/2025,2025,Q3,07,08/15/2025,KY,1712,00050,80,Each,4.66,APB,APB68386,8.80987E+12,Bakuchiol Propolis Ampoule Serum 40ml,$372.80 
4500195049,07/11/2025,2025,Q3,07,08/15/2025,KY,1712,00060,200,Each,5.19,APB,APB68331,8.80987E+12,Glut Niacin Sheet Mask 10 Pack 25ml,"$1,038.00 "
4500195049,07/11/2025,2025,Q3,07,08/15/2025,KY,1712,00070,40,Each,4.66,APB,APB68410,8.80987E+12,Zinc Niacinamide Ampoule Serum 40ml,$186.40 
4500195049,07/11/2025,2025,Q3,07,08/15/2025,KY,1712,00080,40,Each,4.66,APB,APB68413,8.80987E+12,Kojic Acid Vit C Ampoule Serum 40ml,$186.40 
4500195049,07/11/2025,2025,Q3,07,08/15/2025,KY,1712,00090,20,Each,4.66,APB,APB68538,8.80987E+12,Exosome Retinol EX Serum 40ml,$93.20 
4500195049,07/11/2025,2025,Q3,07,08/15/2025,KY,1712,00100,40,Each,4.66,APB,APB68537,8.80987E+12,Exosome Niacinamide EX Serum 40ml,$186.40 
4500195049,07/11/2025,2025,Q3,07,08/15/2025,KY,1712,00110,130,Each,5.19,APB,APB68523,8.80987E+12,Tranex Acd Niacin Sht Msk 10Msks 25mlEa,$674.70 
4500195049,07/11/2025,2025,Q3,07,08/15/2025,KY,1712,00120,260,Each,5.19,APB,APB68522,8.80987E+12,Coll EGF Pep Sht Msk 10 Msks 25ml Ea,"$1,349.40 "
4500195049,07/11/2025,2025,Q3,07,08/15/2025,KY,1712,00130,130,Each,5.19,APB,APB68521,8.80987E+12,Ret Vit C Vit E Sht Msk 10 Msks 25ml Ea,$674.70 
4500195049,07/11/2025,2025,Q3,07,08/15/2025,KY,1712,00140,704,Each,4.66,APB,APB68517,8.80987E+12,Tranex Acid Niacin Body Lotion 300ml,"$3,280.64 "
4500195049,07/11/2025,2025,Q3,07,08/15/2025,KY,1712,00150,243,Each,17.2,DMX,DMX48245,8.80989E+12,Facephalt Tightening Cream 50ml,"$4,179.60 "
4500195049,07/11/2025,2025,Q3,07,08/15/2025,KY,1712,00160,320,Each,13.2,DMX,DMX48236,8.80989E+12,Peel Shot Exfoliant Rice Ampoule 80ml,"$4,224.00 "
4500195049,07/11/2025,2025,Q3,07,08/15/2025,KY,1712,00170,608,Each,4.66,APB,APB68515,8.80987E+12,Retinol Vit C Vit E Body Lotion 300ml,"$2,833.28 "
4500195049,07/11/2025,2025,Q3,07,08/15/2025,KY,1712,00180,180,Each,7,DMX,DMX48153,8.80989E+12,Astax Whiten Amp Mask Pack 25g 5 Ea,"$1,260.00 "
4500195049,07/11/2025,2025,Q3,07,08/15/2025,KY,1712,00190,424,Each,14,DMX,DMX48149,8.80989E+12,Anti-Freckles Whiten Capsule Cream 50g,"$5,936.00 "
4500195049,07/11/2025,2025,Q3,07,08/15/2025,KY,1712,00200,60,Each,4.66,APB,APB68508,8.80987E+12,PDRN Vitamin C Ampoule Serum 40ml,$279.60 
4500195049,07/11/2025,2025,Q3,07,08/15/2025,KY,1712,00210,96,Each,4.66,APB,APB68429,8.80987E+12,Kojic Acid Vitamin C Facial Cream 55ml,$447.36 
4500195049,07/11/2025,2025,Q3,07,08/15/2025,KY,1712,00220,144,Each,4.66,APB,APB68422,8.80987E+12,Urea Hyaluronic Acid Facial Cream 55ml,$671.04 
4500195049,07/11/2025,2025,Q3,07,08/15/2025,KY,1712,00230,816,Each,4.66,APB,APB68418,8.80987E+12,Azelaic Acid Peptide Facial Cream 55ml,"$3,802.56 "
4500195050,07/11/2025,2025,Q3,07,08/11/2025,CA,1710,00010,72,Each,1,HBF,HBF45029,8.80028E+12,Caramel Cheese Popcorn 80g,$72.00 
4500195051,07/11/2025,2025,Q3,07,08/15/2025,KY,1712,00010,24,Each,1,HBF,HBF94953,8.80962E+12,French Fried And Ketchup Popcorn 80 g,$24.00 
4500195051,07/11/2025,2025,Q3,07,08/15/2025,KY,1712,00020,60,Each,1,HBF,HBF94927,8.80962E+12,Mexican Taco Popcorn 80 g,$60.00 
4500195051,07/11/2025,2025,Q3,07,08/15/2025,KY,1712,00030,96,Each,1,HBF,HBF45027,8.80028E+12,Cheddar Cheese Popcorn 80 g,$96.00 
4500195051,07/11/2025,2025,Q3,07,08/15/2025,KY,1712,00040,12,Each,1,HBF,HBF45028,8.80028E+12,Milk Caramel Popcorn 80 g,$12.00 
4500195051,07/11/2025,2025,Q3,07,08/15/2025,KY,1712,00050,120,Each,1,HBF,HBF45029,8.80028E+12,Caramel Cheese Popcorn 80g,$120.00 
4500195051,07/11/2025,2025,Q3,07,08/15/2025,KY,1712,00060,12,Each,1,HBF,HBF45057,8.80028E+12,Baked Corn Popcorn 80 g,$12.00 
4500195051,07/11/2025,2025,Q3,07,08/15/2025,KY,1712,00070,60,Each,1,HBF,HBF45058,8.80028E+12,Sweet Potato Popcorn 80 g,$60.00 
4500195051,07/11/2025,2025,Q3,07,08/15/2025,KY,1712,00080,12,Each,1,HBF,HBF45061,8.80028E+12,Ttekbokki Popcorn 80 g,$12.00 
4500195051,07/11/2025,2025,Q3,07,08/15/2025,KY,1712,00090,20,Each,3.24,HBF,HBF94448,8.80962E+12,Mint Choco Almond 120 g,$64.80 
4500195051,07/11/2025,2025,Q3,07,08/15/2025,KY,1712,00100,60,Each,3.24,HBF,HBF94479,8.80962E+12,Starlight Pangpang Almond 120 g,$194.40 
4500195051,07/11/2025,2025,Q3,07,08/15/2025,KY,1712,00110,24,Each,1,HBF,HBF94891,8.80962E+12,New York Cheese Burger Popcorn 80 g,$24.00 
4500195051,07/11/2025,2025,Q3,07,08/15/2025,KY,1712,00120,24,Each,1,HBF,HBF94921,8.80962E+12,Wasabi Mayo Popcorn 80 g,$24.00 
4500195051,07/11/2025,2025,Q3,07,08/15/2025,KY,1712,00130,60,Each,1,HBF,HBF94926,8.80962E+12,Garlic Baguette Popcorn 80 g,$60.00 
4500195052,07/11/2025,2025,Q3,07,08/11/2025,CA,1710,00010,20,Each,11.48,PNA,PNA09318,8.8097E+12,Cica Serum Cushion 19N Ntrl Porceln 15g,$229.60 
4500195052,07/11/2025,2025,Q3,07,08/11/2025,CA,1710,00020,240,Each,11.48,PNA,PNA09319,8.8097E+12,Cica Serum Cushion 21C Cool Rosy 15g,"$2,755.20 "
4500195052,07/11/2025,2025,Q3,07,08/11/2025,CA,1710,00030,20,Each,4.03,OOT,OOT81208,8.80935E+12,OOTD Overnight Eye Cream 25g,$80.60 
4500195052,07/11/2025,2025,Q3,07,08/11/2025,CA,1710,00040,48,Each,6.12,OOT,OOT81296,8.80935E+12,OTD Peptide Skin Barrier Cream 50ml,$293.76 
4500195052,07/11/2025,2025,Q3,07,08/11/2025,CA,1710,00050,84,Each,3.71,OOT,OOT81330,8.80935E+12,OOTD Heartleaf Pore Zero Cleanser 200ml,$311.64 
4500195052,07/11/2025,2025,Q3,07,08/11/2025,CA,1710,00060,144,Each,6.12,OOT,OOT81337,8.80935E+12,OTD Glass Skn Rice Wtr Toner Pad 120ml,$881.28 
4500195052,07/11/2025,2025,Q3,07,08/11/2025,CA,1710,00070,120,Each,5.01,OOT,OOT81366,8.80935E+12,OTD Glossy Tinted Lip Serum 15ml,$601.20 
4500195052,07/11/2025,2025,Q3,07,08/11/2025,CA,1710,00080,120,Each,12.94,GBL,GBL39004,8.80969E+12,PDRN Rejuvenating Cream 70 ml,"$1,552.80 "
4500195052,07/11/2025,2025,Q3,07,08/11/2025,CA,1710,00090,130,Each,10.71,GBL,GBL54440,8.80974E+12,PDRN Rejuvenating Toner 300 ml,"$1,392.30 "
4500195052,07/11/2025,2025,Q3,07,08/11/2025,CA,1710,00100,110,Each,13.38,GBL,GBL25102,8.80614E+12,PDRN Vita Toning Ampoule 30 ml,"$1,471.80 "
4500195052,07/11/2025,2025,Q3,07,08/11/2025,CA,1710,00110,220,Each,9.19,PNA,PNA07126,8.8097E+12,Glacial Bio Water No Sebum Cushion 10g,"$2,021.80 "
4500195052,07/11/2025,2025,Q3,07,08/11/2025,CA,1710,00120,160,Each,11.48,PNA,PNA09301,8.8097E+12,Cica Serum Cushion 24N Nat Nude 15g,"$1,836.80 "
4500195053,07/11/2025,2025,Q3,07,08/15/2025,KY,1712,00010,204,Each,9.66,SGE,SGE56208,8.80968E+12,Green Tomato Pore Lifting Ampoule 30ml,"$1,970.64 "
4500195053,07/11/2025,2025,Q3,07,08/15/2025,KY,1712,00020,20,Each,11.48,PNA,PNA09316,8.8097E+12,Cica Serum Cushion 17N Fair Vanilla 15g,$229.60 
4500195053,07/11/2025,2025,Q3,07,08/15/2025,KY,1712,00030,40,Each,11.48,PNA,PNA09302,8.8097E+12,Cica Serum Cushion 25N Ratan 15g,$459.20 
4500195053,07/11/2025,2025,Q3,07,08/15/2025,KY,1712,00040,20,Each,11.48,PNA,PNA09322,8.8097E+12,Cica Serum Cushion 29C Cool Sand 15g,$229.60 
4500195053,07/11/2025,2025,Q3,07,08/15/2025,KY,1712,00050,60,Each,11.48,PNA,PNA09319,8.8097E+12,Cica Serum Cushion 21C Cool Rosy 15g,$688.80 
4500195053,07/11/2025,2025,Q3,07,08/15/2025,KY,1712,00060,140,Each,11.48,PNA,PNA09318,8.8097E+12,Cica Serum Cushion 19N Ntrl Porceln 15g,"$1,607.20 "
4500195053,07/11/2025,2025,Q3,07,08/15/2025,KY,1712,00070,200,Each,4.68,OOT,OOT81206,8.80935E+12,OOTD Collagen Supreme Mask 10ea 25g,$936.00 
4500195053,07/11/2025,2025,Q3,07,08/15/2025,KY,1712,00080,100,Each,4.35,OOT,OOT81207,8.80935E+12,OOTD Intensive Eye Serum 30g,$435.00 
4500195053,07/11/2025,2025,Q3,07,08/15/2025,KY,1712,00090,420,Each,4.03,OOT,OOT81208,8.80935E+12,OOTD Overnight Eye Cream 25g,"$1,692.60 "
4500195053,07/11/2025,2025,Q3,07,08/15/2025,KY,1712,00100,80,Each,4.51,OOT,OOT81276,8.80935E+12,OOTD Dark Spot Vitamin C Serum 50ml,$360.80 
4500195053,07/11/2025,2025,Q3,07,08/15/2025,KY,1712,00110,40,Each,3.38,OOT,OOT81282,8.80935E+12,OOTD Hydrat Serum Sheet Masks 5ea 25g,$135.20 
4500195053,07/11/2025,2025,Q3,07,08/15/2025,KY,1712,00120,180,Each,5.32,OOT,OOT81288,8.80935E+12,OOTD Star Spot Patch 80ea,$957.60 
4500195053,07/11/2025,2025,Q3,07,08/15/2025,KY,1712,00130,120,Each,9.19,PNA,PNA07126,8.8097E+12,Glacial Bio Water No Sebum Cushion 10g,"$1,102.80 "
4500195053,07/11/2025,2025,Q3,07,08/15/2025,KY,1712,00140,120,Each,5.96,OOT,OOT81299,8.80935E+12,OOTD Snail Mucin Lifting Cream 100ml,$715.20 
4500195053,07/11/2025,2025,Q3,07,08/15/2025,KY,1712,00150,20,Each,4.51,OOT,OOT81320,8.80935E+12,OOTD Clarifying Niacinamide Serum 50ml,$90.20 
4500195053,07/11/2025,2025,Q3,07,08/15/2025,KY,1712,00160,42,Each,3.71,OOT,OOT81330,8.80935E+12,OOTD Heartleaf Pore Zero Cleanser 200ml,$155.82 
4500195053,07/11/2025,2025,Q3,07,08/15/2025,KY,1712,00170,28,Each,3.71,OOT,OOT81331,8.80935E+12,OOTD Grn Plm Low Ph Clean Gel 200ml,$103.88 
4500195053,07/11/2025,2025,Q3,07,08/15/2025,KY,1712,00180,24,Each,6.12,OOT,OOT81336,8.80935E+12,OOTD Drk Spt Vit C Toner Pad 120ml,$146.88 
4500195053,07/11/2025,2025,Q3,07,08/15/2025,KY,1712,00190,160,Each,7.14,GBL,GBL54124,8.80974E+12,PDRN Rejuvenating Mask 5 Pack 25ml,"$1,142.40 "
4500195053,07/11/2025,2025,Q3,07,08/15/2025,KY,1712,00200,72,Each,6.12,OOT,OOT81337,8.80935E+12,OTD Glass Skn Rice Wtr Toner Pad 120ml,$440.64 
4500195053,07/11/2025,2025,Q3,07,08/15/2025,KY,1712,00210,192,Each,6.12,OOT,OOT81358,8.80935E+12,OOTD Ceramide Glow Moisture Cream 50ml,"$1,175.04 "
4500195053,07/11/2025,2025,Q3,07,08/15/2025,KY,1712,00220,60,Each,5.01,OOT,OOT81366,8.80935E+12,OTD Glossy Tinted Lip Serum 15ml,$300.60 
4500195053,07/11/2025,2025,Q3,07,08/15/2025,KY,1712,00230,160,Each,11.48,PNA,PNA09301,8.8097E+12,Cica Serum Cushion 24N Nat Nude 15g,"$1,836.80 "
4500195053,07/11/2025,2025,Q3,07,08/15/2025,KY,1712,00240,20,Each,13.82,MVY,MVY80193,8.80985E+12,MVY Art Sooth Acne Tone Pad 70 ea 160g,$276.40 
4500195053,07/11/2025,2025,Q3,07,08/15/2025,KY,1712,00250,40,Each,8.75,GWU,GWU07028,8.8097E+12,Sea Salt Therapy Scalp Scaler 120g,$350.00 
4500196194,07/18/2025,2025,Q3,07,08/18/2025,CA,1710,00010,32,Each,9.4,SRI,SRI99705,8.80908E+12,Time Is Running Out Mist 100ml,$300.80 
4500196194,07/18/2025,2025,Q3,07,08/18/2025,CA,1710,00020,16,Each,10.25,SRI,SRI99708,8.80908E+12,Cleanse Me Softly Milk Cleanser 200ml,$164.00 
4500196194,07/18/2025,2025,Q3,07,08/18/2025,CA,1710,00030,20,Each,11.53,SRI,SRI99760,8.80908E+12,Organic Hand Lip Care Set 50ml4g,$230.60 
4500196194,07/18/2025,2025,Q3,07,08/18/2025,CA,1710,00040,16,Each,10.25,SRI,SRI99761,8.80908E+12,Cleanse Me SoftlyMilkClnsr Citrus 200ml,$164.00 
4500196194,07/18/2025,2025,Q3,07,08/18/2025,CA,1710,00050,54,Each,14.52,SRI,SRI55258,8.80616E+12,Enriched By Nature Cream 50ml,$784.08 
4500196194,07/18/2025,2025,Q3,07,08/18/2025,CA,1710,00060,15,Each,10.4,MUZ,MUZ58044,8.80984E+12,Objct Mat Lip Tnt  004 Celeb .20 floz,$156.00 
4500196194,07/18/2025,2025,Q3,07,08/18/2025,CA,1710,00070,36,Each,11.96,SRI,SRI55257,8.80616E+12,My First Essener 100ml,$430.56 
4500196194,07/18/2025,2025,Q3,07,08/18/2025,CA,1710,00080,15,Each,10.4,MUZ,MUZ58045,8.80984E+12,Objct Mat Lip Tnt 005 Diva .20 floz,$156.00 
4500196194,07/18/2025,2025,Q3,07,08/18/2025,CA,1710,00090,60,Each,10.4,MUZ,MUZ58047,8.80984E+12,Objct Mat Lip Tnt 007 Rare.20 floz,$624.00 
4500196194,07/18/2025,2025,Q3,07,08/18/2025,CA,1710,00100,15,Each,13,MUZ,MUZ58072,8.80984E+12,Moodwear Blur Lipstick 002 Maxi 4 g,$195.00 
4500196194,07/18/2025,2025,Q3,07,08/18/2025,CA,1710,00110,36,Each,24.4,MUZ,MUZ58082,8.80984E+12,Sleek Matt Cushion N21 30 g,$878.40 
4500196194,07/18/2025,2025,Q3,07,08/18/2025,CA,1710,00120,16,Each,10.46,NRP,NRP45415,8.80617E+12,Fresh Powdery Sun Stick SPF50 0.71 oz,$167.36 
4500196194,07/18/2025,2025,Q3,07,08/18/2025,CA,1710,00130,24,Each,8.71,NRP,NRP48221,8.80617E+12,Green Derma Mild Cica Serum 1.69 fl oz,$209.04 
4500196194,07/18/2025,2025,Q3,07,08/18/2025,CA,1710,00140,12,Each,10.9,NRP,NRP48603,8.80617E+12,Kombuch Blck Tea Treat Emul 4.39 floz,$130.80 
4500196194,07/18/2025,2025,Q3,07,08/18/2025,CA,1710,00150,348,Each,2.13,NRP,NRP48814,8.80617E+12,NRP Aloe Vera Watery Gel 300ml,$741.24 
4500196194,07/18/2025,2025,Q3,07,08/18/2025,CA,1710,00160,48,Each,5.16,NRP,NRP49010,8.80617E+12,Mild and Mst Aloe Vera Water Gel 250ml,$247.68 
4500196194,07/18/2025,2025,Q3,07,08/18/2025,CA,1710,00170,110,Each,15.07,DMX,DMX48184,8.80989E+12,TX Ret Double Effect Eye Cream 40g,"$1,657.70 "
4500196194,07/18/2025,2025,Q3,07,08/18/2025,CA,1710,00180,13,Each,17.69,DMX,DMX48170,8.80989E+12,Exosome Repair Ampoule Plus 40 ml,$229.97 
4500196194,07/18/2025,2025,Q3,07,08/18/2025,CA,1710,00190,48,Each,12.34,DMX,DMX48167,8.80989E+12,Calcium Dark Spot Eye Cream 15 g,$592.32 
4500196194,07/18/2025,2025,Q3,07,08/18/2025,CA,1710,00200,48,Each,12.34,DMX,DMX48135,8.80989E+12,Papaya Powder Wash 1.7 oz (50 g),$592.32 
4500196194,07/18/2025,2025,Q3,07,08/18/2025,CA,1710,00210,50,Each,5.58,DMX,DMX48157,8.80989E+12,Exosome Repair Mask Pack 30 g x 5 Ea,$279.00 
4500196194,07/18/2025,2025,Q3,07,08/18/2025,CA,1710,00220,120,Each,17.85,DMX,DMX48150,8.80989E+12,Extra Whitening Ampoule 30 ml,"$2,142.00 "
4500196194,07/18/2025,2025,Q3,07,08/18/2025,CA,1710,00230,80,Each,14,DMX,DMX48149,8.80989E+12,Anti-Freckles Whiten Capsule Cream 50g,"$1,120.00 "
4500196194,07/18/2025,2025,Q3,07,08/18/2025,CA,1710,00240,280,Each,12.34,DMX,DMX48141,8.80989E+12,TX Cream 1.69 fl oz (50 ml),"$3,455.20 "
4500196194,07/18/2025,2025,Q3,07,08/18/2025,CA,1710,00250,192,Each,4.66,APB,APB68390,8.80987E+12,Tranex Acid Niacin Facial Cream 55ml,$894.72 
4500196194,07/18/2025,2025,Q3,07,08/18/2025,CA,1710,00260,20,Each,4.66,APB,APB68539,8.80987E+12,Exosome Vitamin C EX Serum 40ml,$93.20 
4500196194,07/18/2025,2025,Q3,07,08/18/2025,CA,1710,00270,60,Each,4.66,APB,APB68398,8.80987E+12,Glutathione Niacinamide Clean Oil 105ml,$279.60 
4500196194,07/18/2025,2025,Q3,07,08/18/2025,CA,1710,00280,24,Each,4.66,APB,APB68400,8.80987E+12,Glutathione Niacinamide Cln Water 160ml,$111.84 
4500196194,07/18/2025,2025,Q3,07,08/18/2025,CA,1710,00290,120,Each,4.66,APB,APB68401,8.80987E+12,Glutath Niacin Toner Pad 60 Pads 100ml,$559.20 
4500196194,07/18/2025,2025,Q3,07,08/18/2025,CA,1710,00300,60,Each,4.66,APB,APB68538,8.80987E+12,Exosome Retinol EX Serum 40ml,$279.60 
4500196194,07/18/2025,2025,Q3,07,08/18/2025,CA,1710,00310,40,Each,4.66,APB,APB68405,8.80987E+12,Mandelic Acid Ret Ampoule Serum 40ml,$186.40 
4500196194,07/18/2025,2025,Q3,07,08/18/2025,CA,1710,00320,20,Each,4.66,APB,APB68407,8.80987E+12,Panthenol Retinol Ampoule Serum 40ml,$93.20 
4500196194,07/18/2025,2025,Q3,07,08/18/2025,CA,1710,00330,20,Each,4.66,APB,APB68410,8.80987E+12,Zinc Niacinamide Ampoule Serum 40ml,$93.20 
4500196194,07/18/2025,2025,Q3,07,08/18/2025,CA,1710,00340,40,Each,4.66,APB,APB68412,8.80987E+12,Squalane Hyal Acid Ampoule Serum 40ml,$186.40 
4500196194,07/18/2025,2025,Q3,07,08/18/2025,CA,1710,00350,120,Each,4.66,APB,APB68413,8.80987E+12,Kojic Acid Vit C Ampoule Serum 40ml,$559.20 
4500196194,07/18/2025,2025,Q3,07,08/18/2025,CA,1710,00360,60,Each,4.66,APB,APB68415,8.80987E+12,Coenzyme Q10 Ret Ampoule Serum 40ml,$279.60 
4500196194,07/18/2025,2025,Q3,07,08/18/2025,CA,1710,00370,40,Each,4.66,APB,APB68417,8.80987E+12,Ferulic Acid Vit C Ampoule Serum 40ml,$186.40 
4500196194,07/18/2025,2025,Q3,07,08/18/2025,CA,1710,00380,24,Each,4.66,APB,APB68420,8.80987E+12,Glycolic Acid Niacin Facial Cream 55ml,$111.84 
4500196194,07/18/2025,2025,Q3,07,08/18/2025,CA,1710,00390,144,Each,4.66,APB,APB68422,8.80987E+12,Urea Hyaluronic Acid Facial Cream 55ml,$671.04 
4500196194,07/18/2025,2025,Q3,07,08/18/2025,CA,1710,00400,120,Each,4.66,APB,APB68537,8.80987E+12,Exosome Niacinamide EX Serum 40ml,$559.20 
4500196194,07/18/2025,2025,Q3,07,08/18/2025,CA,1710,00410,96,Each,4.66,APB,APB68426,8.80987E+12,Zinc Niacinamide Facial Cream 55ml,$447.36 
4500196194,07/18/2025,2025,Q3,07,08/18/2025,CA,1710,00420,144,Each,4.66,APB,APB68429,8.80987E+12,Kojic Acid Vitamin C Facial Cream 55ml,$671.04 
4500196194,07/18/2025,2025,Q3,07,08/18/2025,CA,1710,00430,96,Each,4.66,APB,APB68431,8.80987E+12,Coenzyme Q10 Retinol Facial Cream 55ml,$447.36 
4500196194,07/18/2025,2025,Q3,07,08/18/2025,CA,1710,00440,24,Each,4.66,APB,APB68433,8.80987E+12,Ferulic Acid Vit C Facial Cream 55ml,$111.84 
4500196194,07/18/2025,2025,Q3,07,08/18/2025,CA,1710,00450,24,Each,4.66,APB,APB68506,8.80987E+12,PDRN Vitamin C Facial Cream 55ml,$111.84 
4500196194,07/18/2025,2025,Q3,07,08/18/2025,CA,1710,00460,120,Each,4.66,APB,APB68508,8.80987E+12,PDRN Vitamin C Ampoule Serum 40ml,$559.20 
4500196194,07/18/2025,2025,Q3,07,08/18/2025,CA,1710,00470,60,Each,4.66,APB,APB68527,8.80987E+12,Spicule Collagen Shot 300 Serum 40ml,$279.60 
4500196194,07/18/2025,2025,Q3,07,08/18/2025,CA,1710,00480,130,Each,5.19,APB,APB68521,8.80987E+12,Ret Vit C Vit E Sht Msk 10 Msks 25ml Ea,$674.70 
4500196194,07/18/2025,2025,Q3,07,08/18/2025,CA,1710,00490,195,Each,5.19,APB,APB68523,8.80987E+12,Tranex Acd Niacin Sht Msk 10Msks 25mlEa,"$1,012.05 "
4500196194,07/18/2025,2025,Q3,07,08/18/2025,CA,1710,00500,20,Each,4.66,APB,APB68525,8.80987E+12,Spicule Collagen Shot 180 Serum 40ml,$93.20 
4500196194,07/18/2025,2025,Q3,07,08/18/2025,CA,1710,00510,132,Each,15.4,DMX,DMX48086,8.80989E+12,TX Ampoule Rx 1.01 fl oz (30 ml),"$2,032.80 "
4500196194,07/18/2025,2025,Q3,07,08/18/2025,CA,1710,00520,1440,Each,5.01,APB,APB68274,8.80987E+12,Glutath Niacinamide Body Lotion 300ml,"$7,214.40 "
4500196194,07/18/2025,2025,Q3,07,08/18/2025,CA,1710,00530,180,Each,5.01,APB,APB68275,8.80987E+12,Glutath Niacinamide Eye Cream 20ml,$901.80 
4500196194,07/18/2025,2025,Q3,07,08/18/2025,CA,1710,00540,624,Each,5.01,APB,APB68273,8.80987E+12,Glutath Niacinamide Body Wash 300ml,"$3,126.24 "
4500196194,07/18/2025,2025,Q3,07,08/18/2025,CA,1710,00550,920,Each,5.01,APB,APB68276,8.80987E+12,Glutath Niacinamide Sunscreen 40ml,"$4,609.20 "
4500196194,07/18/2025,2025,Q3,07,08/18/2025,CA,1710,00560,36,Each,8.96,DMX,DMX48005,8.80989E+12,TX Peeling Toner 5.07 fl oz (150 ml),$322.56 
4500196194,07/18/2025,2025,Q3,07,08/18/2025,CA,1710,00570,60,Each,15.07,DMX,DMX48109,8.80989E+12,Exosome Repair Cream 50 ml,$904.20 
4500196194,07/18/2025,2025,Q3,07,08/18/2025,CA,1710,00580,140,Each,5.19,APB,APB68331,8.80987E+12,Glut Niacin Sheet Mask 10 Pack 25ml,$726.60 
4500196194,07/18/2025,2025,Q3,07,08/18/2025,CA,1710,00590,231,Each,5.01,APB,APB68272,8.80987E+12,Glutath Niacinamide Fac Cleanser 80ml,"$1,157.31 "
4500196194,07/18/2025,2025,Q3,07,08/18/2025,CA,1710,00600,48,Each,4.66,APB,APB68548,8.80987E+12,Exsome Coll EX Crm Facial Cream 55ml,$223.68 
4500196194,07/18/2025,2025,Q3,07,08/18/2025,CA,1710,00610,48,Each,4.66,APB,APB68388,8.80987E+12,Snail Mucin Ginseng Facial Cream 55ml,$223.68 
4500196194,07/18/2025,2025,Q3,07,08/18/2025,CA,1710,00620,168,Each,5.01,APB,APB68271,8.80987E+12,Glutath Niacinamide Mist Essence 105ml,$841.68 
4500196194,07/18/2025,2025,Q3,07,08/18/2025,CA,1710,00630,96,Each,4.66,APB,APB68389,8.80987E+12,Bakuchiol Propolis Facial Cream 55ml,$447.36 
4500196194,07/18/2025,2025,Q3,07,08/18/2025,CA,1710,00640,48,Each,4.66,APB,APB68545,8.80987E+12,Exsome Niacinamide EX Cream 55ml,$223.68 
4500196194,07/18/2025,2025,Q3,07,08/18/2025,CA,1710,00650,80,Each,7.53,DMX,DMX48134,8.80989E+12,Exosome Repair Toner 300 ml,$602.40 
4500196194,07/18/2025,2025,Q3,07,08/18/2025,CA,1710,00660,20,Each,10.4,DMX,DMX48243,8.80989E+12,DMX Melting Cleanser 150 ml,$208.00 
4500196194,07/18/2025,2025,Q3,07,08/18/2025,CA,1710,00670,480,Each,5.01,APB,APB68270,8.80987E+12,Glutath Niacinamide Facial Toner 160ml,"$2,404.80 "
4500196194,07/18/2025,2025,Q3,07,08/18/2025,CA,1710,00680,14,Each,18.46,DMX,DMX48115,8.80989E+12,EX Volume Firm Calcium Int Cream 50ml,$258.44 
4500196194,07/18/2025,2025,Q3,07,08/18/2025,CA,1710,00690,64,Each,13.2,DMX,DMX48237,8.80989E+12,Peel Sht Exfol Blck Rce Ampoule 2.7floz,$844.80 
4500196194,07/18/2025,2025,Q3,07,08/18/2025,CA,1710,00700,18,Each,18.46,DMX,DMX48199,8.80989E+12,Pic Shot Pign Correct Calc Cream 25 g,$332.28 
4500196194,07/18/2025,2025,Q3,07,08/18/2025,CA,1710,00710,1008,Each,5.01,APB,APB68268,8.80987E+12,Glutath Niacinamide Facial Cream 55ml,"$5,050.08 "
4500196194,07/18/2025,2025,Q3,07,08/18/2025,CA,1710,00720,12,Each,22.18,DMX,DMX48198,8.80989E+12,Pic Shot Pig Correct Calc Ample 30ml,$266.16 
4500196194,07/18/2025,2025,Q3,07,08/18/2025,CA,1710,00730,120,Each,4.66,APB,APB68540,8.80987E+12,Exosome Collagen EX Serum 40ml,$559.20 
4500196194,07/18/2025,2025,Q3,07,08/18/2025,CA,1710,00740,980,Each,5.01,APB,APB68267,8.80987E+12,Glutath Niacinamide Ampoule Serum 40ml,"$4,909.80 "
4500196194,07/18/2025,2025,Q3,07,08/18/2025,CA,1710,00750,30,Each,25.78,DMX,DMX48193,8.80989E+12,Eyephalt Eyecream For Eyebags 10ml,$773.40 
4500196195,07/18/2025,2025,Q3,07,08/22/2025,KY,1712,00010,120,Each,5.16,NRP,NRP49010,8.80617E+12,Mild and Mst Aloe Vera Water Gel 250ml,$619.20 
4500196195,07/18/2025,2025,Q3,07,08/22/2025,KY,1712,00020,40,Each,4.66,APB,APB68527,8.80987E+12,Spicule Collagen Shot 300 Serum 40ml,$186.40 
4500196195,07/18/2025,2025,Q3,07,08/22/2025,KY,1712,00030,36,Each,15.07,DMX,DMX48109,8.80989E+12,Exosome Repair Cream 50 ml,$542.52 
4500196195,07/18/2025,2025,Q3,07,08/22/2025,KY,1712,00040,6816,Each,2.13,NRP,NRP48814,8.80617E+12,NRP Aloe Vera Watery Gel 300ml,"$14,518.08 "
4500196195,07/18/2025,2025,Q3,07,08/22/2025,KY,1712,00050,108,Each,15.4,DMX,DMX48086,8.80989E+12,TX Ampoule Rx 1.01 fl oz (30 ml),"$1,663.20 "
4500196195,07/18/2025,2025,Q3,07,08/22/2025,KY,1712,00060,24,Each,9.59,NRP,NRP48704,8.80617E+12,Blck Bean Invigo Hair Treatment 200ml,$230.16 
4500196195,07/18/2025,2025,Q3,07,08/22/2025,KY,1712,00070,54,Each,8.96,DMX,DMX48005,8.80989E+12,TX Peeling Toner 5.07 fl oz (150 ml),$483.84 
4500196195,07/18/2025,2025,Q3,07,08/22/2025,KY,1712,00080,12,Each,10.9,NRP,NRP48603,8.80617E+12,Kombuch Blck Tea Treat Emul 4.39 floz,$130.80 
4500196195,07/18/2025,2025,Q3,07,08/22/2025,KY,1712,00090,20,Each,4.66,APB,APB68537,8.80987E+12,Exosome Niacinamide EX Serum 40ml,$93.20 
4500196195,07/18/2025,2025,Q3,07,08/22/2025,KY,1712,00100,24,Each,4.66,APB,APB68548,8.80987E+12,Exsome Coll EX Crm Facial Cream 55ml,$111.84 
4500196195,07/18/2025,2025,Q3,07,08/22/2025,KY,1712,00110,30,Each,10.4,MUZ,MUZ58045,8.80984E+12,Objct Mat Lip Tnt 005 Diva .20 floz,$312.00 
4500196195,07/18/2025,2025,Q3,07,08/22/2025,KY,1712,00120,45,Each,10.4,MUZ,MUZ58047,8.80984E+12,Objct Mat Lip Tnt 007 Rare.20 floz,$468.00 
4500196195,07/18/2025,2025,Q3,07,08/22/2025,KY,1712,00130,40,Each,10.46,NRP,NRP45415,8.80617E+12,Fresh Powdery Sun Stick SPF50 0.71 oz,$418.40 
4500196195,07/18/2025,2025,Q3,07,08/22/2025,KY,1712,00140,40,Each,4.66,APB,APB68538,8.80987E+12,Exosome Retinol EX Serum 40ml,$186.40 
4500196195,07/18/2025,2025,Q3,07,08/22/2025,KY,1712,00150,15,Each,10.4,MUZ,MUZ58052,8.80984E+12,Fitting Blush 02 Kinda 5 g,$156.00 
4500196195,07/18/2025,2025,Q3,07,08/22/2025,KY,1712,00160,40,Each,4.66,APB,APB68539,8.80987E+12,Exosome Vitamin C EX Serum 40ml,$186.40 
4500196195,07/18/2025,2025,Q3,07,08/22/2025,KY,1712,00170,48,Each,12.34,DMX,DMX48135,8.80989E+12,Papaya Powder Wash 1.7 oz (50 g),$592.32 
4500196195,07/18/2025,2025,Q3,07,08/22/2025,KY,1712,00180,80,Each,4.66,APB,APB68540,8.80987E+12,Exosome Collagen EX Serum 40ml,$372.80 
4500196195,07/18/2025,2025,Q3,07,08/22/2025,KY,1712,00190,18,Each,24.4,MUZ,MUZ58082,8.80984E+12,Sleek Matt Cushion N21 30 g,$439.20 
4500196195,07/18/2025,2025,Q3,07,08/22/2025,KY,1712,00200,100,Each,7.53,DMX,DMX48134,8.80989E+12,Exosome Repair Toner 300 ml,$753.00 
4500196195,07/18/2025,2025,Q3,07,08/22/2025,KY,1712,00210,40,Each,4.66,APB,APB68526,8.80987E+12,Spicule Vitamin c Shot 220 Serum 40ml,$186.40 
4500196195,07/18/2025,2025,Q3,07,08/22/2025,KY,1712,00220,72,Each,5.01,APB,APB68268,8.80987E+12,Glutath Niacinamide Facial Cream 55ml,$360.72 
4500196195,07/18/2025,2025,Q3,07,08/22/2025,KY,1712,00230,1000,Each,5.01,APB,APB68270,8.80987E+12,Glutath Niacinamide Facial Toner 160ml,"$5,010.00 "
4500196195,07/18/2025,2025,Q3,07,08/22/2025,KY,1712,00240,456,Each,5.01,APB,APB68271,8.80987E+12,Glutath Niacinamide Mist Essence 105ml,"$2,284.56 "
4500196195,07/18/2025,2025,Q3,07,08/22/2025,KY,1712,00250,315,Each,5.01,APB,APB68272,8.80987E+12,Glutath Niacinamide Fac Cleanser 80ml,"$1,578.15 "
4500196195,07/18/2025,2025,Q3,07,08/22/2025,KY,1712,00260,1120,Each,5.01,APB,APB68273,8.80987E+12,Glutath Niacinamide Body Wash 300ml,"$5,611.20 "
4500196195,07/18/2025,2025,Q3,07,08/22/2025,KY,1712,00270,1392,Each,5.01,APB,APB68274,8.80987E+12,Glutath Niacinamide Body Lotion 300ml,"$6,973.92 "
4500196195,07/18/2025,2025,Q3,07,08/22/2025,KY,1712,00280,340,Each,5.01,APB,APB68275,8.80987E+12,Glutath Niacinamide Eye Cream 20ml,"$1,703.40 "
4500196195,07/18/2025,2025,Q3,07,08/22/2025,KY,1712,00290,400,Each,5.01,APB,APB68276,8.80987E+12,Glutath Niacinamide Sunscreen 40ml,"$2,004.00 "
4500196195,07/18/2025,2025,Q3,07,08/22/2025,KY,1712,00300,450,Each,5.19,APB,APB68331,8.80987E+12,Glut Niacin Sheet Mask 10 Pack 25ml,"$2,335.50 "
4500196195,07/18/2025,2025,Q3,07,08/22/2025,KY,1712,00310,40,Each,7.69,SRI,SRI99757,8.80908E+12,Back To My Memories Handcream  50ml,$307.60 
4500196195,07/18/2025,2025,Q3,07,08/22/2025,KY,1712,00320,32,Each,10.25,SRI,SRI99708,8.80908E+12,Cleanse Me Softly Milk Cleanser 200ml,$328.00 
4500196195,07/18/2025,2025,Q3,07,08/22/2025,KY,1712,00330,48,Each,9.4,SRI,SRI99706,8.80908E+12,Day By Day Cleansing Gel 150ml,$451.20 
4500196195,07/18/2025,2025,Q3,07,08/22/2025,KY,1712,00340,32,Each,9.4,SRI,SRI99705,8.80908E+12,Time Is Running Out Mist 100ml,$300.80 
4500196195,07/18/2025,2025,Q3,07,08/22/2025,KY,1712,00350,36,Each,14.52,SRI,SRI55258,8.80616E+12,Enriched By Nature Cream 50ml,$522.72 
4500196195,07/18/2025,2025,Q3,07,08/22/2025,KY,1712,00360,120,Each,13.2,DMX,DMX48237,8.80989E+12,Peel Sht Exfol Blck Rce Ampoule 2.7floz,"$1,584.00 "
4500196195,07/18/2025,2025,Q3,07,08/22/2025,KY,1712,00370,12,Each,22.18,DMX,DMX48198,8.80989E+12,Pic Shot Pig Correct Calc Ample 30ml,$266.16 
4500196195,07/18/2025,2025,Q3,07,08/22/2025,KY,1712,00380,10,Each,25.78,DMX,DMX48193,8.80989E+12,Eyephalt Eyecream For Eyebags 10ml,$257.80 
4500196195,07/18/2025,2025,Q3,07,08/22/2025,KY,1712,00390,52,Each,17.69,DMX,DMX48170,8.80989E+12,Exosome Repair Ampoule Plus 40 ml,$919.88 
4500196195,07/18/2025,2025,Q3,07,08/22/2025,KY,1712,00400,150,Each,5.58,DMX,DMX48157,8.80989E+12,Exosome Repair Mask Pack 30 g x 5 Ea,$837.00 
4500196195,07/18/2025,2025,Q3,07,08/22/2025,KY,1712,00410,33,Each,5.58,DMX,DMX48147,8.80989E+12,Oyster Pep-3 Renewal Mask Pck 3 g 5 Ea,$184.14 
4500196195,07/18/2025,2025,Q3,07,08/22/2025,KY,1712,00420,322,Each,12.34,DMX,DMX48141,8.80989E+12,TX Cream 1.69 fl oz (50 ml),"$3,973.48 "
4500196195,07/18/2025,2025,Q3,07,08/22/2025,KY,1712,00430,48,Each,4.66,APB,APB68389,8.80987E+12,Bakuchiol Propolis Facial Cream 55ml,$223.68 
4500196195,07/18/2025,2025,Q3,07,08/22/2025,KY,1712,00440,120,Each,4.66,APB,APB68390,8.80987E+12,Tranex Acid Niacin Facial Cream 55ml,$559.20 
4500196195,07/18/2025,2025,Q3,07,08/22/2025,KY,1712,00450,36,Each,4.66,APB,APB68398,8.80987E+12,Glutathione Niacinamide Clean Oil 105ml,$167.76 
4500196195,07/18/2025,2025,Q3,07,08/22/2025,KY,1712,00460,84,Each,4.66,APB,APB68399,8.80987E+12,Glutathione Niacinamide Cleans Blm 80ml,$391.44 
4500196195,07/18/2025,2025,Q3,07,08/22/2025,KY,1712,00470,168,Each,4.66,APB,APB68401,8.80987E+12,Glutath Niacin Toner Pad 60 Pads 100ml,$782.88 
4500196195,07/18/2025,2025,Q3,07,08/22/2025,KY,1712,00480,100,Each,4.66,APB,APB68410,8.80987E+12,Zinc Niacinamide Ampoule Serum 40ml,$466.00 
4500196195,07/18/2025,2025,Q3,07,08/22/2025,KY,1712,00490,80,Each,4.66,APB,APB68413,8.80987E+12,Kojic Acid Vit C Ampoule Serum 40ml,$372.80 
4500196195,07/18/2025,2025,Q3,07,08/22/2025,KY,1712,00500,40,Each,4.66,APB,APB68417,8.80987E+12,Ferulic Acid Vit C Ampoule Serum 40ml,$186.40 
4500196195,07/18/2025,2025,Q3,07,08/22/2025,KY,1712,00510,72,Each,4.66,APB,APB68422,8.80987E+12,Urea Hyaluronic Acid Facial Cream 55ml,$335.52 
4500196195,07/18/2025,2025,Q3,07,08/22/2025,KY,1712,00520,48,Each,4.66,APB,APB68429,8.80987E+12,Kojic Acid Vitamin C Facial Cream 55ml,$223.68 
4500196195,07/18/2025,2025,Q3,07,08/22/2025,KY,1712,00530,48,Each,4.66,APB,APB68433,8.80987E+12,Ferulic Acid Vit C Facial Cream 55ml,$223.68 
4500196195,07/18/2025,2025,Q3,07,08/22/2025,KY,1712,00540,48,Each,4.66,APB,APB68506,8.80987E+12,PDRN Vitamin C Facial Cream 55ml,$223.68 
4500196195,07/18/2025,2025,Q3,07,08/22/2025,KY,1712,00550,60,Each,4.66,APB,APB68508,8.80987E+12,PDRN Vitamin C Ampoule Serum 40ml,$279.60 
4500196196,07/18/2025,2025,Q3,07,08/18/2025,CA,1710,00010,72,Each,1,HBF,HBF45027,8.80028E+12,Cheddar Cheese Popcorn 80 g,$72.00 
4500196196,07/18/2025,2025,Q3,07,08/18/2025,CA,1710,00020,84,Each,1,HBF,HBF45025,8.80028E+12,Salted Milk Popcorn 80 g,$84.00 
4500196196,07/18/2025,2025,Q3,07,08/18/2025,CA,1710,00030,48,Each,1,HBF,HBF45028,8.80028E+12,Milk Caramel Popcorn 80 g,$48.00 
4500196196,07/18/2025,2025,Q3,07,08/18/2025,CA,1710,00040,72,Each,1,HBF,HBF45057,8.80028E+12,Baked Corn Popcorn 80 g,$72.00 
4500196196,07/18/2025,2025,Q3,07,08/18/2025,CA,1710,00050,24,Each,1,HBF,HBF45058,8.80028E+12,Sweet Potato Popcorn 80 g,$24.00 
4500196196,07/18/2025,2025,Q3,07,08/18/2025,CA,1710,00060,120,Each,3.24,HBF,HBF94494,8.80962E+12,HBAF Garlic Bread Almond 120 g,$388.80 
4500196196,07/18/2025,2025,Q3,07,08/18/2025,CA,1710,00070,60,Each,3.24,HBF,HBF94493,8.80962E+12,HBAF Cheongyang Mayo Almond 120 g,$194.40 
4500196196,07/18/2025,2025,Q3,07,08/18/2025,CA,1710,00080,20,Each,3.24,HBF,HBF94479,8.80962E+12,Starlight Pangpang Almond 120 g,$64.80 
4500196196,07/18/2025,2025,Q3,07,08/18/2025,CA,1710,00090,100,Each,3.24,HBF,HBF94533,8.80962E+12,HBAF Laver Almond 120 g,$324.00 
4500196196,07/18/2025,2025,Q3,07,08/18/2025,CA,1710,00100,40,Each,3.24,HBF,HBF94578,8.80962E+12,HBAF Roasted Onion Almond 120 g,$129.60 
4500196196,07/18/2025,2025,Q3,07,08/18/2025,CA,1710,00110,40,Each,3.24,HBF,HBF94478,8.80962E+12,HBAF Tteokbokki Almond 120 g,$129.60 
4500196196,07/18/2025,2025,Q3,07,08/18/2025,CA,1710,00120,20,Each,3.24,HBF,HBF94884,8.80962E+12,Dark Chocolate Almond Crunch 100 g,$64.80 
4500196196,07/18/2025,2025,Q3,07,08/18/2025,CA,1710,00130,12,Each,1,HBF,HBF94891,8.80962E+12,New York Cheese Burger Popcorn 80 g,$12.00 
4500196196,07/18/2025,2025,Q3,07,08/18/2025,CA,1710,00140,36,Each,1,HBF,HBF94921,8.80962E+12,Wasabi Mayo Popcorn 80 g,$36.00 
4500196196,07/18/2025,2025,Q3,07,08/18/2025,CA,1710,00150,160,Each,3.24,HBF,HBF94477,8.80962E+12,HBAF Hot & Spicy Chicken Almond 120 g,$518.40 
4500196196,07/18/2025,2025,Q3,07,08/18/2025,CA,1710,00160,12,Each,1,HBF,HBF94926,8.80962E+12,Garlic Baguette Popcorn 80 g,$12.00 
4500196196,07/18/2025,2025,Q3,07,08/18/2025,CA,1710,00170,12,Each,1,HBF,HBF94927,8.80962E+12,Mexican Taco Popcorn 80 g,$12.00 
4500196196,07/18/2025,2025,Q3,07,08/18/2025,CA,1710,00180,20,Each,3.24,HBF,HBF94453,8.80962E+12,Injeolmi Almond 120 g,$64.80 
4500196196,07/18/2025,2025,Q3,07,08/18/2025,CA,1710,00190,36,Each,1,HBF,HBF94948,8.80962E+12,Butter Squid Popcorn 80 g,$36.00 
4500196196,07/18/2025,2025,Q3,07,08/18/2025,CA,1710,00200,20,Each,3.24,HBF,HBF94452,8.80962E+12,Cookies And Cream Almond 120 g,$64.80 
4500196196,07/18/2025,2025,Q3,07,08/18/2025,CA,1710,00210,12,Each,1,HBF,HBF94953,8.80962E+12,French Fried And Ketchup Popcorn 80 g,$12.00 
4500196196,07/18/2025,2025,Q3,07,08/18/2025,CA,1710,00220,150,Each,15.94,LFT,LFT68181,8.80592E+12,Lacto Fit Beauty 120 g,"$2,391.00 "
4500196196,07/18/2025,2025,Q3,07,08/18/2025,CA,1710,00230,96,Each,10.51,LFT,LFT69271,8.80592E+12,Lacto Fit Glucose Control 120 g,"$1,008.96 "
4500196196,07/18/2025,2025,Q3,07,08/18/2025,CA,1710,00240,150,Each,8.33,LFT,LFT68101,8.80592E+12,Lacto Fit Core 120 g,"$1,249.50 "
4500196196,07/18/2025,2025,Q3,07,08/18/2025,CA,1710,00250,20,Each,3.24,HBF,HBF94448,8.80962E+12,Mint Choco Almond 120 g,$64.80 
4500196196,07/18/2025,2025,Q3,07,08/18/2025,CA,1710,00260,510,Each,7.99,LFT,LFT67921,8.80592E+12,Lacto Fit Gold 100 g,"$4,074.90 "
4500196196,07/18/2025,2025,Q3,07,08/18/2025,CA,1710,00270,24,Each,1,HBF,HBF45061,8.80028E+12,Ttekbokki Popcorn 80 g,$24.00 
4500196196,07/18/2025,2025,Q3,07,08/18/2025,CA,1710,00280,240,Each,10.15,LFT,LFT67871,8.80592E+12,Lacto Fit Kids 120 g,"$2,436.00 "
4500196196,07/18/2025,2025,Q3,07,08/18/2025,CA,1710,00290,60,Each,3.24,HBF,HBF94451,8.80962E+12,HBAF Baked Corn Almond 120 g,$194.40 
4500196196,07/18/2025,2025,Q3,07,08/18/2025,CA,1710,00300,300,Each,12.99,LFT,LFT68201,8.80592E+12,Lacto Fit Slim 120 g,"$3,897.00 "
4500196196,07/18/2025,2025,Q3,07,08/18/2025,CA,1710,00310,120,Each,3.24,HBF,HBF94450,8.80962E+12,HBAF Wasabi Almond 120 g,$388.80 
4500196196,07/18/2025,2025,Q3,07,08/18/2025,CA,1710,00320,60,Each,9.53,LFT,LFT69431,8.80592E+12,Lacto Fit Liver Support 120 g,$571.80 
4500196196,07/18/2025,2025,Q3,07,08/18/2025,CA,1710,00330,160,Each,3.24,HBF,HBF94449,8.80962E+12,HBAF Honey Butter Almond 120 g,$518.40 
4500196197,07/18/2025,2025,Q3,07,08/22/2025,KY,1712,00010,12,Each,1,HBF,HBF45061,8.80028E+12,Ttekbokki Popcorn 80 g,$12.00 
4500196197,07/18/2025,2025,Q3,07,08/22/2025,KY,1712,00020,24,Each,1,HBF,HBF45057,8.80028E+12,Baked Corn Popcorn 80 g,$24.00 
4500196197,07/18/2025,2025,Q3,07,08/22/2025,KY,1712,00030,24,Each,1,HBF,HBF45028,8.80028E+12,Milk Caramel Popcorn 80 g,$24.00 
4500196197,07/18/2025,2025,Q3,07,08/22/2025,KY,1712,00040,12,Each,1,HBF,HBF45027,8.80028E+12,Cheddar Cheese Popcorn 80 g,$12.00 
4500196197,07/18/2025,2025,Q3,07,08/22/2025,KY,1712,00050,24,Each,1,HBF,HBF45058,8.80028E+12,Sweet Potato Popcorn 80 g,$24.00 
4500196197,07/18/2025,2025,Q3,07,08/22/2025,KY,1712,00060,40,Each,3.24,HBF,HBF94493,8.80962E+12,HBAF Cheongyang Mayo Almond 120 g,$129.60 
4500196197,07/18/2025,2025,Q3,07,08/22/2025,KY,1712,00070,20,Each,3.24,HBF,HBF94479,8.80962E+12,Starlight Pangpang Almond 120 g,$64.80 
4500196197,07/18/2025,2025,Q3,07,08/22/2025,KY,1712,00080,260,Each,3.24,HBF,HBF94201,8.80962E+12,HBAF Caramel Salt Almond & Pretzel 120g,$842.40 
4500196197,07/18/2025,2025,Q3,07,08/22/2025,KY,1712,00090,60,Each,3.24,HBF,HBF94478,8.80962E+12,HBAF Tteokbokki Almond 120 g,$194.40 
4500196197,07/18/2025,2025,Q3,07,08/22/2025,KY,1712,00100,80,Each,3.24,HBF,HBF94448,8.80962E+12,Mint Choco Almond 120 g,$259.20 
4500196197,07/18/2025,2025,Q3,07,08/22/2025,KY,1712,00110,40,Each,3.24,HBF,HBF94477,8.80962E+12,HBAF Hot & Spicy Chicken Almond 120 g,$129.60 
4500196197,07/18/2025,2025,Q3,07,08/22/2025,KY,1712,00120,360,Each,3.24,HBF,HBF94449,8.80962E+12,HBAF Honey Butter Almond 120 g,"$1,166.40 "
4500196197,07/18/2025,2025,Q3,07,08/22/2025,KY,1712,00130,160,Each,3.24,HBF,HBF94450,8.80962E+12,HBAF Wasabi Almond 120 g,$518.40 
4500196197,07/18/2025,2025,Q3,07,08/22/2025,KY,1712,00140,120,Each,3.24,HBF,HBF94451,8.80962E+12,HBAF Baked Corn Almond 120 g,$388.80 
4500196197,07/18/2025,2025,Q3,07,08/22/2025,KY,1712,00150,60,Each,9.53,LFT,LFT69431,8.80592E+12,Lacto Fit Liver Support 120 g,$571.80 
4500196197,07/18/2025,2025,Q3,07,08/22/2025,KY,1712,00160,84,Each,10.51,LFT,LFT69271,8.80592E+12,Lacto Fit Glucose Control 120 g,$882.84 
4500196197,07/18/2025,2025,Q3,07,08/22/2025,KY,1712,00170,690,Each,12.99,LFT,LFT68201,8.80592E+12,Lacto Fit Slim 120 g,"$8,963.10 "
4500196197,07/18/2025,2025,Q3,07,08/22/2025,KY,1712,00180,600,Each,15.94,LFT,LFT68181,8.80592E+12,Lacto Fit Beauty 120 g,"$9,564.00 "
4500196197,07/18/2025,2025,Q3,07,08/22/2025,KY,1712,00190,780,Each,8.33,LFT,LFT68101,8.80592E+12,Lacto Fit Core 120 g,"$6,497.40 "
4500196197,07/18/2025,2025,Q3,07,08/22/2025,KY,1712,00200,750,Each,7.99,LFT,LFT67921,8.80592E+12,Lacto Fit Gold 100 g,"$5,992.50 "
4500196197,07/18/2025,2025,Q3,07,08/22/2025,KY,1712,00210,90,Each,10.15,LFT,LFT67871,8.80592E+12,Lacto Fit Kids 120 g,$913.50 
4500196197,07/18/2025,2025,Q3,07,08/22/2025,KY,1712,00220,30,Each,9.31,LFT,LFT67861,8.80592E+12,Lacto Fit Bebe 120 g,$279.30 
4500196197,07/18/2025,2025,Q3,07,08/22/2025,KY,1712,00230,12,Each,1,HBF,HBF94948,8.80962E+12,Butter Squid Popcorn 80 g,$12.00 
4500196197,07/18/2025,2025,Q3,07,08/22/2025,KY,1712,00240,48,Each,1,HBF,HBF94927,8.80962E+12,Mexican Taco Popcorn 80 g,$48.00 
4500196197,07/18/2025,2025,Q3,07,08/22/2025,KY,1712,00250,48,Each,1,HBF,HBF94921,8.80962E+12,Wasabi Mayo Popcorn 80 g,$48.00 
4500196197,07/18/2025,2025,Q3,07,08/22/2025,KY,1712,00260,24,Each,1,HBF,HBF94891,8.80962E+12,New York Cheese Burger Popcorn 80 g,$24.00 
4500196197,07/18/2025,2025,Q3,07,08/22/2025,KY,1712,00270,120,Each,3.24,HBF,HBF94578,8.80962E+12,HBAF Roasted Onion Almond 120 g,$388.80 
4500196197,07/18/2025,2025,Q3,07,08/22/2025,KY,1712,00280,100,Each,3.24,HBF,HBF94533,8.80962E+12,HBAF Laver Almond 120 g,$324.00 
4500196197,07/18/2025,2025,Q3,07,08/22/2025,KY,1712,00290,40,Each,3.24,HBF,HBF94494,8.80962E+12,HBAF Garlic Bread Almond 120 g,$129.60 
4500196197,07/18/2025,2025,Q3,07,08/22/2025,KY,1712,00300,24,Each,1,HBF,HBF45025,8.80028E+12,Salted Milk Popcorn 80 g,$24.00 
4500196198,07/18/2025,2025,Q3,07,08/18/2025,CA,1710,00010,18,Each,12.85,EQQ,EQQ45647,8.80988E+12,EQQ Deep Cera Vitamin Illum Serum 30ml,$231.30 
4500196198,07/18/2025,2025,Q3,07,08/18/2025,CA,1710,00020,20,Each,10.69,EQQ,EQQ45643,8.80988E+12,EQQ Collagen GlwUp Hydrogel Msk 4ct 30g,$213.80 
4500196198,07/18/2025,2025,Q3,07,08/18/2025,CA,1710,00030,20,Each,10.69,EQQ,EQQ45639,8.80988E+12,EQQ Coll PreTghtUp Hydrogel Msk 4ct 30g,$213.80 
4500196198,07/18/2025,2025,Q3,07,08/18/2025,CA,1710,00040,11,Each,11.55,EQQ,EQQ45603,8.80988E+12,EQQ Purple Pore Smooth Cleans Oil 200ml,$127.05 
4500196198,07/18/2025,2025,Q3,07,08/18/2025,CA,1710,00050,20,Each,11.55,EQQ,EQQ45602,8.80988E+12,EQQ Purple PDRN Pore Minimiz Serum 30ml,$231.00 
4500196198,07/18/2025,2025,Q3,07,08/18/2025,CA,1710,00060,20,Each,11.12,EQQ,EQQ45601,8.80988E+12,EQQ Prple Pre Purify Pk Cleanse 130g,$222.40 
4500196198,07/18/2025,2025,Q3,07,08/18/2025,CA,1710,00070,18,Each,12.85,EQQ,EQQ45648,8.80988E+12,EQQ Deep Cera Baku Plump Serum 30ml,$231.30 
4500196198,07/18/2025,2025,Q3,07,08/18/2025,CA,1710,00080,20,Each,18.74,GBL,GBL25183,8.80614E+12,Edelweiss Lifting Serum 40 ml,$374.80 
4500196198,07/18/2025,2025,Q3,07,08/18/2025,CA,1710,00090,40,Each,7.14,GBL,GBL54124,8.80974E+12,PDRN Rejuvenating Mask 5 Pack 25ml,$285.60 
4500196198,07/18/2025,2025,Q3,07,08/18/2025,CA,1710,00100,50,Each,7.14,GBL,GBL54364,8.80974E+12,Glutathi Bright Ample Msk 5 Pk 25 ml,$357.00 
4500196198,07/18/2025,2025,Q3,07,08/18/2025,CA,1710,00110,20,Each,12.49,GBL,GBL54683,8.80974E+12,Aquaberrier Ceramide Capsule Cream 50ml,$249.80 
4500196198,07/18/2025,2025,Q3,07,08/18/2025,CA,1710,00120,30,Each,11.79,EQQ,EQQ45431,8.80988E+12,EQQ Swimm Pool Toner Pads 70 Pads 220ml,$353.70 
4500196198,07/18/2025,2025,Q3,07,08/18/2025,CA,1710,00130,11,Each,12.26,EQQ,EQQ45427,8.80988E+12,EQQ Swimming Pool Ampoule 50ml,$134.86 
4500196198,07/18/2025,2025,Q3,07,08/18/2025,CA,1710,00140,35,Each,11.79,EQQ,EQQ45319,8.80988E+12,EQQ Swimming Pool Toner 300ml,$412.65 
4500196198,07/18/2025,2025,Q3,07,08/18/2025,CA,1710,00150,25,Each,9.57,PNA,PNA09470,8.8097E+12,Cicamanu 92 Serum 1.01 fl oz (30 ml),$239.25 
4500196198,07/18/2025,2025,Q3,07,08/18/2025,CA,1710,00160,20,Each,11.48,PNA,PNA09316,8.8097E+12,Cica Serum Cushion 17N Fair Vanilla 15g,$229.60 
4500196198,07/18/2025,2025,Q3,07,08/18/2025,CA,1710,00170,60,Each,11.48,PNA,PNA09318,8.8097E+12,Cica Serum Cushion 19N Ntrl Porceln 15g,$688.80 
4500196198,07/18/2025,2025,Q3,07,08/18/2025,CA,1710,00180,30,Each,13.82,MVY,MVY90640,8.80988E+12,MVY Art Calming Core Sooth Cream 100ml,$414.60 
4500196198,07/18/2025,2025,Q3,07,08/18/2025,CA,1710,00190,50,Each,13.82,MVY,MVY80193,8.80985E+12,MVY Art Sooth Acne Tone Pad 70 ea 160g,$691.00 
4500196198,07/18/2025,2025,Q3,07,08/18/2025,CA,1710,00200,24,Each,6.12,OOT,OOT81296,8.80935E+12,OTD Peptide Skin Barrier Cream 50ml,$146.88 
4500196198,07/18/2025,2025,Q3,07,08/18/2025,CA,1710,00210,10,Each,18.42,MVY,MVY90838,8.80988E+12,MVY Volume Impact Protein Cream 100ml,$184.20 
4500196198,07/18/2025,2025,Q3,07,08/18/2025,CA,1710,00220,80,Each,5.32,OOT,OOT81288,8.80935E+12,OOTD Star Spot Patch 80ea,$425.60 
4500196198,07/18/2025,2025,Q3,07,08/18/2025,CA,1710,00230,30,Each,5.32,OOT,OOT81258,8.80935E+12,OTD AHA BHA Clarify Serum 50ml,$159.60 
4500196198,07/18/2025,2025,Q3,07,08/18/2025,CA,1710,00240,30,Each,5.16,OOT,OOT81268,8.80935E+12,OTD AHA BHA Clarify Toner 250ml,$154.80 
4500196198,07/18/2025,2025,Q3,07,08/18/2025,CA,1710,00250,70,Each,3.38,OOT,OOT81282,8.80935E+12,OOTD Hydrat Serum Sheet Masks 5ea 25g,$236.60 
4500196199,07/18/2025,2025,Q3,07,08/22/2025,KY,1712,00010,460,Each,13.38,GBL,GBL25102,8.80614E+12,PDRN Vita Toning Ampoule 30 ml,"$6,154.80 "
4500196199,07/18/2025,2025,Q3,07,08/22/2025,KY,1712,00020,20,Each,13.82,MVY,MVY80193,8.80985E+12,MVY Art Sooth Acne Tone Pad 70 ea 160g,$276.40 
4500196199,07/18/2025,2025,Q3,07,08/22/2025,KY,1712,00030,40,Each,7.14,GBL,GBL54364,8.80974E+12,Glutathi Bright Ample Msk 5 Pk 25 ml,$285.60 
4500196199,07/18/2025,2025,Q3,07,08/22/2025,KY,1712,00040,20,Each,14.33,MVY,MVY05632,8.8096E+12,MVY Hypoall LHA CIS Gel Cleanser 200ml,$286.60 
4500196199,07/18/2025,2025,Q3,07,08/22/2025,KY,1712,00050,12,Each,14.72,GBL,GBL51029,8.80989E+12,Crys Drp Hydra Boost Ampoule 30ml,$176.64 
4500196199,07/18/2025,2025,Q3,07,08/22/2025,KY,1712,00060,60,Each,7.58,GBL,GBL51045,8.80989E+12,Glutamin-C Luminous Eye Cream 10 ml,$454.80 
4500196199,07/18/2025,2025,Q3,07,08/22/2025,KY,1712,00070,20,Each,4.68,OOT,OOT81205,8.80935E+12,OOTD Ceramide Care Mask 10ea 25g,$93.60 
4500196199,07/18/2025,2025,Q3,07,08/22/2025,KY,1712,00080,30,Each,11.79,EQQ,EQQ45431,8.80988E+12,EQQ Swimm Pool Toner Pads 70 Pads 220ml,$353.70 
4500196199,07/18/2025,2025,Q3,07,08/22/2025,KY,1712,00090,80,Each,4.35,OOT,OOT81207,8.80935E+12,OOTD Intensive Eye Serum 30g,$348.00 
4500196199,07/18/2025,2025,Q3,07,08/22/2025,KY,1712,00100,35,Each,11.79,EQQ,EQQ45319,8.80988E+12,EQQ Swimming Pool Toner 300ml,$412.65 
4500196199,07/18/2025,2025,Q3,07,08/22/2025,KY,1712,00110,20,Each,4.51,OOT,OOT81276,8.80935E+12,OOTD Dark Spot Vitamin C Serum 50ml,$90.20 
4500196199,07/18/2025,2025,Q3,07,08/22/2025,KY,1712,00120,20,Each,4.51,OOT,OOT81277,8.80935E+12,OOTD Wrinkle Lift Retinol Serum 50ml,$90.20 
4500196199,07/18/2025,2025,Q3,07,08/22/2025,KY,1712,00130,40,Each,9.4,SGE,SGE56875,8.80968E+12,Grn Tom Pore Peel Jumbo Pad 60 ct 180ml,$376.00 
4500196199,07/18/2025,2025,Q3,07,08/22/2025,KY,1712,00140,40,Each,8.35,SGE,SGE56462,8.80968E+12,Grn Tom Pre Cln Enzyme Pwdr Wsh 50g,$334.00 
4500196199,07/18/2025,2025,Q3,07,08/22/2025,KY,1712,00150,20,Each,4.68,OOT,OOT81372,8.80935E+12,OTD Dk Spt Vita C Serum Msk 10 Sh 25gea,$93.60 
4500196199,07/18/2025,2025,Q3,07,08/22/2025,KY,1712,00160,20,Each,6.12,OOT,OOT81362,8.80935E+12,OOTD Gr Plm Low PH Cleansing Oil 200ml,$122.40 
4500196199,07/18/2025,2025,Q3,07,08/22/2025,KY,1712,00170,96,Each,6.12,OOT,OOT81336,8.80935E+12,OOTD Drk Spt Vit C Toner Pad 120ml,$587.52 
4500196199,07/18/2025,2025,Q3,07,08/22/2025,KY,1712,00180,28,Each,3.71,OOT,OOT81331,8.80935E+12,OOTD Grn Plm Low Ph Clean Gel 200ml,$103.88 
4500196199,07/18/2025,2025,Q3,07,08/22/2025,KY,1712,00190,40,Each,4.51,OOT,OOT81320,8.80935E+12,OOTD Clarifying Niacinamide Serum 50ml,$180.40 
4500196199,07/18/2025,2025,Q3,07,08/22/2025,KY,1712,00200,48,Each,6.12,OOT,OOT81296,8.80935E+12,OTD Peptide Skin Barrier Cream 50ml,$293.76 
4500196199,07/18/2025,2025,Q3,07,08/22/2025,KY,1712,00210,80,Each,11.48,PNA,PNA09302,8.8097E+12,Cica Serum Cushion 25N Ratan 15g,$918.40 
4500196199,07/18/2025,2025,Q3,07,08/22/2025,KY,1712,00220,40,Each,11.48,PNA,PNA09303,8.8097E+12,Cica Serum Cushion 27N Rich Ratan 15g,$459.20 
4500196199,07/18/2025,2025,Q3,07,08/22/2025,KY,1712,00230,20,Each,11.48,PNA,PNA09305,8.8097E+12,Cica Serum Cushion 30N Rich Beige 15g,$229.60 
4500196199,07/18/2025,2025,Q3,07,08/22/2025,KY,1712,00240,20,Each,11.48,PNA,PNA09316,8.8097E+12,Cica Serum Cushion 17N Fair Vanilla 15g,$229.60 
4500196199,07/18/2025,2025,Q3,07,08/22/2025,KY,1712,00250,30,Each,3.38,OOT,OOT81282,8.80935E+12,OOTD Hydrat Serum Sheet Masks 5ea 25g,$101.40 
4500196199,07/18/2025,2025,Q3,07,08/22/2025,KY,1712,00260,40,Each,11.48,PNA,PNA09319,8.8097E+12,Cica Serum Cushion 21C Cool Rosy 15g,$459.20 
4500196199,07/18/2025,2025,Q3,07,08/22/2025,KY,1712,00270,20,Each,11.48,PNA,PNA09322,8.8097E+12,Cica Serum Cushion 29C Cool Sand 15g,$229.60 
4500196199,07/18/2025,2025,Q3,07,08/22/2025,KY,1712,00280,20,Each,11.48,PNA,PNA09323,8.8097E+12,Cica Serum Cushion 30W Gold Beige 15g,$229.60 
4500196199,07/18/2025,2025,Q3,07,08/22/2025,KY,1712,00290,20,Each,11.48,PNA,PNA09324,8.8097E+12,Cica Serum Cushion 31N Honey Beige 15g,$229.60 
4500196199,07/18/2025,2025,Q3,07,08/22/2025,KY,1712,00300,20,Each,11.48,PNA,PNA09327,8.8097E+12,Cica Serum Cushion 34N Neutral Tan 15g,$229.60 
4500196199,07/18/2025,2025,Q3,07,08/22/2025,KY,1712,00310,20,Each,11.48,PNA,PNA09328,8.8097E+12,Cica Serum Cushion 34W Tan 15g,$229.60 
4500196199,07/18/2025,2025,Q3,07,08/22/2025,KY,1712,00320,90,Each,12.92,SGE,SGE02239,8.80025E+12,Dp Coll Ret Boost-Up Mask 4 ct 25g,"$1,162.80 "
4500196389,07/22/2025,2025,Q3,07,08/27/2025,KY,1712,00010,180,Each,4.66,APB,APB68321,8.80987E+12,Hyal Acid Cera HA B5 Facial Toner 160ml,$838.80 
4500196389,07/22/2025,2025,Q3,07,08/27/2025,KY,1712,00020,216,Each,4.66,APB,APB68316,8.80987E+12,Hyal Acid Cera HA B5 Facial Cm 55ml,"$1,006.56 "
4500196389,07/22/2025,2025,Q3,07,08/27/2025,KY,1712,00030,180,Each,4.66,APB,APB68311,8.80987E+12,Hyal Acid Cera HA B5 Ample Serum 40ml,$838.80 
4500196389,07/22/2025,2025,Q3,07,08/27/2025,KY,1712,00040,180,Each,4.66,APB,APB68326,8.80987E+12,Hyal Acid CeraHA B5 Mist Essence 105ml,$838.80 
4500196389,07/22/2025,2025,Q3,07,08/27/2025,KY,1712,00050,180,Each,4.66,APB,APB68324,8.80987E+12,Coll EGF Peptide Facial Toner 160ml,$838.80 
4500196389,07/22/2025,2025,Q3,07,08/27/2025,KY,1712,00060,216,Each,4.66,APB,APB68319,8.80987E+12,Coll EGF Peptide Facial Cream 55ml,"$1,006.56 "
4500196389,07/22/2025,2025,Q3,07,08/27/2025,KY,1712,00070,180,Each,4.66,APB,APB68314,8.80987E+12,Coll EGF Peptide Ample Serum 40ml,$838.80 
4500196389,07/22/2025,2025,Q3,07,08/27/2025,KY,1712,00080,180,Each,4.66,APB,APB68329,8.80987E+12,Coll EGF Mist Essence 105ml,$838.80 
4500196389,07/22/2025,2025,Q3,07,08/27/2025,KY,1712,00090,180,Each,4.66,APB,APB68325,8.80987E+12,AHA BHA PHA Cent Facial Toner 160ml,$838.80 
4500196389,07/22/2025,2025,Q3,07,08/27/2025,KY,1712,00100,216,Each,4.66,APB,APB68320,8.80987E+12,AHA BHA PHA Cent Facial Cream 55ml,"$1,006.56 "
4500196389,07/22/2025,2025,Q3,07,08/27/2025,KY,1712,00110,180,Each,4.66,APB,APB68315,8.80987E+12,AHA BHA PHA Cent Ample Serum 40ml,$838.80 
4500196389,07/22/2025,2025,Q3,07,08/27/2025,KY,1712,00120,216,Each,4.66,APB,APB68330,8.80987E+12,AHA BHA PHA Cent Mist Essence 105ml,"$1,006.56 "
4500196389,07/22/2025,2025,Q3,07,08/27/2025,KY,1712,00130,180,Each,4.66,APB,APB68323,8.80987E+12,Sal Acid BHA Arb Facial Toner 160 ml,$838.80 
4500196389,07/22/2025,2025,Q3,07,08/27/2025,KY,1712,00140,216,Each,4.66,APB,APB68318,8.80987E+12,Sal Acid BHA Arb Facial Cream 55ml,"$1,006.56 "
4500196389,07/22/2025,2025,Q3,07,08/27/2025,KY,1712,00150,180,Each,4.66,APB,APB68313,8.80987E+12,Sal Acid BHA Arb Ample Serum 40ml,$838.80 
4500196389,07/22/2025,2025,Q3,07,08/27/2025,KY,1712,00160,216,Each,4.66,APB,APB68328,8.80987E+12,Sal Acid BHA Arb Mist Essence 105ml,"$1,006.56 "
4500196389,07/22/2025,2025,Q3,07,08/27/2025,KY,1712,00170,180,Each,4.66,APB,APB68322,8.80987E+12,Ret Vit C Vit E Facial Toner 160ml,$838.80 
4500196389,07/22/2025,2025,Q3,07,08/27/2025,KY,1712,00180,216,Each,4.66,APB,APB68317,8.80987E+12,Ret Vit C Vit E Facial Cream 55ml,"$1,006.56 "
4500196389,07/22/2025,2025,Q3,07,08/27/2025,KY,1712,00190,180,Each,4.66,APB,APB68312,8.80987E+12,Ret Vit C Vit E Ample Serum 40ml,$838.80 
4500196389,07/22/2025,2025,Q3,07,08/27/2025,KY,1712,00200,180,Each,4.66,APB,APB68327,8.80987E+12,Ret Vit C Vit E Mist Essence 105ml,$838.80 
4500196390,07/22/2025,2025,Q3,07,08/22/2025,CA,1710,00010,120,Each,4.66,APB,APB68321,8.80987E+12,Hyal Acid Cera HA B5 Facial Toner 160ml,$559.20 
4500196390,07/22/2025,2025,Q3,07,08/22/2025,CA,1710,00020,144,Each,4.66,APB,APB68316,8.80987E+12,Hyal Acid Cera HA B5 Facial Cm 55ml,$671.04 
4500196390,07/22/2025,2025,Q3,07,08/22/2025,CA,1710,00030,120,Each,4.66,APB,APB68311,8.80987E+12,Hyal Acid Cera HA B5 Ample Serum 40ml,$559.20 
4500196390,07/22/2025,2025,Q3,07,08/22/2025,CA,1710,00040,120,Each,4.66,APB,APB68326,8.80987E+12,Hyal Acid CeraHA B5 Mist Essence 105ml,$559.20 
4500196390,07/22/2025,2025,Q3,07,08/22/2025,CA,1710,00050,120,Each,4.66,APB,APB68324,8.80987E+12,Coll EGF Peptide Facial Toner 160ml,$559.20 
4500196390,07/22/2025,2025,Q3,07,08/22/2025,CA,1710,00060,144,Each,4.66,APB,APB68319,8.80987E+12,Coll EGF Peptide Facial Cream 55ml,$671.04 
4500196390,07/22/2025,2025,Q3,07,08/22/2025,CA,1710,00070,120,Each,4.66,APB,APB68314,8.80987E+12,Coll EGF Peptide Ample Serum 40ml,$559.20 
4500196390,07/22/2025,2025,Q3,07,08/22/2025,CA,1710,00080,120,Each,4.66,APB,APB68329,8.80987E+12,Coll EGF Mist Essence 105ml,$559.20 
4500196390,07/22/2025,2025,Q3,07,08/22/2025,CA,1710,00090,120,Each,4.66,APB,APB68325,8.80987E+12,AHA BHA PHA Cent Facial Toner 160ml,$559.20 
4500196390,07/22/2025,2025,Q3,07,08/22/2025,CA,1710,00100,144,Each,4.66,APB,APB68320,8.80987E+12,AHA BHA PHA Cent Facial Cream 55ml,$671.04 
4500196390,07/22/2025,2025,Q3,07,08/22/2025,CA,1710,00110,120,Each,4.66,APB,APB68315,8.80987E+12,AHA BHA PHA Cent Ample Serum 40ml,$559.20 
4500196390,07/22/2025,2025,Q3,07,08/22/2025,CA,1710,00120,144,Each,4.66,APB,APB68330,8.80987E+12,AHA BHA PHA Cent Mist Essence 105ml,$671.04 
4500196390,07/22/2025,2025,Q3,07,08/22/2025,CA,1710,00130,120,Each,4.66,APB,APB68323,8.80987E+12,Sal Acid BHA Arb Facial Toner 160 ml,$559.20 
4500196390,07/22/2025,2025,Q3,07,08/22/2025,CA,1710,00140,144,Each,4.66,APB,APB68318,8.80987E+12,Sal Acid BHA Arb Facial Cream 55ml,$671.04 
4500196390,07/22/2025,2025,Q3,07,08/22/2025,CA,1710,00150,120,Each,4.66,APB,APB68313,8.80987E+12,Sal Acid BHA Arb Ample Serum 40ml,$559.20 
4500196390,07/22/2025,2025,Q3,07,08/22/2025,CA,1710,00160,144,Each,4.66,APB,APB68328,8.80987E+12,Sal Acid BHA Arb Mist Essence 105ml,$671.04 
4500196390,07/22/2025,2025,Q3,07,08/22/2025,CA,1710,00170,120,Each,4.66,APB,APB68322,8.80987E+12,Ret Vit C Vit E Facial Toner 160ml,$559.20 
4500196390,07/22/2025,2025,Q3,07,08/22/2025,CA,1710,00180,144,Each,4.66,APB,APB68317,8.80987E+12,Ret Vit C Vit E Facial Cream 55ml,$671.04 
4500196390,07/22/2025,2025,Q3,07,08/22/2025,CA,1710,00190,120,Each,4.66,APB,APB68312,8.80987E+12,Ret Vit C Vit E Ample Serum 40ml,$559.20 
4500196390,07/22/2025,2025,Q3,07,08/22/2025,CA,1710,00200,120,Each,4.66,APB,APB68327,8.80987E+12,Ret Vit C Vit E Mist Essence 105ml,$559.20 
4500196391,07/22/2025,2025,Q3,07,08/27/2025,KY,1712,00010,225,Each,9,DMX,DMX48208,8.80989E+12,Bio-Spicule Lip Shot Soft Touch 4ml,"$2,025.00 "
4500196391,07/22/2025,2025,Q3,07,08/27/2025,KY,1712,00020,225,Each,9,DMX,DMX48207,8.80989E+12,Bio-Spicule Lip Shot Hard Touch 4ml,"$2,025.00 "
4500196391,07/22/2025,2025,Q3,07,08/27/2025,KY,1712,00030,270,Each,16,DMX,DMX48197,8.80989E+12,Cyano Pink Spicule Cream 50 ml,"$4,320.00 "
4500196391,07/22/2025,2025,Q3,07,08/27/2025,KY,1712,00040,225,Each,17.5,DMX,DMX48196,8.80989E+12,Cyano Pink Spicule Serum 30 ml,"$3,937.50 "
4500196391,07/22/2025,2025,Q3,07,08/27/2025,KY,1712,00050,225,Each,11.5,DMX,DMX48158,8.80989E+12,Cemenrete Calcium Volume Multi Balm 9g,"$2,587.50 "
4500196391,07/22/2025,2025,Q3,07,08/27/2025,KY,1712,00060,189,Each,12,DMX,DMX48143,8.80989E+12,Lipino Oil Ampoule 30 ml,"$2,268.00 "
4500196391,07/22/2025,2025,Q3,07,08/27/2025,KY,1712,00070,243,Each,9.5,DMX,DMX48151,8.80989E+12,AntiFatty Acid Gel Foam Cleanser 150ml,"$2,308.50 "
4500196391,07/22/2025,2025,Q3,07,08/27/2025,KY,1712,00080,189,Each,14,DMX,DMX43446,8.8095E+12,TX - Ampoule Cleanser 100ml,"$2,646.00 "
4500196392,07/22/2025,2025,Q3,07,08/22/2025,CA,1710,00010,150,Each,9,DMX,DMX48208,8.80989E+12,Bio-Spicule Lip Shot Soft Touch 4ml,"$1,350.00 "
4500196392,07/22/2025,2025,Q3,07,08/22/2025,CA,1710,00020,150,Each,9,DMX,DMX48207,8.80989E+12,Bio-Spicule Lip Shot Hard Touch 4ml,"$1,350.00 "
4500196392,07/22/2025,2025,Q3,07,08/22/2025,CA,1710,00030,180,Each,16,DMX,DMX48197,8.80989E+12,Cyano Pink Spicule Cream 50 ml,"$2,880.00 "
4500196392,07/22/2025,2025,Q3,07,08/22/2025,CA,1710,00040,150,Each,17.5,DMX,DMX48196,8.80989E+12,Cyano Pink Spicule Serum 30 ml,"$2,625.00 "
4500196392,07/22/2025,2025,Q3,07,08/22/2025,CA,1710,00050,150,Each,11.5,DMX,DMX48158,8.80989E+12,Cemenrete Calcium Volume Multi Balm 9g,"$1,725.00 "
4500196392,07/22/2025,2025,Q3,07,08/22/2025,CA,1710,00060,126,Each,12,DMX,DMX48143,8.80989E+12,Lipino Oil Ampoule 30 ml,"$1,512.00 "
4500196392,07/22/2025,2025,Q3,07,08/22/2025,CA,1710,00070,162,Each,9.5,DMX,DMX48151,8.80989E+12,AntiFatty Acid Gel Foam Cleanser 150ml,"$1,539.00 "
4500196392,07/22/2025,2025,Q3,07,08/22/2025,CA,1710,00080,126,Each,14,DMX,DMX43446,8.8095E+12,TX - Ampoule Cleanser 100ml,"$1,764.00 "
4500197336,07/24/2025,2025,Q3,07,09/22/2025,KY,1712,00010,60,Each,11.48,PNA,PNA09298,8.8097E+12,Cica Serum Cushion 19C Porcelain 15g,$688.80 
4500197336,07/24/2025,2025,Q3,07,09/22/2025,KY,1712,00020,60,Each,11.48,PNA,PNA09299,8.8097E+12,Cica Serum Cushion 21N Rosy 15g,$688.80 
4500197336,07/24/2025,2025,Q3,07,09/22/2025,KY,1712,00030,72,Each,10.7,PNA,PNA09244,8.8097E+12,Ceramic Cleansing Oil 200ml,$770.40 
4500197336,07/24/2025,2025,Q3,07,09/22/2025,KY,1712,00040,90,Each,8.5,PNA,PNA09245,8.8097E+12,Ceramic Bubble Peeling Cleanser 200ml,$765.00 
4500197336,07/24/2025,2025,Q3,07,09/22/2025,KY,1712,00050,60,Each,10.47,PNA,PNA09247,8.8097E+12,Ceramic Wash Off Serum 30 ml,$628.20 
4500197336,07/24/2025,2025,Q3,07,09/22/2025,KY,1712,00060,60,Each,11,PNA,PNA09250,8.8097E+12,AHA Omija Ceramic Pad 170g 60 Pads,$660.00 
4500197336,07/24/2025,2025,Q3,07,09/22/2025,KY,1712,00070,90,Each,8.5,PNA,PNA09237,8.8097E+12,Calming Gel Cleanser 180ml,$765.00 
4500197336,07/24/2025,2025,Q3,07,09/22/2025,KY,1712,00080,60,Each,13.5,PNA,PNA09334,8.8097E+12,Pan Heartleaf Cool Calm Msk 20g 10 Pk,$810.00 
4500197336,07/24/2025,2025,Q3,07,09/22/2025,KY,1712,00090,72,Each,9,PNA,PNA09238,8.8097E+12,Calming Toner 6.76 fl oz (200 ml),$648.00 
4500197336,07/24/2025,2025,Q3,07,09/22/2025,KY,1712,00100,75,Each,11.25,PNA,PNA09240,8.8097E+12,Calming Capsule Cream 50ml,$843.75 
4500197336,07/24/2025,2025,Q3,07,09/22/2025,KY,1712,00110,60,Each,10.47,PNA,PNA09239,8.8097E+12,Calming Serum 1.01 fl oz (30 ml),$628.20 
4500197336,07/24/2025,2025,Q3,07,09/22/2025,KY,1712,00120,60,Each,11,PNA,PNA09243,8.8097E+12,Heartleaf Calming Pad 170g 60 Pads,$660.00 
4500197336,07/24/2025,2025,Q3,07,09/22/2025,KY,1712,00130,75,Each,11,PNA,PNA09260,8.8097E+12,Moisture Cream 1.69 fl oz (50 ml),$825.00 
4500197336,07/24/2025,2025,Q3,07,09/22/2025,KY,1712,00140,72,Each,8.55,PNA,PNA09258,8.8097E+12,Moisture Capsule Toner 200ml,$615.60 
4500197336,07/24/2025,2025,Q3,07,09/22/2025,KY,1712,00150,60,Each,13.5,PNA,PNA09336,8.8097E+12,Squal Mineral Water Moist Msk 20g 10 Pk,$810.00 
4500197336,07/24/2025,2025,Q3,07,09/22/2025,KY,1712,00160,60,Each,9,PNA,PNA09259,8.8097E+12,Moisture Serum 1.01 fl oz (30 ml),$540.00 
4500197336,07/24/2025,2025,Q3,07,09/22/2025,KY,1712,00170,45,Each,9,PNA,PNA09335,8.8097E+12,Niacin Rice Brightening Gel Mask 5 Pk,$405.00 
4500197336,07/24/2025,2025,Q3,07,09/22/2025,KY,1712,00180,60,Each,11.25,PNA,PNA09255,8.8097E+12,Brightening Wash Off Pack 100ml,$675.00 
4500197336,07/24/2025,2025,Q3,07,09/22/2025,KY,1712,00190,60,Each,9,PNA,PNA09254,8.8097E+12,Brightening Serum 1.01 fl oz (30 ml),$540.00 
4500197336,07/24/2025,2025,Q3,07,09/22/2025,KY,1712,00200,60,Each,11.25,PNA,PNA09235,8.8097E+12,Bright Pad Niacin and Rice 160g 80 Pds,$675.00 
4500197336,07/24/2025,2025,Q3,07,09/22/2025,KY,1712,00210,72,Each,8.55,PNA,PNA09253,8.8097E+12,Brightening Ampoule Toner 200ml,$615.60 
4500197336,07/24/2025,2025,Q3,07,09/22/2025,KY,1712,00220,108,Each,10.8,PNA,PNA09265,8.8097E+12,Firming Eye Patch 60 Patches,"$1,166.40 "
4500197336,07/24/2025,2025,Q3,07,09/22/2025,KY,1712,00230,75,Each,11.25,PNA,PNA09264,8.8097E+12,Firming Cream 1.69 fl oz (50 ml),$843.75 
4500197336,07/24/2025,2025,Q3,07,09/22/2025,KY,1712,00240,60,Each,10.35,PNA,PNA09263,8.8097E+12,Firming Serum 1.01 fl oz (30 ml),$621.00 
4500197336,07/24/2025,2025,Q3,07,09/22/2025,KY,1712,00250,60,Each,8.8,PNA,PNA09469,8.8097E+12,Cicamanu Serum Mist 1.69 fl oz (50 ml),$528.00 
4500197337,07/24/2025,2025,Q3,07,09/22/2025,CA,1710,00010,120,Each,11.48,PNA,PNA09298,8.8097E+12,Cica Serum Cushion 19C Porcelain 15g,"$1,377.60 "
4500197337,07/24/2025,2025,Q3,07,09/22/2025,CA,1710,00020,120,Each,11.48,PNA,PNA09299,8.8097E+12,Cica Serum Cushion 21N Rosy 15g,"$1,377.60 "
4500197337,07/24/2025,2025,Q3,07,09/22/2025,CA,1710,00030,144,Each,10.7,PNA,PNA09244,8.8097E+12,Ceramic Cleansing Oil 200ml,"$1,540.80 "
4500197337,07/24/2025,2025,Q3,07,09/22/2025,CA,1710,00040,180,Each,8.5,PNA,PNA09245,8.8097E+12,Ceramic Bubble Peeling Cleanser 200ml,"$1,530.00 "
4500197337,07/24/2025,2025,Q3,07,09/22/2025,CA,1710,00050,120,Each,10.47,PNA,PNA09247,8.8097E+12,Ceramic Wash Off Serum 30 ml,"$1,256.40 "
4500197337,07/24/2025,2025,Q3,07,09/22/2025,CA,1710,00060,120,Each,11,PNA,PNA09250,8.8097E+12,AHA Omija Ceramic Pad 170g 60 Pads,"$1,320.00 "
4500197337,07/24/2025,2025,Q3,07,09/22/2025,CA,1710,00070,180,Each,8.5,PNA,PNA09237,8.8097E+12,Calming Gel Cleanser 180ml,"$1,530.00 "
4500197337,07/24/2025,2025,Q3,07,09/22/2025,CA,1710,00080,120,Each,13.5,PNA,PNA09334,8.8097E+12,Pan Heartleaf Cool Calm Msk 20g 10 Pk,"$1,620.00 "
4500197337,07/24/2025,2025,Q3,07,09/22/2025,CA,1710,00090,144,Each,9,PNA,PNA09238,8.8097E+12,Calming Toner 6.76 fl oz (200 ml),"$1,296.00 "
4500197337,07/24/2025,2025,Q3,07,09/22/2025,CA,1710,00100,150,Each,11.25,PNA,PNA09240,8.8097E+12,Calming Capsule Cream 50ml,"$1,687.50 "
4500197337,07/24/2025,2025,Q3,07,09/22/2025,CA,1710,00110,120,Each,10.47,PNA,PNA09239,8.8097E+12,Calming Serum 1.01 fl oz (30 ml),"$1,256.40 "
4500197337,07/24/2025,2025,Q3,07,09/22/2025,CA,1710,00120,120,Each,11,PNA,PNA09243,8.8097E+12,Heartleaf Calming Pad 170g 60 Pads,"$1,320.00 "
4500197337,07/24/2025,2025,Q3,07,09/22/2025,CA,1710,00130,150,Each,11,PNA,PNA09260,8.8097E+12,Moisture Cream 1.69 fl oz (50 ml),"$1,650.00 "
4500197337,07/24/2025,2025,Q3,07,09/22/2025,CA,1710,00140,144,Each,8.55,PNA,PNA09258,8.8097E+12,Moisture Capsule Toner 200ml,"$1,231.20 "
4500197337,07/24/2025,2025,Q3,07,09/22/2025,CA,1710,00150,120,Each,13.5,PNA,PNA09336,8.8097E+12,Squal Mineral Water Moist Msk 20g 10 Pk,"$1,620.00 "
4500197337,07/24/2025,2025,Q3,07,09/22/2025,CA,1710,00160,120,Each,9,PNA,PNA09259,8.8097E+12,Moisture Serum 1.01 fl oz (30 ml),"$1,080.00 "
4500197337,07/24/2025,2025,Q3,07,09/22/2025,CA,1710,00170,90,Each,9,PNA,PNA09335,8.8097E+12,Niacin Rice Brightening Gel Mask 5 Pk,$810.00 
4500197337,07/24/2025,2025,Q3,07,09/22/2025,CA,1710,00180,120,Each,11.25,PNA,PNA09255,8.8097E+12,Brightening Wash Off Pack 100ml,"$1,350.00 "
4500197337,07/24/2025,2025,Q3,07,09/22/2025,CA,1710,00190,120,Each,9,PNA,PNA09254,8.8097E+12,Brightening Serum 1.01 fl oz (30 ml),"$1,080.00 "
4500197337,07/24/2025,2025,Q3,07,09/22/2025,CA,1710,00200,120,Each,11.25,PNA,PNA09235,8.8097E+12,Bright Pad Niacin and Rice 160g 80 Pds,"$1,350.00 "
4500197337,07/24/2025,2025,Q3,07,09/22/2025,CA,1710,00210,144,Each,8.55,PNA,PNA09253,8.8097E+12,Brightening Ampoule Toner 200ml,"$1,231.20 "
4500197337,07/24/2025,2025,Q3,07,09/22/2025,CA,1710,00220,216,Each,10.8,PNA,PNA09265,8.8097E+12,Firming Eye Patch 60 Patches,"$2,332.80 "
4500197337,07/24/2025,2025,Q3,07,09/22/2025,CA,1710,00230,150,Each,11.25,PNA,PNA09264,8.8097E+12,Firming Cream 1.69 fl oz (50 ml),"$1,687.50 "
4500197337,07/24/2025,2025,Q3,07,09/22/2025,CA,1710,00240,120,Each,10.35,PNA,PNA09263,8.8097E+12,Firming Serum 1.01 fl oz (30 ml),"$1,242.00 "
4500197337,07/24/2025,2025,Q3,07,09/22/2025,CA,1710,00250,120,Each,8.8,PNA,PNA09469,8.8097E+12,Cicamanu Serum Mist 1.69 fl oz (50 ml),"$1,056.00 "
4500197519,07/25/2025,2025,Q3,07,09/23/2025,CA,1710,00010,66,Each,11.5,DMX,DMX48246,8.80989E+12,Peel Shot Glow White Rice Toner 200ml,$759.00 
4500197519,07/25/2025,2025,Q3,07,09/23/2025,CA,1710,00020,144,Each,9.5,DMX,DMX48206,8.80989E+12,Cleansing Clay Balm 100 ml,"$1,368.00 "
4500197520,07/25/2025,2025,Q3,07,09/23/2025,KY,1712,00010,132,Each,11.5,DMX,DMX48246,8.80989E+12,Peel Shot Glow White Rice Toner 200ml,"$1,518.00 "
4500197520,07/25/2025,2025,Q3,07,09/23/2025,KY,1712,00020,72,Each,9.5,DMX,DMX48206,8.80989E+12,Cleansing Clay Balm 100 ml,$684.00 
4500197521,07/25/2025,2025,Q3,07,09/23/2025,CA,1710,00010,150,Each,16.5,GBL,GBL51082,8.80989E+12,PDRN 3% Hyper Boost Ampoule 40ml,"$2,475.00 "
4500197521,07/25/2025,2025,Q3,07,09/23/2025,CA,1710,00020,150,Each,15.5,GBL,GBL51074,8.80989E+12,PDRN Enriched Recovery Balm 50ml,"$2,325.00 "
4500197522,07/25/2025,2025,Q3,07,09/23/2025,KY,1712,00010,225,Each,15.5,GBL,GBL51074,8.80989E+12,PDRN Enriched Recovery Balm 50ml,"$3,487.50 "
4500197522,07/25/2025,2025,Q3,07,09/23/2025,KY,1712,00020,225,Each,16.5,GBL,GBL51082,8.80989E+12,PDRN 3% Hyper Boost Ampoule 40ml,"$3,712.50 "
4500198046,07/30/2025,2025,Q3,07,08/29/2025,CA,1710,00010,20,Each,4.66,APB,APB68416,8.80987E+12,Ascorbyl Gluco Pep Ampoule Serum 40ml,$93.20 
4500198046,07/30/2025,2025,Q3,07,08/29/2025,CA,1710,00020,24,Each,4.66,APB,APB68423,8.80987E+12,Panthenol Retinol Facial Cream 55ml,$111.84 
4500198046,07/30/2025,2025,Q3,07,08/29/2025,CA,1710,00030,40,Each,4.66,APB,APB68536,8.80987E+12,Liposomal Collagen LX Serum 40ml,$186.40 
4500198046,07/30/2025,2025,Q3,07,08/29/2025,CA,1710,00040,40,Each,4.66,APB,APB68470,8.80987E+12,Caffeine Niacin Ampoule Serum 40ml,$186.40 
4500198046,07/30/2025,2025,Q3,07,08/29/2025,CA,1710,00050,20,Each,4.66,APB,APB68385,8.80987E+12,Snail Mucin Ginseng Ampoule Serum 40ml,$93.20 
4500198046,07/30/2025,2025,Q3,07,08/29/2025,CA,1710,00060,24,Each,4.66,APB,APB68471,8.80987E+12,Caffeine Niacinamide Facial Cream 55ml,$111.84 
4500198046,07/30/2025,2025,Q3,07,08/29/2025,CA,1710,00070,20,Each,4.66,APB,APB68386,8.80987E+12,Bakuchiol Propolis Ampoule Serum 40ml,$93.20 
4500198046,07/30/2025,2025,Q3,07,08/29/2025,CA,1710,00080,24,Each,4.66,APB,APB68505,8.80987E+12,Glycolipids Peptide Facial Cream 55ml,$111.84 
4500198046,07/30/2025,2025,Q3,07,08/29/2025,CA,1710,00090,20,Each,4.66,APB,APB68403,8.80987E+12,Lactic Acid Retinol Ampoule Serum 40ml,$93.20 
4500198046,07/30/2025,2025,Q3,07,08/29/2025,CA,1710,00100,20,Each,4.66,APB,APB68404,8.80987E+12,Glycolic Acid Niacin Ampoule Serum 40ml,$93.20 
4500198046,07/30/2025,2025,Q3,07,08/29/2025,CA,1710,00110,40,Each,4.66,APB,APB68507,8.80987E+12,Glycolipids Peptide Ampoule Serum 40ml,$186.40 
4500198046,07/30/2025,2025,Q3,07,08/29/2025,CA,1710,00120,24,Each,4.66,APB,APB68428,8.80987E+12,Squalane Hyal Acid Facial Cream 55ml,$111.84 
4500198046,07/30/2025,2025,Q3,07,08/29/2025,CA,1710,00130,176,Each,13.2,DMX,DMX48236,8.80989E+12,Peel Shot Exfoliant Rice Ampoule 80ml,"$2,323.20 "
4500198046,07/30/2025,2025,Q3,07,08/29/2025,CA,1710,00140,40,Each,4.66,APB,APB68414,8.80987E+12,Amino Acid Peptide Ampoule Serum 40ml,$186.40 
4500198046,07/30/2025,2025,Q3,07,08/29/2025,CA,1710,00150,40,Each,4.66,APB,APB68524,8.80987E+12,Spicule Niacin Shot 260 Serum 40ml,$186.40 
4500198046,07/30/2025,2025,Q3,07,08/29/2025,CA,1710,00160,40,Each,4.66,APB,APB68526,8.80987E+12,Spicule Vitamin c Shot 220 Serum 40ml,$186.40 
4500198046,07/30/2025,2025,Q3,07,08/29/2025,CA,1710,00170,40,Each,4.66,APB,APB68409,8.80987E+12,Adenosine Vitamin C Ampoule Serum 40ml,$186.40 
4500198046,07/30/2025,2025,Q3,07,08/29/2025,CA,1710,00180,24,Each,4.66,APB,APB68529,8.80987E+12,Spicule Retinol Shot 180 Cream 55ml,$111.84 
4500198046,07/30/2025,2025,Q3,07,08/29/2025,CA,1710,00190,20,Each,4.66,APB,APB68406,8.80987E+12,Urea Hyaluronic Acid Ampoule Serum 40ml,$93.20 
4500198046,07/30/2025,2025,Q3,07,08/29/2025,CA,1710,00200,40,Each,4.66,APB,APB68533,8.80987E+12,Liposomal Niacinamide LX Serum 40ml,$186.40 
4500198046,07/30/2025,2025,Q3,07,08/29/2025,CA,1710,00210,40,Each,4.66,APB,APB68534,8.80987E+12,Liposomal Retinol LX Serum 40ml,$186.40 
4500198046,07/30/2025,2025,Q3,07,08/29/2025,CA,1710,00220,40,Each,4.66,APB,APB68535,8.80987E+12,Liposomal Vitamin C LX Serum 40ml,$186.40 
4500198046,07/30/2025,2025,Q3,07,08/29/2025,CA,1710,00230,24,Each,4.66,APB,APB68430,8.80987E+12,Amino Acid Peptide Facial Cream 55ml,$111.84 
4500198046,07/30/2025,2025,Q3,07,08/29/2025,CA,1710,00240,28,Each,18.46,DMX,DMX48115,8.80989E+12,EX Volume Firm Calcium Int Cream 50ml,$516.88 
4500198047,07/30/2025,2025,Q3,07,09/03/2025,KY,1712,00010,60,Each,4.66,APB,APB68527,8.80987E+12,Spicule Collagen Shot 300 Serum 40ml,$279.60 
4500198047,07/30/2025,2025,Q3,07,09/03/2025,KY,1712,00020,120,Each,13.2,DMX,DMX48236,8.80989E+12,Peel Shot Exfoliant Rice Ampoule 80ml,"$1,584.00 "
4500198047,07/30/2025,2025,Q3,07,09/03/2025,KY,1712,00030,26,Each,5.19,APB,APB68523,8.80987E+12,Tranex Acd Niacin Sht Msk 10Msks 25mlEa,$134.94 
4500198047,07/30/2025,2025,Q3,07,09/03/2025,KY,1712,00040,48,Each,4.66,APB,APB68423,8.80987E+12,Panthenol Retinol Facial Cream 55ml,$223.68 
4500198047,07/30/2025,2025,Q3,07,09/03/2025,KY,1712,00050,96,Each,7,DMX,DMX48153,8.80989E+12,Astax Whiten Amp Mask Pack 25g 5 Ea,$672.00 
4500198047,07/30/2025,2025,Q3,07,09/03/2025,KY,1712,00060,336,Each,17.85,DMX,DMX48150,8.80989E+12,Extra Whitening Ampoule 30 ml,"$5,997.60 "
4500198047,07/30/2025,2025,Q3,07,09/03/2025,KY,1712,00070,96,Each,4.66,APB,APB68422,8.80987E+12,Urea Hyaluronic Acid Facial Cream 55ml,$447.36 
4500198047,07/30/2025,2025,Q3,07,09/03/2025,KY,1712,00080,360,Each,14,DMX,DMX48149,8.80989E+12,Anti-Freckles Whiten Capsule Cream 50g,"$5,040.00 "
4500198047,07/30/2025,2025,Q3,07,09/03/2025,KY,1712,00090,48,Each,4.66,APB,APB68433,8.80987E+12,Ferulic Acid Vit C Facial Cream 55ml,$223.68 
4500198047,07/30/2025,2025,Q3,07,09/03/2025,KY,1712,00100,72,Each,4.66,APB,APB68531,8.80987E+12,Spicule Collagen Shot 300 Cream 55ml,$335.52 
4500198047,07/30/2025,2025,Q3,07,09/03/2025,KY,1712,00110,96,Each,4.66,APB,APB68506,8.80987E+12,PDRN Vitamin C Facial Cream 55ml,$447.36 
4500198047,07/30/2025,2025,Q3,07,09/03/2025,KY,1712,00120,144,Each,4.66,APB,APB68429,8.80987E+12,Kojic Acid Vitamin C Facial Cream 55ml,$671.04 
4500198047,07/30/2025,2025,Q3,07,09/03/2025,KY,1712,00130,26,Each,5.19,APB,APB68522,8.80987E+12,Coll EGF Pep Sht Msk 10 Msks 25ml Ea,$134.94 
4500198047,07/30/2025,2025,Q3,07,09/03/2025,KY,1712,00140,26,Each,5.19,APB,APB68521,8.80987E+12,Ret Vit C Vit E Sht Msk 10 Msks 25ml Ea,$134.94 
4500198047,07/30/2025,2025,Q3,07,09/03/2025,KY,1712,00150,100,Each,4.66,APB,APB68508,8.80987E+12,PDRN Vitamin C Ampoule Serum 40ml,$466.00 
4500198047,07/30/2025,2025,Q3,07,09/03/2025,KY,1712,00160,160,Each,4.66,APB,APB68516,8.80987E+12,Collagen EGF Peptide Body Lotion 300ml,$745.60 
4500198047,07/30/2025,2025,Q3,07,09/03/2025,KY,1712,00170,120,Each,4.66,APB,APB68426,8.80987E+12,Zinc Niacinamide Facial Cream 55ml,$559.20 
4500198047,07/30/2025,2025,Q3,07,09/03/2025,KY,1712,00180,144,Each,4.66,APB,APB68428,8.80987E+12,Squalane Hyal Acid Facial Cream 55ml,$671.04 
4500198047,07/30/2025,2025,Q3,07,09/03/2025,KY,1712,00190,96,Each,4.66,APB,APB68548,8.80987E+12,Exsome Coll EX Crm Facial Cream 55ml,$447.36 
4500198047,07/30/2025,2025,Q3,07,09/03/2025,KY,1712,00200,20,Each,4.66,APB,APB68406,8.80987E+12,Urea Hyaluronic Acid Ampoule Serum 40ml,$93.20 
4500198047,07/30/2025,2025,Q3,07,09/03/2025,KY,1712,00210,40,Each,4.66,APB,APB68408,8.80987E+12,Bifida Niacinamide Ampoule Serum 40ml,$186.40 
4500198047,07/30/2025,2025,Q3,07,09/03/2025,KY,1712,00220,160,Each,4.66,APB,APB68410,8.80987E+12,Zinc Niacinamide Ampoule Serum 40ml,$745.60 
4500198047,07/30/2025,2025,Q3,07,09/03/2025,KY,1712,00230,60,Each,4.66,APB,APB68413,8.80987E+12,Kojic Acid Vit C Ampoule Serum 40ml,$279.60 
4500198047,07/30/2025,2025,Q3,07,09/03/2025,KY,1712,00240,40,Each,4.66,APB,APB68405,8.80987E+12,Mandelic Acid Ret Ampoule Serum 40ml,$186.40 
4500198047,07/30/2025,2025,Q3,07,09/03/2025,KY,1712,00250,60,Each,4.66,APB,APB68404,8.80987E+12,Glycolic Acid Niacin Ampoule Serum 40ml,$279.60 
4500198047,07/30/2025,2025,Q3,07,09/03/2025,KY,1712,00260,240,Each,4.66,APB,APB68390,8.80987E+12,Tranex Acid Niacin Facial Cream 55ml,"$1,118.40 "
4500198047,07/30/2025,2025,Q3,07,09/03/2025,KY,1712,00270,100,Each,4.66,APB,APB68540,8.80987E+12,Exosome Collagen EX Serum 40ml,$466.00 
4500198047,07/30/2025,2025,Q3,07,09/03/2025,KY,1712,00280,60,Each,4.66,APB,APB68538,8.80987E+12,Exosome Retinol EX Serum 40ml,$279.60 
4500198047,07/30/2025,2025,Q3,07,09/03/2025,KY,1712,00290,60,Each,4.66,APB,APB68537,8.80987E+12,Exosome Niacinamide EX Serum 40ml,$279.60 
4500198047,07/30/2025,2025,Q3,07,09/03/2025,KY,1712,00300,1120,Each,5.01,APB,APB68273,8.80987E+12,Glutath Niacinamide Body Wash 300ml,"$5,611.20 "
4500198047,07/30/2025,2025,Q3,07,09/03/2025,KY,1712,00310,2000,Each,5.01,APB,APB68274,8.80987E+12,Glutath Niacinamide Body Lotion 300ml,"$10,020.00 "
4500198047,07/30/2025,2025,Q3,07,09/03/2025,KY,1712,00320,140,Each,4.66,APB,APB68386,8.80987E+12,Bakuchiol Propolis Ampoule Serum 40ml,$652.40 
4500198047,07/30/2025,2025,Q3,07,09/03/2025,KY,1712,00330,216,Each,4.66,APB,APB68389,8.80987E+12,Bakuchiol Propolis Facial Cream 55ml,"$1,006.56 "
4500198048,07/30/2025,2025,Q3,07,08/29/2025,CA,1710,00010,12,Each,1,HBF,HBF94927,8.80962E+12,Mexican Taco Popcorn 80 g,$12.00 
4500198048,07/30/2025,2025,Q3,07,08/29/2025,CA,1710,00020,12,Each,1,HBF,HBF94926,8.80962E+12,Garlic Baguette Popcorn 80 g,$12.00 
4500198048,07/30/2025,2025,Q3,07,08/29/2025,CA,1710,00030,20,Each,3.24,HBF,HBF94900,8.80962E+12,Choco Churros Almond 120 g,$64.80 
4500198048,07/30/2025,2025,Q3,07,08/29/2025,CA,1710,00040,20,Each,3.24,HBF,HBF94884,8.80962E+12,Dark Chocolate Almond Crunch 100 g,$64.80 
4500198048,07/30/2025,2025,Q3,07,08/29/2025,CA,1710,00050,12,Each,1,HBF,HBF94953,8.80962E+12,French Fried And Ketchup Popcorn 80 g,$12.00 
4500198048,07/30/2025,2025,Q3,07,08/29/2025,CA,1710,00060,12,Each,1,HBF,HBF45057,8.80028E+12,Baked Corn Popcorn 80 g,$12.00 
4500198048,07/30/2025,2025,Q3,07,08/29/2025,CA,1710,00070,20,Each,3.24,HBF,HBF94578,8.80962E+12,HBAF Roasted Onion Almond 120 g,$64.80 
4500198048,07/30/2025,2025,Q3,07,08/29/2025,CA,1710,00080,20,Each,3.24,HBF,HBF94508,8.80962E+12,Black Sesame Almond 120 g,$64.80 
4500198048,07/30/2025,2025,Q3,07,08/29/2025,CA,1710,00090,60,Each,3.24,HBF,HBF94494,8.80962E+12,HBAF Garlic Bread Almond 120 g,$194.40 
4500198048,07/30/2025,2025,Q3,07,08/29/2025,CA,1710,00100,40,Each,3.24,HBF,HBF94480,8.80962E+12,Jeju Matcha Almond 120 g,$129.60 
4500198048,07/30/2025,2025,Q3,07,08/29/2025,CA,1710,00110,40,Each,3.24,HBF,HBF94448,8.80962E+12,Mint Choco Almond 120 g,$129.60 
4500198049,07/30/2025,2025,Q3,07,09/03/2025,KY,1712,00010,96,Each,1,HBF,HBF45028,8.80028E+12,Milk Caramel Popcorn 80 g,$96.00 
4500198049,07/30/2025,2025,Q3,07,09/03/2025,KY,1712,00020,24,Each,1,HBF,HBF45027,8.80028E+12,Cheddar Cheese Popcorn 80 g,$24.00 
4500198049,07/30/2025,2025,Q3,07,09/03/2025,KY,1712,00030,20,Each,3.24,HBF,HBF94453,8.80962E+12,Injeolmi Almond 120 g,$64.80 
4500198049,07/30/2025,2025,Q3,07,09/03/2025,KY,1712,00040,108,Each,1,HBF,HBF45026,8.80028E+12,Laver Popcorn 80 g,$108.00 
4500198049,07/30/2025,2025,Q3,07,09/03/2025,KY,1712,00050,48,Each,1,HBF,HBF45025,8.80028E+12,Salted Milk Popcorn 80 g,$48.00 
4500198049,07/30/2025,2025,Q3,07,09/03/2025,KY,1712,00060,120,Each,1,HBF,HBF94874,8.80962E+12,Honey Butter Popcorn 80 g,$120.00 
4500198049,07/30/2025,2025,Q3,07,09/03/2025,KY,1712,00070,108,Each,1,HBF,HBF94928,8.80962E+12,Pepperoni Pizza Popcorn 80 g,$108.00 
4500198050,07/30/2025,2025,Q3,07,08/29/2025,CA,1710,00010,12,Each,9.66,SGE,SGE56208,8.80968E+12,Green Tomato Pore Lifting Ampoule 30ml,$115.92 
4500198050,07/30/2025,2025,Q3,07,08/29/2025,CA,1710,00020,32,Each,11.96,SRI,SRI55330,8.80616E+12,Fresh Moment Cleansing Oil 200ml,$382.72 
4500198050,07/30/2025,2025,Q3,07,08/29/2025,CA,1710,00030,36,Each,7.69,SRI,SRI77899,8.80919E+12,Let Me Refresh Foam Cleanser 120ml,$276.84 
4500198050,07/30/2025,2025,Q3,07,08/29/2025,CA,1710,00040,16,Each,10.25,SRI,SRI99708,8.80908E+12,Cleanse Me Softly Milk Cleanser 200ml,$164.00 
4500198050,07/30/2025,2025,Q3,07,08/29/2025,CA,1710,00050,44,Each,5.13,SRI,SRI99720,8.80908E+12,More Than Lip Balm 4g,$225.72 
4500198050,07/30/2025,2025,Q3,07,08/29/2025,CA,1710,00060,40,Each,11.53,SRI,SRI99760,8.80908E+12,Organic Hand Lip Care Set 50ml4g,$461.20 
4500198050,07/30/2025,2025,Q3,07,08/29/2025,CA,1710,00070,48,Each,10.25,SRI,SRI99761,8.80908E+12,Cleanse Me SoftlyMilkClnsr Citrus 200ml,$492.00 
4500198050,07/30/2025,2025,Q3,07,08/29/2025,CA,1710,00080,35,Each,11.79,EQQ,EQQ45319,8.80988E+12,EQQ Swimming Pool Toner 300ml,$412.65 
4500198050,07/30/2025,2025,Q3,07,08/29/2025,CA,1710,00090,234,Each,12.85,EQQ,EQQ45647,8.80988E+12,EQQ Deep Cera Vitamin Illum Serum 30ml,"$3,006.90 "
4500198050,07/30/2025,2025,Q3,07,08/29/2025,CA,1710,00100,360,Each,12.85,EQQ,EQQ45648,8.80988E+12,EQQ Deep Cera Baku Plump Serum 30ml,"$4,626.00 "
4500198050,07/30/2025,2025,Q3,07,08/29/2025,CA,1710,00110,48,Each,5.16,NRP,NRP49010,8.80617E+12,Mild and Mst Aloe Vera Water Gel 250ml,$247.68 
4500198050,07/30/2025,2025,Q3,07,08/29/2025,CA,1710,00120,18,Each,24.4,MUZ,MUZ58083,8.80984E+12,Sleek Matt Cushion N23 30 g,$439.20 
4500198050,07/30/2025,2025,Q3,07,08/29/2025,CA,1710,00130,18,Each,24.4,MUZ,MUZ58081,8.80984E+12,Sleek Matt Cushion N19 30 g,$439.20 
4500198050,07/30/2025,2025,Q3,07,08/29/2025,CA,1710,00140,15,Each,13,MUZ,MUZ58072,8.80984E+12,Moodwear Blur Lipstick 002 Maxi 4 g,$195.00 
4500198050,07/30/2025,2025,Q3,07,08/29/2025,CA,1710,00150,10,Each,15.17,GBL,GBL25112,8.80614E+12,Melacare Intensive Cream 50 ml,$151.70 
4500198050,07/30/2025,2025,Q3,07,08/29/2025,CA,1710,00160,60,Each,8.75,GWU,GWU07028,8.8097E+12,Sea Salt Therapy Scalp Scaler 120g,$525.00 
4500198050,07/30/2025,2025,Q3,07,08/29/2025,CA,1710,00170,40,Each,10.71,GBL,GBL54440,8.80974E+12,PDRN Rejuvenating Toner 300 ml,$428.40 
4500198051,07/30/2025,2025,Q3,07,09/03/2025,KY,1712,00010,32,Each,11.96,SRI,SRI55330,8.80616E+12,Fresh Moment Cleansing Oil 200ml,$382.72 
4500198051,07/30/2025,2025,Q3,07,09/03/2025,KY,1712,00020,630,Each,11.79,EQQ,EQQ45319,8.80988E+12,EQQ Swimming Pool Toner 300ml,"$7,427.70 "
4500198051,07/30/2025,2025,Q3,07,09/03/2025,KY,1712,00030,32,Each,9.4,SRI,SRI99705,8.80908E+12,Time Is Running Out Mist 100ml,$300.80 
4500198051,07/30/2025,2025,Q3,07,09/03/2025,KY,1712,00040,32,Each,9.4,SRI,SRI99706,8.80908E+12,Day By Day Cleansing Gel 150ml,$300.80 
4500198051,07/30/2025,2025,Q3,07,09/03/2025,KY,1712,00050,300,Each,11.79,EQQ,EQQ45431,8.80988E+12,EQQ Swimm Pool Toner Pads 70 Pads 220ml,"$3,537.00 "
4500198051,07/30/2025,2025,Q3,07,09/03/2025,KY,1712,00060,140,Each,11.55,EQQ,EQQ45602,8.80988E+12,EQQ Purple PDRN Pore Minimiz Serum 30ml,"$1,617.00 "
4500198051,07/30/2025,2025,Q3,07,09/03/2025,KY,1712,00070,200,Each,12.94,GBL,GBL39004,8.80969E+12,PDRN Rejuvenating Cream 70 ml,"$2,588.00 "
4500198051,07/30/2025,2025,Q3,07,09/03/2025,KY,1712,00080,3726,Each,12.85,EQQ,EQQ45647,8.80988E+12,EQQ Deep Cera Vitamin Illum Serum 30ml,"$47,879.10 "
4500198051,07/30/2025,2025,Q3,07,09/03/2025,KY,1712,00090,210,Each,10.71,GBL,GBL54440,8.80974E+12,PDRN Rejuvenating Toner 300 ml,"$2,249.10 "
4500198051,07/30/2025,2025,Q3,07,09/03/2025,KY,1712,00100,24,Each,8.28,NRP,NRP48434,8.80617E+12,Real Squeeze Aloe Vera Balm 25g,$198.72 
4500198051,07/30/2025,2025,Q3,07,09/03/2025,KY,1712,00110,25,Each,11.26,MVY,MVY80264,8.80985E+12,MVY Art Sooth Acne Pad Refill 70ea 160g,$281.50 
4500198051,07/30/2025,2025,Q3,07,09/03/2025,KY,1712,00120,32,Each,10.25,SRI,SRI99761,8.80908E+12,Cleanse Me SoftlyMilkClnsr Citrus 200ml,$328.00 
4500198051,07/30/2025,2025,Q3,07,09/03/2025,KY,1712,00130,20,Each,9.93,GWU,GWU09353,8.8097E+12,Damage Therapy Hair Treatment EX 220g,$198.60 
4500198051,07/30/2025,2025,Q3,07,09/03/2025,KY,1712,00140,30,Each,13,MUZ,MUZ58078,8.80984E+12,Moodwear Blur Lipstick 008 Revenge 4 g,$390.00 
4500198051,07/30/2025,2025,Q3,07,09/03/2025,KY,1712,00150,15,Each,13,MUZ,MUZ58072,8.80984E+12,Moodwear Blur Lipstick 002 Maxi 4 g,$195.00 
4500198051,07/30/2025,2025,Q3,07,09/03/2025,KY,1712,00160,1404,Each,12.85,EQQ,EQQ45648,8.80988E+12,EQQ Deep Cera Baku Plump Serum 30ml,"$18,041.40 "
4500198051,07/30/2025,2025,Q3,07,09/03/2025,KY,1712,00170,15,Each,10.4,MUZ,MUZ58055,8.80984E+12,Fitting Blush 05 Find 5 g,$156.00 
4500198051,07/30/2025,2025,Q3,07,09/03/2025,KY,1712,00180,30,Each,10.4,MUZ,MUZ58051,8.80984E+12,Fitting Blush 01 Odd 5 g,$312.00 
4500198051,07/30/2025,2025,Q3,07,09/03/2025,KY,1712,00190,30,Each,10.4,MUZ,MUZ58045,8.80984E+12,Objct Mat Lip Tnt 005 Diva .20 floz,$312.00 
4500198051,07/30/2025,2025,Q3,07,09/03/2025,KY,1712,00200,15,Each,10.4,MUZ,MUZ58044,8.80984E+12,Objct Mat Lip Tnt  004 Celeb .20 floz,$156.00 
4500198051,07/30/2025,2025,Q3,07,09/03/2025,KY,1712,00210,18,Each,11.96,SRI,SRI55257,8.80616E+12,My First Essener 100ml,$215.28 
4500198051,07/30/2025,2025,Q3,07,09/03/2025,KY,1712,00220,60,Each,11.48,SGE,SGE02238,8.80025E+12,Dp Coll Melt Ptch Eyes Forehead 3 ct ea,$688.80 
4500198051,07/30/2025,2025,Q3,07,09/03/2025,KY,1712,00230,60,Each,10.05,SGE,SGE02207,8.80025E+12,Dp Coll Ret Pwr Bst Pad 100 Pds 190ml,$603.00 
4500198488,08/01/2025,2025,Q3,08,09/05/2025,KY,1712,00010,324,Each,12.85,EQQ,EQQ45647,8.80988E+12,EQQ Deep Cera Vitamin Illum Serum 30ml,"$4,163.40 "
4500198488,08/01/2025,2025,Q3,08,09/05/2025,KY,1712,00020,324,Each,12.85,EQQ,EQQ45648,8.80988E+12,EQQ Deep Cera Baku Plump Serum 30ml,"$4,163.40 "
4500198489,08/01/2025,2025,Q3,08,09/30/2025,KY,1712,00010,240,Each,13.5,HKI,HKI63988,8.80945E+12,Pore Cleansing Oil AHA 300ml,"$3,240.00 "
4500198489,08/01/2025,2025,Q3,08,09/30/2025,KY,1712,00020,240,Each,13.5,HKI,HKI63989,8.80945E+12,Pore Cleansing Oil BHA 300ml,"$3,240.00 "
4500198489,08/01/2025,2025,Q3,08,09/30/2025,KY,1712,00030,240,Each,13.5,HKI,HKI63990,8.80945E+12,Pore Cleansing Oil PHA 300ml,"$3,240.00 "
4500198489,08/01/2025,2025,Q3,08,09/30/2025,KY,1712,00040,144,Each,15,HKI,HKI63840,8.80945E+12,Hyaluron Moisture Cream 50ml,"$2,160.00 "
4500198489,08/01/2025,2025,Q3,08,09/30/2025,KY,1712,00050,135,Each,15,HKI,HKI75081,8.80026E+12,CodeOn DD Crm Fndation 19NCPrclain 35ml,"$2,025.00 "
4500198489,08/01/2025,2025,Q3,08,09/30/2025,KY,1712,00060,135,Each,15,HKI,HKI75082,8.80026E+12,CodeOn DD Crm Fndation 21NLght Bge 35ml,"$2,025.00 "
4500198489,08/01/2025,2025,Q3,08,09/30/2025,KY,1712,00070,135,Each,15,HKI,HKI75083,8.80026E+12,CodeOn DD Crm Fndation 23NNat Bge 35ml,"$2,025.00 "
4500198490,08/01/2025,2025,Q3,08,09/30/2025,CA,1710,00010,160,Each,13.5,HKI,HKI63988,8.80945E+12,Pore Cleansing Oil AHA 300ml,"$2,160.00 "
4500198490,08/01/2025,2025,Q3,08,09/30/2025,CA,1710,00020,160,Each,13.5,HKI,HKI63989,8.80945E+12,Pore Cleansing Oil BHA 300ml,"$2,160.00 "
4500198490,08/01/2025,2025,Q3,08,09/30/2025,CA,1710,00030,160,Each,13.5,HKI,HKI63990,8.80945E+12,Pore Cleansing Oil PHA 300ml,"$2,160.00 "
4500198490,08/01/2025,2025,Q3,08,09/30/2025,CA,1710,00040,96,Each,15,HKI,HKI63840,8.80945E+12,Hyaluron Moisture Cream 50ml,"$1,440.00 "
4500198490,08/01/2025,2025,Q3,08,09/30/2025,CA,1710,00050,162,Each,15,HKI,HKI75081,8.80026E+12,CodeOn DD Crm Fndation 19NCPrclain 35ml,"$2,430.00 "
4500198490,08/01/2025,2025,Q3,08,09/30/2025,CA,1710,00060,162,Each,15,HKI,HKI75082,8.80026E+12,CodeOn DD Crm Fndation 21NLght Bge 35ml,"$2,430.00 "
4500198490,08/01/2025,2025,Q3,08,09/30/2025,CA,1710,00070,162,Each,15,HKI,HKI75083,8.80026E+12,CodeOn DD Crm Fndation 23NNat Bge 35ml,"$2,430.00 "
4500198674,08/04/2025,2025,Q3,08,08/24/2025,KY,1712,00010,595,Each,11.79,EQQ,EQQ45319,8.80988E+12,EQQ Swimming Pool Toner 300ml,"$7,015.05 "
4500198674,08/04/2025,2025,Q3,08,08/24/2025,KY,1712,00020,9882,Each,12.85,EQQ,EQQ45647,8.80988E+12,EQQ Deep Cera Vitamin Illum Serum 30ml,"$126,983.70 "
4500198674,08/04/2025,2025,Q3,08,08/24/2025,KY,1712,00030,3024,Each,12.85,EQQ,EQQ45648,8.80988E+12,EQQ Deep Cera Baku Plump Serum 30ml,"$38,858.40 "
4500198675,08/04/2025,2025,Q3,08,08/24/2025,CA,1710,00010,162,Each,12.85,EQQ,EQQ45647,8.80988E+12,EQQ Deep Cera Vitamin Illum Serum 30ml,"$2,081.70 "
4500198675,08/04/2025,2025,Q3,08,08/24/2025,CA,1710,00020,216,Each,12.85,EQQ,EQQ45648,8.80988E+12,EQQ Deep Cera Baku Plump Serum 30ml,"$2,775.60 "
4500200957,08/14/2025,2025,Q3,08,09/15/2025,CA,1710,00010,24,Each,4.66,APB,APB68547,8.80987E+12,Exsome Vitamin C EX Cream 55ml,$111.84 
4500200957,08/14/2025,2025,Q3,08,09/15/2025,CA,1710,00020,24,Each,4.66,APB,APB68546,8.80987E+12,Exsome Retinol EX Cream 55ml,$111.84 
4500200957,08/14/2025,2025,Q3,08,09/15/2025,CA,1710,00030,24,Each,10.5,DMX,DMX48039,8.80989E+12,BP Exfoliating Pad 70 Pads 165ml,$252.00 
4500200957,08/14/2025,2025,Q3,08,09/15/2025,CA,1710,00040,280,Each,12.34,DMX,DMX48141,8.80989E+12,TX Cream 1.69 fl oz (50 ml),"$3,455.20 "
4500200957,08/14/2025,2025,Q3,08,09/15/2025,CA,1710,00050,120,Each,5.01,APB,APB68271,8.80987E+12,Glutath Niacinamide Mist Essence 105ml,$601.20 
4500200957,08/14/2025,2025,Q3,08,09/15/2025,CA,1710,00060,320,Each,5.01,APB,APB68273,8.80987E+12,Glutath Niacinamide Body Wash 300ml,"$1,603.20 "
4500200957,08/14/2025,2025,Q3,08,09/15/2025,CA,1710,00070,576,Each,5.01,APB,APB68274,8.80987E+12,Glutath Niacinamide Body Lotion 300ml,"$2,885.76 "
4500200957,08/14/2025,2025,Q3,08,09/15/2025,CA,1710,00080,24,Each,4.66,APB,APB68388,8.80987E+12,Snail Mucin Ginseng Facial Cream 55ml,$111.84 
4500200957,08/14/2025,2025,Q3,08,09/15/2025,CA,1710,00090,24,Each,4.66,APB,APB68389,8.80987E+12,Bakuchiol Propolis Facial Cream 55ml,$111.84 
4500200957,08/14/2025,2025,Q3,08,09/15/2025,CA,1710,00100,60,Each,4.66,APB,APB68401,8.80987E+12,Glutath Niacin Toner Pad 60 Pads 100ml,$279.60 
4500200957,08/14/2025,2025,Q3,08,09/15/2025,CA,1710,00110,20,Each,4.66,APB,APB68403,8.80987E+12,Lactic Acid Retinol Ampoule Serum 40ml,$93.20 
4500200957,08/14/2025,2025,Q3,08,09/15/2025,CA,1710,00120,20,Each,4.66,APB,APB68411,8.80987E+12,Glycerin Vitamin C Ampoule Serum 40ml,$93.20 
4500200957,08/14/2025,2025,Q3,08,09/15/2025,CA,1710,00130,24,Each,4.66,APB,APB68419,8.80987E+12,Lactic Acid Retinol Facial Cream 55ml,$111.84 
4500200957,08/14/2025,2025,Q3,08,09/15/2025,CA,1710,00140,28,Each,14,DMX,DMX48149,8.80989E+12,Anti-Freckles Whiten Capsule Cream 50g,$392.00 
4500200957,08/14/2025,2025,Q3,08,09/15/2025,CA,1710,00150,48,Each,7,DMX,DMX48153,8.80989E+12,Astax Whiten Amp Mask Pack 25g 5 Ea,$336.00 
4500200957,08/14/2025,2025,Q3,08,09/15/2025,CA,1710,00160,70,Each,15.07,DMX,DMX48184,8.80989E+12,TX Ret Double Effect Eye Cream 40g,"$1,054.90 "
4500200957,08/14/2025,2025,Q3,08,09/15/2025,CA,1710,00170,12,Each,22.18,DMX,DMX48198,8.80989E+12,Pic Shot Pig Correct Calc Ample 30ml,$266.16 
4500200958,08/14/2025,2025,Q3,08,09/18/2025,KY,1712,00010,960,Each,5.01,APB,APB68273,8.80987E+12,Glutath Niacinamide Body Wash 300ml,"$4,809.60 "
4500200958,08/14/2025,2025,Q3,08,09/18/2025,KY,1712,00020,936,Each,5.01,APB,APB68268,8.80987E+12,Glutath Niacinamide Facial Cream 55ml,"$4,689.36 "
4500200958,08/14/2025,2025,Q3,08,09/18/2025,KY,1712,00030,60,Each,4.66,APB,APB68398,8.80987E+12,Glutathione Niacinamide Clean Oil 105ml,$279.60 
4500200958,08/14/2025,2025,Q3,08,09/18/2025,KY,1712,00040,12,Each,4.66,APB,APB68399,8.80987E+12,Glutathione Niacinamide Cleans Blm 80ml,$55.92 
4500200958,08/14/2025,2025,Q3,08,09/18/2025,KY,1712,00050,288,Each,4.66,APB,APB68401,8.80987E+12,Glutath Niacin Toner Pad 60 Pads 100ml,"$1,342.08 "
4500200958,08/14/2025,2025,Q3,08,09/18/2025,KY,1712,00060,50,Each,7.53,DMX,DMX48134,8.80989E+12,Exosome Repair Toner 300 ml,$376.50 
4500200958,08/14/2025,2025,Q3,08,09/18/2025,KY,1712,00070,40,Each,10.49,DMX,DMX48185,8.80989E+12,Bond Clin Prot Bond Remod Clinic 250ml,$419.60 
4500200958,08/14/2025,2025,Q3,08,09/18/2025,KY,1712,00080,770,Each,12.34,DMX,DMX48141,8.80989E+12,TX Cream 1.69 fl oz (50 ml),"$9,501.80 "
4500200959,08/14/2025,2025,Q3,08,09/15/2025,CA,1710,00010,40,Each,11.48,PNA,PNA09302,8.8097E+12,Cica Serum Cushion 25N Ratan 15g,$459.20 
4500200959,08/14/2025,2025,Q3,08,09/15/2025,CA,1710,00020,20,Each,11.48,PNA,PNA09316,8.8097E+12,Cica Serum Cushion 17N Fair Vanilla 15g,$229.60 
4500200959,08/14/2025,2025,Q3,08,09/15/2025,CA,1710,00030,20,Each,11.48,PNA,PNA09318,8.8097E+12,Cica Serum Cushion 19N Ntrl Porceln 15g,$229.60 
4500200959,08/14/2025,2025,Q3,08,09/15/2025,CA,1710,00040,25,Each,9.57,PNA,PNA09470,8.8097E+12,Cicamanu 92 Serum 1.01 fl oz (30 ml),$239.25 
4500200960,08/14/2025,2025,Q3,08,09/18/2025,KY,1712,00010,12,Each,8.4,TWA,TWA20655,8.80997E+12,Gleam Tension Pact 21 Light Beige 13g,$100.80 
4500200961,08/14/2025,2025,Q3,08,09/15/2025,CA,1710,00010,60,Each,7.99,LFT,LFT67921,8.80592E+12,Lacto Fit Gold 100 g,$479.40 
4500200961,08/14/2025,2025,Q3,08,09/15/2025,CA,1710,00020,120,Each,12.99,LFT,LFT68201,8.80592E+12,Lacto Fit Slim 120 g,"$1,558.80 "
4500200961,08/14/2025,2025,Q3,08,09/15/2025,CA,1710,00030,12,Each,1,HBF,HBF45061,8.80028E+12,Ttekbokki Popcorn 80 g,$12.00 
4500200961,08/14/2025,2025,Q3,08,09/15/2025,CA,1710,00040,20,Each,3.24,HBF,HBF94578,8.80962E+12,HBAF Roasted Onion Almond 120 g,$64.80 
4500200962,08/14/2025,2025,Q3,08,09/18/2025,KY,1712,00010,780,Each,12.99,LFT,LFT68201,8.80592E+12,Lacto Fit Slim 120 g,"$10,132.20 "
4500200962,08/14/2025,2025,Q3,08,09/18/2025,KY,1712,00020,60,Each,10.51,LFT,LFT69271,8.80592E+12,Lacto Fit Glucose Control 120 g,$630.60 
4500200962,08/14/2025,2025,Q3,08,09/18/2025,KY,1712,00030,60,Each,9.53,LFT,LFT69431,8.80592E+12,Lacto Fit Liver Support 120 g,$571.80 
4500200962,08/14/2025,2025,Q3,08,09/18/2025,KY,1712,00040,60,Each,3.24,HBF,HBF94201,8.80962E+12,HBAF Caramel Salt Almond & Pretzel 120g,$194.40 
4500200963,08/14/2025,2025,Q3,08,09/15/2025,CA,1710,00010,20,Each,8.75,GWU,GWU07028,8.8097E+12,Sea Salt Therapy Scalp Scaler 120g,$175.00 
4500200963,08/14/2025,2025,Q3,08,09/15/2025,CA,1710,00020,20,Each,7.69,SRI,SRI99757,8.80908E+12,Back To My Memories Handcream  50ml,$153.80 
4500200963,08/14/2025,2025,Q3,08,09/15/2025,CA,1710,00030,20,Each,13.67,SRI,SRI99710,8.80908E+12,Deep In A Barrier Cream 50ml,$273.40 
4500200963,08/14/2025,2025,Q3,08,09/15/2025,CA,1710,00040,20,Each,11.74,GWU,GWU07390,8.8097E+12,Sea Salt Therapy Shampoo 500g,$234.80 
4500200963,08/14/2025,2025,Q3,08,09/15/2025,CA,1710,00050,20,Each,11.74,GWU,GWU09184,8.8097E+12,Algae Therapy Mineral Shampoo 500g,$234.80 
4500200963,08/14/2025,2025,Q3,08,09/15/2025,CA,1710,00060,20,Each,9.58,GWU,GWU09192,8.8097E+12,Algae Thrpy Min No Wsh Treatment 150ml,$191.60 
4500200963,08/14/2025,2025,Q3,08,09/15/2025,CA,1710,00070,10,Each,11.74,GWU,GWU09352,8.8097E+12,GWU Damage Therapy Shampoo EX 500ml,$117.40 
4500200963,08/14/2025,2025,Q3,08,09/15/2025,CA,1710,00080,12,Each,9.59,NRP,NRP48704,8.80617E+12,Blck Bean Invigo Hair Treatment 200ml,$115.08 
4500200963,08/14/2025,2025,Q3,08,09/15/2025,CA,1710,00090,80,Each,13.38,GBL,GBL25102,8.80614E+12,PDRN Vita Toning Ampoule 30 ml,"$1,070.40 "
4500200963,08/14/2025,2025,Q3,08,09/15/2025,CA,1710,00100,30,Each,15.17,GBL,GBL25112,8.80614E+12,Melacare Intensive Cream 50 ml,$455.10 
4500200963,08/14/2025,2025,Q3,08,09/15/2025,CA,1710,00110,30,Each,12.94,GBL,GBL39004,8.80969E+12,PDRN Rejuvenating Cream 70 ml,$388.20 
4500200963,08/14/2025,2025,Q3,08,09/15/2025,CA,1710,00120,20,Each,6.69,GBL,GBL39037,8.80969E+12,BlueCalm Rescue Gel 0.33 fl oz (10 ml),$133.80 
4500200963,08/14/2025,2025,Q3,08,09/15/2025,CA,1710,00130,12,Each,14.72,GBL,GBL51029,8.80989E+12,Crys Drp Hydra Boost Ampoule 30ml,$176.64 
4500200963,08/14/2025,2025,Q3,08,09/15/2025,CA,1710,00140,24,Each,10.46,NRP,NRP45415,8.80617E+12,Fresh Powdery Sun Stick SPF50 0.71 oz,$251.04 
4500200963,08/14/2025,2025,Q3,08,09/15/2025,CA,1710,00150,10,Each,8.48,GBL,GBL54060,8.80974E+12,Pink Cloud Cleansing Foam 150 ml,$84.80 
4500200963,08/14/2025,2025,Q3,08,09/15/2025,CA,1710,00160,108,Each,12.85,EQQ,EQQ45648,8.80988E+12,EQQ Deep Cera Baku Plump Serum 30ml,"$1,387.80 "
4500200963,08/14/2025,2025,Q3,08,09/15/2025,CA,1710,00170,108,Each,12.85,EQQ,EQQ45647,8.80988E+12,EQQ Deep Cera Vitamin Illum Serum 30ml,"$1,387.80 "
4500200963,08/14/2025,2025,Q3,08,09/15/2025,CA,1710,00180,35,Each,11.79,EQQ,EQQ45319,8.80988E+12,EQQ Swimming Pool Toner 300ml,$412.65 
4500200963,08/14/2025,2025,Q3,08,09/15/2025,CA,1710,00190,10,Each,17.4,MVY,MVY05763,8.8096E+12,MVY Mugwort Heating Therapy Pk 100g,$174.00 
4500200963,08/14/2025,2025,Q3,08,09/15/2025,CA,1710,00200,18,Each,16.23,SRI,SRI77910,8.80919E+12,All Your Love Body Cream 300ml,$292.14 
4500200963,08/14/2025,2025,Q3,08,09/15/2025,CA,1710,00210,10,Each,12.49,GBL,GBL54683,8.80974E+12,Aquaberrier Ceramide Capsule Cream 50ml,$124.90 
4500200964,08/14/2025,2025,Q3,08,09/18/2025,KY,1712,00010,36,Each,14.52,SRI,SRI55258,8.80616E+12,Enriched By Nature Cream 50ml,$522.72 
4500200964,08/14/2025,2025,Q3,08,09/18/2025,KY,1712,00020,18,Each,11.96,SRI,SRI55257,8.80616E+12,My First Essener 100ml,$215.28 
4500200964,08/14/2025,2025,Q3,08,09/18/2025,KY,1712,00030,80,Each,10.46,NRP,NRP45415,8.80617E+12,Fresh Powdery Sun Stick SPF50 0.71 oz,$836.80 
4500200964,08/14/2025,2025,Q3,08,09/18/2025,KY,1712,00040,48,Each,11.96,SRI,SRI55330,8.80616E+12,Fresh Moment Cleansing Oil 200ml,$574.08 
4500200964,08/14/2025,2025,Q3,08,09/18/2025,KY,1712,00050,12,Each,8.71,NRP,NRP48221,8.80617E+12,Green Derma Mild Cica Serum 1.69 fl oz,$104.52 
4500200964,08/14/2025,2025,Q3,08,09/18/2025,KY,1712,00060,48,Each,9.4,SRI,SRI99705,8.80908E+12,Time Is Running Out Mist 100ml,$451.20 
4500200964,08/14/2025,2025,Q3,08,09/18/2025,KY,1712,00070,12,Each,10.9,NRP,NRP48603,8.80617E+12,Kombuch Blck Tea Treat Emul 4.39 floz,$130.80 
4500200964,08/14/2025,2025,Q3,08,09/18/2025,KY,1712,00080,12,Each,12.65,NRP,NRP48605,8.80617E+12,Komb Blck Tea Treat Crm 1.69 floz,$151.80 
4500200964,08/14/2025,2025,Q3,08,09/18/2025,KY,1712,00090,40,Each,7.69,SRI,SRI99757,8.80908E+12,Back To My Memories Handcream  50ml,$307.60 
4500200964,08/14/2025,2025,Q3,08,09/18/2025,KY,1712,00100,16,Each,10.25,SRI,SRI99761,8.80908E+12,Cleanse Me SoftlyMilkClnsr Citrus 200ml,$164.00 
4500200964,08/14/2025,2025,Q3,08,09/18/2025,KY,1712,00110,20,Each,9.4,SGE,SGE56875,8.80968E+12,Grn Tom Pore Peel Jumbo Pad 60 ct 180ml,$188.00 
4500200964,08/14/2025,2025,Q3,08,09/18/2025,KY,1712,00120,30,Each,12.92,SGE,SGE02239,8.80025E+12,Dp Coll Ret Boost-Up Mask 4 ct 25g,$387.60 
4500200964,08/14/2025,2025,Q3,08,09/18/2025,KY,1712,00130,200,Each,13.38,GBL,GBL25102,8.80614E+12,PDRN Vita Toning Ampoule 30 ml,"$2,676.00 "
4500200964,08/14/2025,2025,Q3,08,09/18/2025,KY,1712,00140,120,Each,12.94,GBL,GBL39004,8.80969E+12,PDRN Rejuvenating Cream 70 ml,"$1,552.80 "
4500200964,08/14/2025,2025,Q3,08,09/18/2025,KY,1712,00150,20,Each,7.58,GBL,GBL51045,8.80989E+12,Glutamin-C Luminous Eye Cream 10 ml,$151.60 
4500200964,08/14/2025,2025,Q3,08,09/18/2025,KY,1712,00160,60,Each,7.14,GBL,GBL54124,8.80974E+12,PDRN Rejuvenating Mask 5 Pack 25ml,$428.40 
4500200964,08/14/2025,2025,Q3,08,09/18/2025,KY,1712,00170,18,Each,24.4,MUZ,MUZ58081,8.80984E+12,Sleek Matt Cushion N19 30 g,$439.20 
4500200964,08/14/2025,2025,Q3,08,09/18/2025,KY,1712,00180,18,Each,24.4,MUZ,MUZ58083,8.80984E+12,Sleek Matt Cushion N23 30 g,$439.20 
4500200964,08/14/2025,2025,Q3,08,09/18/2025,KY,1712,00190,40,Each,14.84,MVY,MVY05728,8.8096E+12,MVY Casta Cren Pore Tighten Serum 50ml,$593.60 
4500200964,08/14/2025,2025,Q3,08,09/18/2025,KY,1712,00200,20,Each,9.93,GWU,GWU09353,8.8097E+12,Damage Therapy Hair Treatment EX 220g,$198.60 
4500200964,08/14/2025,2025,Q3,08,09/18/2025,KY,1712,00210,110,Each,10.71,GBL,GBL54440,8.80974E+12,PDRN Rejuvenating Toner 300 ml,"$1,178.10 "
4500200964,08/14/2025,2025,Q3,08,09/18/2025,KY,1712,00220,20,Each,8.75,GWU,GWU07028,8.8097E+12,Sea Salt Therapy Scalp Scaler 120g,$175.00 
4500200964,08/14/2025,2025,Q3,08,09/18/2025,KY,1712,00230,20,Each,10.78,GWU,GWU07201,8.8097E+12,Damage Therapy Scalp Scal Ampoule 50g,$215.60 
4500202270,08/22/2025,2025,Q3,08,10/21/2025,KY,1712,00010,370,Each,12.5,HKI,HKI63865,8.80945E+12,Real Comp Hyaluron Skin Essence 150ml,"$4,625.00 "
4500202270,08/22/2025,2025,Q3,08,10/21/2025,KY,1712,00020,396,Each,16,HKI,HKI23172,8.80965E+12,Real Comp Hyaluron Eye Serum 25ml,"$6,336.00 "
4500202270,08/22/2025,2025,Q3,08,10/21/2025,KY,1712,00030,300,Each,13,HKI,HKI23443,8.80965E+12,Collagen Peptide Eye Cream 80 ml,"$3,900.00 "
4500202270,08/22/2025,2025,Q3,08,10/21/2025,KY,1712,00040,270,Each,14,HKI,HKI23444,8.80965E+12,Collagen Peptide 3.04 fl oz (90 ml),"$3,780.00 "
4500202270,08/22/2025,2025,Q3,08,10/21/2025,KY,1712,00050,340,Each,11.5,HKI,HKI23312,8.80965E+12,Glass Skin On the Go Kit 4 Pcs,"$3,910.00 "
4500202270,08/22/2025,2025,Q3,08,10/21/2025,KY,1712,00060,340,Each,12.5,HKI,HKI23817,8.80965E+12,Glow Skin On the Go Kit 4 Pcs,"$4,250.00 "
4500202270,08/22/2025,2025,Q3,08,10/21/2025,KY,1712,00070,144,Each,7,HKI,HKI23254,8.80965E+12,Blemish Cover Concealer Rosy 12 g,"$1,008.00 "
4500202270,08/22/2025,2025,Q3,08,10/21/2025,KY,1712,00080,144,Each,7,HKI,HKI23255,8.80965E+12,Blemish Cover Concealer Apricot 12 g,"$1,008.00 "
4500202270,08/22/2025,2025,Q3,08,10/21/2025,KY,1712,00090,330,Each,11,HKI,HKI63992,8.80945E+12,Pore Cleansing Balm AHA 80 g,"$3,630.00 "
4500202270,08/22/2025,2025,Q3,08,10/21/2025,KY,1712,00100,330,Each,11,HKI,HKI63993,8.80945E+12,Pore Cleansing Balm BHA 80 g,"$3,630.00 "
4500202270,08/22/2025,2025,Q3,08,10/21/2025,KY,1712,00110,330,Each,11,HKI,HKI63994,8.80945E+12,Pore Cleansing Balm PHA 80 g,"$3,630.00 "
4500202270,08/22/2025,2025,Q3,08,10/21/2025,KY,1712,00120,192,Each,18,HKI,HKI23333,8.80965E+12,Vitamin C Glow Serum 1.01 fl oz (30ml),"$3,456.00 "
4500202270,08/22/2025,2025,Q3,08,10/21/2025,KY,1712,00130,168,Each,16,HKI,HKI23335,8.80965E+12,Vitamin C Glow Mask 2.36 fl oz (70ml),"$2,688.00 "
4500202270,08/22/2025,2025,Q3,08,10/21/2025,KY,1712,00140,180,Each,14,HKI,HKI23334,8.80965E+12,Vit C Glow Powder Cleanser 70g,"$2,520.00 "
4500202271,08/22/2025,2025,Q3,08,10/21/2025,CA,1710,00010,230,Each,12.5,HKI,HKI63865,8.80945E+12,Real Comp Hyaluron Skin Essence 150ml,"$2,875.00 "
4500202271,08/22/2025,2025,Q3,08,10/21/2025,CA,1710,00020,204,Each,16,HKI,HKI23172,8.80965E+12,Real Comp Hyaluron Eye Serum 25ml,"$3,264.00 "
4500202271,08/22/2025,2025,Q3,08,10/21/2025,CA,1710,00030,150,Each,13,HKI,HKI23443,8.80965E+12,Collagen Peptide Eye Cream 80 ml,"$1,950.00 "
4500202271,08/22/2025,2025,Q3,08,10/21/2025,CA,1710,00040,180,Each,14,HKI,HKI23444,8.80965E+12,Collagen Peptide 3.04 fl oz (90 ml),"$2,520.00 "
4500202271,08/22/2025,2025,Q3,08,10/21/2025,CA,1710,00050,160,Each,11.5,HKI,HKI23312,8.80965E+12,Glass Skin On the Go Kit 4 Pcs,"$1,840.00 "
4500202271,08/22/2025,2025,Q3,08,10/21/2025,CA,1710,00060,160,Each,12.5,HKI,HKI23817,8.80965E+12,Glow Skin On the Go Kit 4 Pcs,"$2,000.00 "
4500202271,08/22/2025,2025,Q3,08,10/21/2025,CA,1710,00070,72,Each,7,HKI,HKI23254,8.80965E+12,Blemish Cover Concealer Rosy 12 g,$504.00 
4500202271,08/22/2025,2025,Q3,08,10/21/2025,CA,1710,00080,72,Each,7,HKI,HKI23255,8.80965E+12,Blemish Cover Concealer Apricot 12 g,$504.00 
4500202271,08/22/2025,2025,Q3,08,10/21/2025,CA,1710,00090,120,Each,11,HKI,HKI63992,8.80945E+12,Pore Cleansing Balm AHA 80 g,"$1,320.00 "
4500202271,08/22/2025,2025,Q3,08,10/21/2025,CA,1710,00100,120,Each,11,HKI,HKI63993,8.80945E+12,Pore Cleansing Balm BHA 80 g,"$1,320.00 "
4500202271,08/22/2025,2025,Q3,08,10/21/2025,CA,1710,00110,120,Each,11,HKI,HKI63994,8.80945E+12,Pore Cleansing Balm PHA 80 g,"$1,320.00 "
4500202271,08/22/2025,2025,Q3,08,10/21/2025,CA,1710,00120,108,Each,18,HKI,HKI23333,8.80965E+12,Vitamin C Glow Serum 1.01 fl oz (30ml),"$1,944.00 "
4500202271,08/22/2025,2025,Q3,08,10/21/2025,CA,1710,00130,72,Each,16,HKI,HKI23335,8.80965E+12,Vitamin C Glow Mask 2.36 fl oz (70ml),"$1,152.00 "
4500202271,08/22/2025,2025,Q3,08,10/21/2025,CA,1710,00140,60,Each,14,HKI,HKI23334,8.80965E+12,Vit C Glow Powder Cleanser 70g,$840.00 
4500202341,08/22/2025,2025,Q3,08,10/21/2025,KY,1712,00010,90,Each,9,PNA,PNA09337,8.8097E+12,Bak Ret Yam Firm Crm Coat Msk 20g 5 ea,$810.00 
4500202342,08/22/2025,2025,Q3,08,10/21/2025,CA,1710,00010,90,Each,9,PNA,PNA09337,8.8097E+12,Bak Ret Yam Firm Crm Coat Msk 20g 5 ea,$810.00 
4500202416,08/26/2025,2025,Q3,08,09/26/2025,CA,1710,00010,24,Each,4.66,APB,APB68545,8.80987E+12,Exsome Niacinamide EX Cream 55ml,$111.84 
4500202416,08/26/2025,2025,Q3,08,09/26/2025,CA,1710,00020,40,Each,4.66,APB,APB68540,8.80987E+12,Exosome Collagen EX Serum 40ml,$186.40 
4500202416,08/26/2025,2025,Q3,08,09/26/2025,CA,1710,00030,20,Each,4.66,APB,APB68539,8.80987E+12,Exosome Vitamin C EX Serum 40ml,$93.20 
4500202416,08/26/2025,2025,Q3,08,09/26/2025,CA,1710,00040,60,Each,15.4,DMX,DMX48086,8.80989E+12,TX Ampoule Rx 1.01 fl oz (30 ml),$924.00 
4500202416,08/26/2025,2025,Q3,08,09/26/2025,CA,1710,00050,224,Each,4.66,APB,APB68517,8.80987E+12,Tranex Acid Niacin Body Lotion 300ml,"$1,043.84 "
4500202416,08/26/2025,2025,Q3,08,09/26/2025,CA,1710,00060,120,Each,17.85,DMX,DMX48150,8.80989E+12,Extra Whitening Ampoule 30 ml,"$2,142.00 "
4500202416,08/26/2025,2025,Q3,08,09/26/2025,CA,1710,00070,28,Each,17.69,DMX,DMX48164,8.80989E+12,ECM Neck Barrier Cream 1.69 fl oz,$495.32 
4500202416,08/26/2025,2025,Q3,08,09/26/2025,CA,1710,00080,20,Each,4.66,APB,APB68415,8.80987E+12,Coenzyme Q10 Ret Ampoule Serum 40ml,$93.20 
4500202416,08/26/2025,2025,Q3,08,09/26/2025,CA,1710,00090,32,Each,13.2,DMX,DMX48236,8.80989E+12,Peel Shot Exfoliant Rice Ampoule 80ml,$422.40 
4500202416,08/26/2025,2025,Q3,08,09/26/2025,CA,1710,00100,60,Each,4.66,APB,APB68401,8.80987E+12,Glutath Niacin Toner Pad 60 Pads 100ml,$279.60 
4500202416,08/26/2025,2025,Q3,08,09/26/2025,CA,1710,00110,36,Each,4.66,APB,APB68400,8.80987E+12,Glutathione Niacinamide Cln Water 160ml,$167.76 
4500202416,08/26/2025,2025,Q3,08,09/26/2025,CA,1710,00120,24,Each,4.66,APB,APB68399,8.80987E+12,Glutathione Niacinamide Cleans Blm 80ml,$111.84 
4500202416,08/26/2025,2025,Q3,08,09/26/2025,CA,1710,00130,110,Each,5.19,APB,APB68331,8.80987E+12,Glut Niacin Sheet Mask 10 Pack 25ml,$570.90 
4500202416,08/26/2025,2025,Q3,08,09/26/2025,CA,1710,00140,48,Each,13.2,DMX,DMX48237,8.80989E+12,Peel Sht Exfol Blck Rce Ampoule 2.7floz,$633.60 
4500202416,08/26/2025,2025,Q3,08,09/26/2025,CA,1710,00150,800,Each,5.01,APB,APB68274,8.80987E+12,Glutath Niacinamide Body Lotion 300ml,"$4,008.00 "
4500202416,08/26/2025,2025,Q3,08,09/26/2025,CA,1710,00160,18,Each,17.2,DMX,DMX48245,8.80989E+12,Facephalt Tightening Cream 50ml,$309.60 
4500202417,08/26/2025,2025,Q3,08,10/01/2025,KY,1712,00010,368,Each,13.2,DMX,DMX48236,8.80989E+12,Peel Shot Exfoliant Rice Ampoule 80ml,"$4,857.60 "
4500202417,08/26/2025,2025,Q3,08,10/01/2025,KY,1712,00020,120,Each,17.85,DMX,DMX48150,8.80989E+12,Extra Whitening Ampoule 30 ml,"$2,142.00 "
4500202417,08/26/2025,2025,Q3,08,10/01/2025,KY,1712,00030,400,Each,13.2,DMX,DMX48237,8.80989E+12,Peel Sht Exfol Blck Rce Ampoule 2.7floz,"$5,280.00 "
4500202417,08/26/2025,2025,Q3,08,10/01/2025,KY,1712,00040,216,Each,17.2,DMX,DMX48245,8.80989E+12,Facephalt Tightening Cream 50ml,"$3,715.20 "
4500202417,08/26/2025,2025,Q3,08,10/01/2025,KY,1712,00050,24,Each,6.12,OOT,OOT81296,8.80935E+12,OTD Peptide Skin Barrier Cream 50ml,$146.88 
4500202417,08/26/2025,2025,Q3,08,10/01/2025,KY,1712,00060,40,Each,4.66,APB,APB68540,8.80987E+12,Exosome Collagen EX Serum 40ml,$186.40 
4500202417,08/26/2025,2025,Q3,08,10/01/2025,KY,1712,00070,120,Each,5.01,APB,APB68267,8.80987E+12,Glutath Niacinamide Ampoule Serum 40ml,$601.20 
4500202417,08/26/2025,2025,Q3,08,10/01/2025,KY,1712,00080,608,Each,4.66,APB,APB68517,8.80987E+12,Tranex Acid Niacin Body Lotion 300ml,"$2,833.28 "
4500202417,08/26/2025,2025,Q3,08,10/01/2025,KY,1712,00090,96,Each,4.66,APB,APB68429,8.80987E+12,Kojic Acid Vitamin C Facial Cream 55ml,$447.36 
4500202417,08/26/2025,2025,Q3,08,10/01/2025,KY,1712,00100,72,Each,4.66,APB,APB68422,8.80987E+12,Urea Hyaluronic Acid Facial Cream 55ml,$335.52 
4500202417,08/26/2025,2025,Q3,08,10/01/2025,KY,1712,00110,20,Each,4.66,APB,APB68417,8.80987E+12,Ferulic Acid Vit C Ampoule Serum 40ml,$93.20 
4500202417,08/26/2025,2025,Q3,08,10/01/2025,KY,1712,00120,100,Each,4.66,APB,APB68413,8.80987E+12,Kojic Acid Vit C Ampoule Serum 40ml,$466.00 
4500202417,08/26/2025,2025,Q3,08,10/01/2025,KY,1712,00130,40,Each,4.66,APB,APB68410,8.80987E+12,Zinc Niacinamide Ampoule Serum 40ml,$186.40 
4500202417,08/26/2025,2025,Q3,08,10/01/2025,KY,1712,00140,120,Each,5.01,APB,APB68276,8.80987E+12,Glutath Niacinamide Sunscreen 40ml,$601.20 
4500202417,08/26/2025,2025,Q3,08,10/01/2025,KY,1712,00150,608,Each,5.01,APB,APB68274,8.80987E+12,Glutath Niacinamide Body Lotion 300ml,"$3,046.08 "
4500202417,08/26/2025,2025,Q3,08,10/01/2025,KY,1712,00160,256,Each,5.01,APB,APB68273,8.80987E+12,Glutath Niacinamide Body Wash 300ml,"$1,282.56 "
4500202417,08/26/2025,2025,Q3,08,10/01/2025,KY,1712,00170,24,Each,5.01,APB,APB68271,8.80987E+12,Glutath Niacinamide Mist Essence 105ml,$120.24 
4500202418,08/26/2025,2025,Q3,08,09/26/2025,CA,1710,00010,20,Each,11.48,PNA,PNA09301,8.8097E+12,Cica Serum Cushion 24N Nat Nude 15g,$229.60 
4500202419,08/26/2025,2025,Q3,08,09/26/2025,CA,1710,00010,24,Each,1,HBF,HBF94928,8.80962E+12,Pepperoni Pizza Popcorn 80 g,$24.00 
4500202419,08/26/2025,2025,Q3,08,09/26/2025,CA,1710,00020,40,Each,3.24,HBF,HBF94450,8.80962E+12,HBAF Wasabi Almond 120 g,$129.60 
4500202419,08/26/2025,2025,Q3,08,09/26/2025,CA,1710,00030,24,Each,1,HBF,HBF45058,8.80028E+12,Sweet Potato Popcorn 80 g,$24.00 
4500202419,08/26/2025,2025,Q3,08,09/26/2025,CA,1710,00040,60,Each,1,HBF,HBF45029,8.80028E+12,Caramel Cheese Popcorn 80g,$60.00 
4500202420,08/26/2025,2025,Q3,08,10/01/2025,KY,1712,00010,120,Each,7.99,LFT,LFT67921,8.80592E+12,Lacto Fit Gold 100 g,$958.80 
4500202420,08/26/2025,2025,Q3,08,10/01/2025,KY,1712,00020,36,Each,1,HBF,HBF94948,8.80962E+12,Butter Squid Popcorn 80 g,$36.00 
4500202420,08/26/2025,2025,Q3,08,10/01/2025,KY,1712,00030,20,Each,3.24,HBF,HBF94900,8.80962E+12,Choco Churros Almond 120 g,$64.80 
4500202420,08/26/2025,2025,Q3,08,10/01/2025,KY,1712,00040,80,Each,3.24,HBF,HBF94494,8.80962E+12,HBAF Garlic Bread Almond 120 g,$259.20 
4500202420,08/26/2025,2025,Q3,08,10/01/2025,KY,1712,00050,36,Each,1,HBF,HBF45061,8.80028E+12,Ttekbokki Popcorn 80 g,$36.00 
4500202421,08/26/2025,2025,Q3,08,09/25/2025,CA,1710,00010,10,Each,8.48,GBL,GBL54060,8.80974E+12,Pink Cloud Cleansing Foam 150 ml,$84.80 
4500202421,08/26/2025,2025,Q3,08,09/25/2025,CA,1710,00020,30,Each,13.38,GBL,GBL25102,8.80614E+12,PDRN Vita Toning Ampoule 30 ml,$401.40 
4500202421,08/26/2025,2025,Q3,08,09/25/2025,CA,1710,00040,10,Each,11.74,GWU,GWU07390,8.8097E+12,Sea Salt Therapy Shampoo 500g,$117.40 
4500202421,08/26/2025,2025,Q3,08,09/25/2025,CA,1710,00050,40,Each,8.75,GWU,GWU07028,8.8097E+12,Sea Salt Therapy Scalp Scaler 120g,$350.00 
4500202421,08/26/2025,2025,Q3,08,09/25/2025,CA,1710,00060,10,Each,7.14,GBL,GBL54124,8.80974E+12,PDRN Rejuvenating Mask 5 Pack 25ml,$71.40 
4500202421,08/26/2025,2025,Q3,08,09/25/2025,CA,1710,00070,900,Each,2.13,NRP,NRP48814,8.80617E+12,NRP Aloe Vera Watery Gel 300ml,"$1,917.00 "
4500202421,08/26/2025,2025,Q3,08,09/25/2025,CA,1710,00080,25,Each,11.26,MVY,MVY80264,8.80985E+12,MVY Art Sooth Acne Pad Refill 70ea 160g,$281.50 
4500202422,08/26/2025,2025,Q3,08,09/30/2025,KY,1712,00020,30,Each,12.92,SGE,SGE02239,8.80025E+12,Dp Coll Ret Boost-Up Mask 4 ct 25g,$387.60 
4500202422,08/26/2025,2025,Q3,08,09/30/2025,KY,1712,00030,24,Each,5.16,NRP,NRP49010,8.80617E+12,Mild and Mst Aloe Vera Water Gel 250ml,$123.84 
4500202422,08/26/2025,2025,Q3,08,09/30/2025,KY,1712,00040,5448,Each,2.13,NRP,NRP48814,8.80617E+12,NRP Aloe Vera Watery Gel 300ml,"$11,604.24 "
4500202422,08/26/2025,2025,Q3,08,09/30/2025,KY,1712,00050,48,Each,10.46,NRP,NRP45415,8.80617E+12,Fresh Powdery Sun Stick SPF50 0.71 oz,$502.08 
4500202422,08/26/2025,2025,Q3,08,09/30/2025,KY,1712,00060,20,Each,13.82,MVY,MVY80193,8.80985E+12,MVY Art Sooth Acne Tone Pad 70 ea 160g,$276.40 
4500202422,08/26/2025,2025,Q3,08,09/30/2025,KY,1712,00070,20,Each,13.31,MVY,MVY54767,8.80974E+12,MVY Arti Cica Refresh Calm Serum 30ml,$266.20 
4500202422,08/26/2025,2025,Q3,08,09/30/2025,KY,1712,00080,15,Each,10.4,MUZ,MUZ58047,8.80984E+12,Objct Mat Lip Tnt 007 Rare.20 floz,$156.00 
4500202422,08/26/2025,2025,Q3,08,09/30/2025,KY,1712,00090,120,Each,8.75,GWU,GWU07028,8.8097E+12,Sea Salt Therapy Scalp Scaler 120g,"$1,050.00 "
4500202422,08/26/2025,2025,Q3,08,09/30/2025,KY,1712,00100,350,Each,11.79,EQQ,EQQ45319,8.80988E+12,EQQ Swimming Pool Toner 300ml,"$4,126.50 "
4500202422,08/26/2025,2025,Q3,08,09/30/2025,KY,1712,00110,12,Each,14.72,GBL,GBL51029,8.80989E+12,Crys Drp Hydra Boost Ampoule 30ml,$176.64 
4500203745,09/02/2025,2025,Q3,09,10/02/2025,CA,1710,00010,60,Each,11.48,PNA,PNA09318,8.8097E+12,Cica Serum Cushion 19N Ntrl Porceln 15g,$688.80 
4500203745,09/02/2025,2025,Q3,09,10/02/2025,CA,1710,00020,60,Each,11.48,PNA,PNA09301,8.8097E+12,Cica Serum Cushion 24N Nat Nude 15g,$688.80 
4500203748,09/02/2025,2025,Q3,09,10/07/2025,KY,1712,00010,60,Each,3.24,HBF,HBF94533,8.80962E+12,HBAF Laver Almond 120 g,$194.40 
4500203748,09/02/2025,2025,Q3,09,10/07/2025,KY,1712,00020,80,Each,3.24,HBF,HBF94578,8.80962E+12,HBAF Roasted Onion Almond 120 g,$259.20 
4500203748,09/02/2025,2025,Q3,09,10/07/2025,KY,1712,00030,120,Each,3.24,HBF,HBF94900,8.80962E+12,Choco Churros Almond 120 g,$388.80 
4500203748,09/02/2025,2025,Q3,09,10/07/2025,KY,1712,00040,24,Each,1,HBF,HBF94948,8.80962E+12,Butter Squid Popcorn 80 g,$24.00 
4500203748,09/02/2025,2025,Q3,09,10/07/2025,KY,1712,00050,24,Each,1,HBF,HBF94953,8.80962E+12,French Fried And Ketchup Popcorn 80 g,$24.00 
4500203748,09/02/2025,2025,Q3,09,10/07/2025,KY,1712,00060,300,Each,7.99,LFT,LFT67921,8.80592E+12,Lacto Fit Gold 100 g,"$2,397.00 "
4500203748,09/02/2025,2025,Q3,09,10/07/2025,KY,1712,00070,48,Each,10.51,LFT,LFT69271,8.80592E+12,Lacto Fit Glucose Control 120 g,$504.48 
4500203748,09/02/2025,2025,Q3,09,10/07/2025,KY,1712,00080,90,Each,9.53,LFT,LFT69431,8.80592E+12,Lacto Fit Liver Support 120 g,$857.70 
4500203748,09/02/2025,2025,Q3,09,10/07/2025,KY,1712,00090,36,Each,1,HBF,HBF45025,8.80028E+12,Salted Milk Popcorn 80 g,$36.00 
4500203748,09/02/2025,2025,Q3,09,10/07/2025,KY,1712,00100,24,Each,1,HBF,HBF45027,8.80028E+12,Cheddar Cheese Popcorn 80 g,$24.00 
4500203748,09/02/2025,2025,Q3,09,10/07/2025,KY,1712,00110,24,Each,1,HBF,HBF45028,8.80028E+12,Milk Caramel Popcorn 80 g,$24.00 
4500203748,09/02/2025,2025,Q3,09,10/07/2025,KY,1712,00120,48,Each,1,HBF,HBF45057,8.80028E+12,Baked Corn Popcorn 80 g,$48.00 
4500203748,09/02/2025,2025,Q3,09,10/07/2025,KY,1712,00130,72,Each,1,HBF,HBF45061,8.80028E+12,Ttekbokki Popcorn 80 g,$72.00 
4500203748,09/02/2025,2025,Q3,09,10/07/2025,KY,1712,00140,40,Each,3.24,HBF,HBF94201,8.80962E+12,HBAF Caramel Salt Almond & Pretzel 120g,$129.60 
4500203748,09/02/2025,2025,Q3,09,10/07/2025,KY,1712,00150,60,Each,3.24,HBF,HBF94449,8.80962E+12,HBAF Honey Butter Almond 120 g,$194.40 
4500203748,09/02/2025,2025,Q3,09,10/07/2025,KY,1712,00160,200,Each,3.24,HBF,HBF94450,8.80962E+12,HBAF Wasabi Almond 120 g,$648.00 
4500203748,09/02/2025,2025,Q3,09,10/07/2025,KY,1712,00170,40,Each,3.24,HBF,HBF94451,8.80962E+12,HBAF Baked Corn Almond 120 g,$129.60 
4500203748,09/02/2025,2025,Q3,09,10/07/2025,KY,1712,00180,40,Each,3.24,HBF,HBF94479,8.80962E+12,Starlight Pangpang Almond 120 g,$129.60 
4500203748,09/02/2025,2025,Q3,09,10/07/2025,KY,1712,00190,100,Each,3.24,HBF,HBF94480,8.80962E+12,Jeju Matcha Almond 120 g,$324.00 
4500203748,09/02/2025,2025,Q3,09,10/07/2025,KY,1712,00200,80,Each,3.24,HBF,HBF94494,8.80962E+12,HBAF Garlic Bread Almond 120 g,$259.20 
4500203743,09/02/2025,2025,Q3,09,10/02/2025,CA,1710,00010,144,Each,9.5,DMX,DMX48206,8.80989E+12,Cleansing Clay Balm 100 ml,"$1,368.00 "
4500203743,09/02/2025,2025,Q3,09,10/02/2025,CA,1710,00020,120,Each,4.66,APB,APB68325,8.80987E+12,AHA BHA PHA Cent Facial Toner 160ml,$559.20 
4500203743,09/02/2025,2025,Q3,09,10/02/2025,CA,1710,00030,12,Each,18.8,DMX,DMX48110,8.80989E+12,BP Pore Ampoule 30 ml,$225.60 
4500203743,09/02/2025,2025,Q3,09,10/02/2025,CA,1710,00040,120,Each,4.66,APB,APB68326,8.80987E+12,Hyal Acid CeraHA B5 Mist Essence 105ml,$559.20 
4500203743,09/02/2025,2025,Q3,09,10/02/2025,CA,1710,00050,24,Each,22.18,DMX,DMX48198,8.80989E+12,Pic Shot Pig Correct Calc Ample 30ml,$532.32 
4500203743,09/02/2025,2025,Q3,09,10/02/2025,CA,1710,00060,120,Each,4.66,APB,APB68327,8.80987E+12,Ret Vit C Vit E Mist Essence 105ml,$559.20 
4500203743,09/02/2025,2025,Q3,09,10/02/2025,CA,1710,00070,26,Each,5.19,APB,APB68523,8.80987E+12,Tranex Acd Niacin Sht Msk 10Msks 25mlEa,$134.94 
4500203743,09/02/2025,2025,Q3,09,10/02/2025,CA,1710,00080,144,Each,4.66,APB,APB68328,8.80987E+12,Sal Acid BHA Arb Mist Essence 105ml,$671.04 
4500203743,09/02/2025,2025,Q3,09,10/02/2025,CA,1710,00090,180,Each,16,DMX,DMX48197,8.80989E+12,Cyano Pink Spicule Cream 50 ml,"$2,880.00 "
4500203743,09/02/2025,2025,Q3,09,10/02/2025,CA,1710,00100,120,Each,4.66,APB,APB68329,8.80987E+12,Coll EGF Mist Essence 105ml,$559.20 
4500203743,09/02/2025,2025,Q3,09,10/02/2025,CA,1710,00110,144,Each,4.66,APB,APB68330,8.80987E+12,AHA BHA PHA Cent Mist Essence 105ml,$671.04 
4500203743,09/02/2025,2025,Q3,09,10/02/2025,CA,1710,00120,150,Each,17.5,DMX,DMX48196,8.80989E+12,Cyano Pink Spicule Serum 30 ml,"$2,625.00 "
4500203743,09/02/2025,2025,Q3,09,10/02/2025,CA,1710,00130,100,Each,5.19,APB,APB68331,8.80987E+12,Glut Niacin Sheet Mask 10 Pack 25ml,$519.00 
4500203743,09/02/2025,2025,Q3,09,10/02/2025,CA,1710,00140,40,Each,4.66,APB,APB68387,8.80987E+12,Tranex Acid Niacin Ampoule Serum 40ml,$186.40 
4500203743,09/02/2025,2025,Q3,09,10/02/2025,CA,1710,00150,84,Each,12.34,DMX,DMX48135,8.80989E+12,Papaya Powder Wash 1.7 oz (50 g),"$1,036.56 "
4500203743,09/02/2025,2025,Q3,09,10/02/2025,CA,1710,00160,20,Each,25.78,DMX,DMX48193,8.80989E+12,Eyephalt Eyecream For Eyebags 10ml,$515.60 
4500203743,09/02/2025,2025,Q3,09,10/02/2025,CA,1710,00170,96,Each,4.66,APB,APB68390,8.80987E+12,Tranex Acid Niacin Facial Cream 55ml,$447.36 
4500203743,09/02/2025,2025,Q3,09,10/02/2025,CA,1710,00180,80,Each,8.2,DMX,DMX48186,8.80989E+12,Bond Clin I Prot Bond Rem Shampoo 400ml,$656.00 
4500203743,09/02/2025,2025,Q3,09,10/02/2025,CA,1710,00190,60,Each,4.66,APB,APB68401,8.80987E+12,Glutath Niacin Toner Pad 60 Pads 100ml,$279.60 
4500203743,09/02/2025,2025,Q3,09,10/02/2025,CA,1710,00200,120,Each,4.66,APB,APB68402,8.80987E+12,Azelaic Acid Pep Ampoule Serum 40ml,$559.20 
4500203743,09/02/2025,2025,Q3,09,10/02/2025,CA,1710,00210,26,Each,5.19,APB,APB68521,8.80987E+12,Ret Vit C Vit E Sht Msk 10 Msks 25ml Ea,$134.94 
4500203743,09/02/2025,2025,Q3,09,10/02/2025,CA,1710,00220,40,Each,11.94,DMX,DMX48185,8.80989E+12,Bond Clin Prot Bond Remod Clinic 250ml,$477.60 
4500203743,09/02/2025,2025,Q3,09,10/02/2025,CA,1710,00230,40,Each,4.66,APB,APB68410,8.80987E+12,Zinc Niacinamide Ampoule Serum 40ml,$186.40 
4500203743,09/02/2025,2025,Q3,09,10/02/2025,CA,1710,00240,160,Each,4.66,APB,APB68517,8.80987E+12,Tranex Acid Niacin Body Lotion 300ml,$745.60 
4500203743,09/02/2025,2025,Q3,09,10/02/2025,CA,1710,00250,180,Each,4.66,APB,APB68413,8.80987E+12,Kojic Acid Vit C Ampoule Serum 40ml,$838.80 
4500203743,09/02/2025,2025,Q3,09,10/02/2025,CA,1710,00260,150,Each,11.5,DMX,DMX48158,8.80989E+12,Cemenrete Calcium Volume Multi Balm 9g,"$1,725.00 "
4500203743,09/02/2025,2025,Q3,09,10/02/2025,CA,1710,00270,120,Each,4.66,APB,APB68418,8.80987E+12,Azelaic Acid Peptide Facial Cream 55ml,$559.20 
4500203743,09/02/2025,2025,Q3,09,10/02/2025,CA,1710,00280,72,Each,4.66,APB,APB68422,8.80987E+12,Urea Hyaluronic Acid Facial Cream 55ml,$335.52 
4500203743,09/02/2025,2025,Q3,09,10/02/2025,CA,1710,00290,60,Each,7,DMX,DMX48153,8.80989E+12,Astax Whiten Amp Mask Pack 25g 5 Ea,$420.00 
4500203743,09/02/2025,2025,Q3,09,10/02/2025,CA,1710,00300,48,Each,4.66,APB,APB68426,8.80987E+12,Zinc Niacinamide Facial Cream 55ml,$223.68 
4500203743,09/02/2025,2025,Q3,09,10/02/2025,CA,1710,00310,126,Each,12,DMX,DMX48143,8.80989E+12,Lipino Oil Ampoule 30 ml,"$1,512.00 "
4500203743,09/02/2025,2025,Q3,09,10/02/2025,CA,1710,00320,162,Each,9.5,DMX,DMX48151,8.80989E+12,AntiFatty Acid Gel Foam Cleanser 150ml,"$1,539.00 "
4500203743,09/02/2025,2025,Q3,09,10/02/2025,CA,1710,00330,48,Each,4.66,APB,APB68429,8.80987E+12,Kojic Acid Vitamin C Facial Cream 55ml,$223.68 
4500203743,09/02/2025,2025,Q3,09,10/02/2025,CA,1710,00340,64,Each,4.66,APB,APB68515,8.80987E+12,Retinol Vit C Vit E Body Lotion 300ml,$298.24 
4500203743,09/02/2025,2025,Q3,09,10/02/2025,CA,1710,00350,66,Each,5.58,DMX,DMX48147,8.80989E+12,Oyster Pep-3 Renewal Mask Pck 3 g 5 Ea,$368.28 
4500203743,09/02/2025,2025,Q3,09,10/02/2025,CA,1710,00360,48,Each,4.66,APB,APB68506,8.80987E+12,PDRN Vitamin C Facial Cream 55ml,$223.68 
4500203743,09/02/2025,2025,Q3,09,10/02/2025,CA,1710,00370,60,Each,4.66,APB,APB68508,8.80987E+12,PDRN Vitamin C Ampoule Serum 40ml,$279.60 
4500203743,09/02/2025,2025,Q3,09,10/02/2025,CA,1710,00380,120,Each,4.66,APB,APB68324,8.80987E+12,Coll EGF Peptide Facial Toner 160ml,$559.20 
4500203743,09/02/2025,2025,Q3,09,10/02/2025,CA,1710,00390,120,Each,5.01,APB,APB68267,8.80987E+12,Glutath Niacinamide Ampoule Serum 40ml,$601.20 
4500203743,09/02/2025,2025,Q3,09,10/02/2025,CA,1710,00400,40,Each,4.68,OOT,OOT81372,8.80935E+12,OTD Dk Spt Vita C Serum Msk 10 Sh 25gea,$187.20 
4500203743,09/02/2025,2025,Q3,09,10/02/2025,CA,1710,00410,240,Each,5.01,APB,APB68268,8.80987E+12,Glutath Niacinamide Facial Cream 55ml,"$1,202.40 "
4500203743,09/02/2025,2025,Q3,09,10/02/2025,CA,1710,00420,126,Each,14,DMX,DMX43446,8.8095E+12,TX - Ampoule Cleanser 100ml,"$1,764.00 "
4500203743,09/02/2025,2025,Q3,09,10/02/2025,CA,1710,00430,20,Each,4.99,OOT,OOT81319,8.80935E+12,OOTD Dark Spot Vitamin C Toner 250ml,$99.80 
4500203743,09/02/2025,2025,Q3,09,10/02/2025,CA,1710,00440,320,Each,5.01,APB,APB68273,8.80987E+12,Glutath Niacinamide Body Wash 300ml,"$1,603.20 "
4500203743,09/02/2025,2025,Q3,09,10/02/2025,CA,1710,00450,20,Each,3.38,OOT,OOT81282,8.80935E+12,OOTD Hydrat Serum Sheet Masks 5ea 25g,$67.60 
4500203743,09/02/2025,2025,Q3,09,10/02/2025,CA,1710,00460,960,Each,5.01,APB,APB68274,8.80987E+12,Glutath Niacinamide Body Lotion 300ml,"$4,809.60 "
4500203743,09/02/2025,2025,Q3,09,10/02/2025,CA,1710,00470,120,Each,4.66,APB,APB68548,8.80987E+12,Exsome Coll EX Crm Facial Cream 55ml,$559.20 
4500203743,09/02/2025,2025,Q3,09,10/02/2025,CA,1710,00480,360,Each,5.01,APB,APB68276,8.80987E+12,Glutath Niacinamide Sunscreen 40ml,"$1,803.60 "
4500203743,09/02/2025,2025,Q3,09,10/02/2025,CA,1710,00490,72,Each,4.66,APB,APB68545,8.80987E+12,Exsome Niacinamide EX Cream 55ml,$335.52 
4500203743,09/02/2025,2025,Q3,09,10/02/2025,CA,1710,00500,120,Each,4.66,APB,APB68311,8.80987E+12,Hyal Acid Cera HA B5 Ample Serum 40ml,$559.20 
4500203743,09/02/2025,2025,Q3,09,10/02/2025,CA,1710,00510,120,Each,4.66,APB,APB68312,8.80987E+12,Ret Vit C Vit E Ample Serum 40ml,$559.20 
4500203743,09/02/2025,2025,Q3,09,10/02/2025,CA,1710,00520,66,Each,11.5,DMX,DMX48246,8.80989E+12,Peel Shot Glow White Rice Toner 200ml,$759.00 
4500203743,09/02/2025,2025,Q3,09,10/02/2025,CA,1710,00530,120,Each,4.66,APB,APB68313,8.80987E+12,Sal Acid BHA Arb Ample Serum 40ml,$559.20 
4500203743,09/02/2025,2025,Q3,09,10/02/2025,CA,1710,00540,18,Each,17.2,DMX,DMX48245,8.80989E+12,Facephalt Tightening Cream 50ml,$309.60 
4500203743,09/02/2025,2025,Q3,09,10/02/2025,CA,1710,00550,120,Each,4.66,APB,APB68314,8.80987E+12,Coll EGF Peptide Ample Serum 40ml,$559.20 
4500203743,09/02/2025,2025,Q3,09,10/02/2025,CA,1710,00560,100,Each,4.66,APB,APB68540,8.80987E+12,Exosome Collagen EX Serum 40ml,$466.00 
4500203743,09/02/2025,2025,Q3,09,10/02/2025,CA,1710,00570,120,Each,4.66,APB,APB68315,8.80987E+12,AHA BHA PHA Cent Ample Serum 40ml,$559.20 
4500203743,09/02/2025,2025,Q3,09,10/02/2025,CA,1710,00580,60,Each,4.66,APB,APB68539,8.80987E+12,Exosome Vitamin C EX Serum 40ml,$279.60 
4500203743,09/02/2025,2025,Q3,09,10/02/2025,CA,1710,00590,144,Each,4.66,APB,APB68316,8.80987E+12,Hyal Acid Cera HA B5 Facial Cm 55ml,$671.04 
4500203743,09/02/2025,2025,Q3,09,10/02/2025,CA,1710,00600,368,Each,13.2,DMX,DMX48237,8.80989E+12,Peel Sht Exfol Blck Rce Ampoule 2.7floz,"$4,857.60 "
4500203743,09/02/2025,2025,Q3,09,10/02/2025,CA,1710,00610,144,Each,4.66,APB,APB68317,8.80987E+12,Ret Vit C Vit E Facial Cream 55ml,$671.04 
4500203743,09/02/2025,2025,Q3,09,10/02/2025,CA,1710,00620,144,Each,4.66,APB,APB68318,8.80987E+12,Sal Acid BHA Arb Facial Cream 55ml,$671.04 
4500203743,09/02/2025,2025,Q3,09,10/02/2025,CA,1710,00630,224,Each,13.2,DMX,DMX48236,8.80989E+12,Peel Shot Exfoliant Rice Ampoule 80ml,"$2,956.80 "
4500203743,09/02/2025,2025,Q3,09,10/02/2025,CA,1710,00640,144,Each,4.66,APB,APB68319,8.80987E+12,Coll EGF Peptide Facial Cream 55ml,$671.04 
4500203743,09/02/2025,2025,Q3,09,10/02/2025,CA,1710,00650,120,Each,4.66,APB,APB68538,8.80987E+12,Exosome Retinol EX Serum 40ml,$559.20 
4500203743,09/02/2025,2025,Q3,09,10/02/2025,CA,1710,00660,144,Each,4.66,APB,APB68320,8.80987E+12,AHA BHA PHA Cent Facial Cream 55ml,$671.04 
4500203743,09/02/2025,2025,Q3,09,10/02/2025,CA,1710,00670,150,Each,9,DMX,DMX48208,8.80989E+12,Bio-Spicule Lip Shot Soft Touch 4ml,"$1,350.00 "
4500203743,09/02/2025,2025,Q3,09,10/02/2025,CA,1710,00680,120,Each,4.66,APB,APB68321,8.80987E+12,Hyal Acid Cera HA B5 Facial Toner 160ml,$559.20 
4500203743,09/02/2025,2025,Q3,09,10/02/2025,CA,1710,00690,120,Each,4.66,APB,APB68322,8.80987E+12,Ret Vit C Vit E Facial Toner 160ml,$559.20 
4500203743,09/02/2025,2025,Q3,09,10/02/2025,CA,1710,00700,150,Each,9,DMX,DMX48207,8.80989E+12,Bio-Spicule Lip Shot Hard Touch 4ml,"$1,350.00 "
4500203743,09/02/2025,2025,Q3,09,10/02/2025,CA,1710,00710,120,Each,4.66,APB,APB68323,8.80987E+12,Sal Acid BHA Arb Facial Toner 160 ml,$559.20 
4500203743,09/02/2025,2025,Q3,09,10/02/2025,CA,1710,00720,180,Each,4.66,APB,APB68537,8.80987E+12,Exosome Niacinamide EX Serum 40ml,$838.80 
4500203744,09/02/2025,2025,Q3,09,10/07/2025,KY,1712,00010,24,Each,10.5,DMX,DMX48039,8.80989E+12,BP Exfoliating Pad 70 Pads 165ml,$252.00 
4500203744,09/02/2025,2025,Q3,09,10/07/2025,KY,1712,00020,189,Each,14,DMX,DMX43446,8.8095E+12,TX - Ampoule Cleanser 100ml,"$2,646.00 "
4500203744,09/02/2025,2025,Q3,09,10/07/2025,KY,1712,00030,14,Each,18.46,DMX,DMX48115,8.80989E+12,EX Volume Firm Calcium Int Cream 50ml,$258.44 
4500203744,09/02/2025,2025,Q3,09,10/07/2025,KY,1712,00040,84,Each,12.34,DMX,DMX48135,8.80989E+12,Papaya Powder Wash 1.7 oz (50 g),"$1,036.56 "
4500203744,09/02/2025,2025,Q3,09,10/07/2025,KY,1712,00050,24,Each,15.4,DMX,DMX48086,8.80989E+12,TX Ampoule Rx 1.01 fl oz (30 ml),$369.60 
4500203744,09/02/2025,2025,Q3,09,10/07/2025,KY,1712,00060,189,Each,12,DMX,DMX48143,8.80989E+12,Lipino Oil Ampoule 30 ml,"$2,268.00 "
4500203744,09/02/2025,2025,Q3,09,10/07/2025,KY,1712,00070,434,Each,14,DMX,DMX48149,8.80989E+12,Anti-Freckles Whiten Capsule Cream 50g,"$6,076.00 "
4500203744,09/02/2025,2025,Q3,09,10/07/2025,KY,1712,00080,243,Each,9.5,DMX,DMX48151,8.80989E+12,AntiFatty Acid Gel Foam Cleanser 150ml,"$2,308.50 "
4500203744,09/02/2025,2025,Q3,09,10/07/2025,KY,1712,00090,192,Each,7,DMX,DMX48153,8.80989E+12,Astax Whiten Amp Mask Pack 25g 5 Ea,"$1,344.00 "
4500203744,09/02/2025,2025,Q3,09,10/07/2025,KY,1712,00100,225,Each,11.5,DMX,DMX48158,8.80989E+12,Cemenrete Calcium Volume Multi Balm 9g,"$2,587.50 "
4500203744,09/02/2025,2025,Q3,09,10/07/2025,KY,1712,00110,60,Each,11.94,DMX,DMX48185,8.80989E+12,Bond Clin Prot Bond Remod Clinic 250ml,$716.40 
4500203744,09/02/2025,2025,Q3,09,10/07/2025,KY,1712,00120,40,Each,25.78,DMX,DMX48193,8.80989E+12,Eyephalt Eyecream For Eyebags 10ml,"$1,031.20 "
4500203744,09/02/2025,2025,Q3,09,10/07/2025,KY,1712,00130,225,Each,17.5,DMX,DMX48196,8.80989E+12,Cyano Pink Spicule Serum 30 ml,"$3,937.50 "
4500203744,09/02/2025,2025,Q3,09,10/07/2025,KY,1712,00140,270,Each,16,DMX,DMX48197,8.80989E+12,Cyano Pink Spicule Cream 50 ml,"$4,320.00 "
4500203744,09/02/2025,2025,Q3,09,10/07/2025,KY,1712,00150,36,Each,22.18,DMX,DMX48198,8.80989E+12,Pic Shot Pig Correct Calc Ample 30ml,$798.48 
4500203744,09/02/2025,2025,Q3,09,10/07/2025,KY,1712,00160,72,Each,9.5,DMX,DMX48206,8.80989E+12,Cleansing Clay Balm 100 ml,$684.00 
4500203744,09/02/2025,2025,Q3,09,10/07/2025,KY,1712,00170,225,Each,9,DMX,DMX48207,8.80989E+12,Bio-Spicule Lip Shot Hard Touch 4ml,"$2,025.00 "
4500203744,09/02/2025,2025,Q3,09,10/07/2025,KY,1712,00180,225,Each,9,DMX,DMX48208,8.80989E+12,Bio-Spicule Lip Shot Soft Touch 4ml,"$2,025.00 "
4500203744,09/02/2025,2025,Q3,09,10/07/2025,KY,1712,00190,368,Each,13.2,DMX,DMX48236,8.80989E+12,Peel Shot Exfoliant Rice Ampoule 80ml,"$4,857.60 "
4500203744,09/02/2025,2025,Q3,09,10/07/2025,KY,1712,00200,384,Each,13.2,DMX,DMX48237,8.80989E+12,Peel Sht Exfol Blck Rce Ampoule 2.7floz,"$5,068.80 "
4500203744,09/02/2025,2025,Q3,09,10/07/2025,KY,1712,00210,20,Each,10.4,DMX,DMX48243,8.80989E+12,DMX Melting Cleanser 150 ml,$208.00 
4500203744,09/02/2025,2025,Q3,09,10/07/2025,KY,1712,00220,132,Each,11.5,DMX,DMX48246,8.80989E+12,Peel Shot Glow White Rice Toner 200ml,"$1,518.00 "
4500203744,09/02/2025,2025,Q3,09,10/07/2025,KY,1712,00230,20,Each,4.35,OOT,OOT81207,8.80935E+12,OOTD Intensive Eye Serum 30g,$87.00 
4500203744,09/02/2025,2025,Q3,09,10/07/2025,KY,1712,00240,40,Each,4.51,OOT,OOT81276,8.80935E+12,OOTD Dark Spot Vitamin C Serum 50ml,$180.40 
4500203744,09/02/2025,2025,Q3,09,10/07/2025,KY,1712,00250,72,Each,6.12,OOT,OOT81337,8.80935E+12,OTD Glass Skn Rice Wtr Toner Pad 120ml,$440.64 
4500203744,09/02/2025,2025,Q3,09,10/07/2025,KY,1712,00260,216,Each,4.66,APB,APB68328,8.80987E+12,Sal Acid BHA Arb Mist Essence 105ml,"$1,006.56 "
4500203744,09/02/2025,2025,Q3,09,10/07/2025,KY,1712,00270,180,Each,4.66,APB,APB68327,8.80987E+12,Ret Vit C Vit E Mist Essence 105ml,$838.80 
4500203744,09/02/2025,2025,Q3,09,10/07/2025,KY,1712,00280,180,Each,4.66,APB,APB68326,8.80987E+12,Hyal Acid CeraHA B5 Mist Essence 105ml,$838.80 
4500203744,09/02/2025,2025,Q3,09,10/07/2025,KY,1712,00290,180,Each,4.66,APB,APB68325,8.80987E+12,AHA BHA PHA Cent Facial Toner 160ml,$838.80 
4500203744,09/02/2025,2025,Q3,09,10/07/2025,KY,1712,00300,180,Each,4.66,APB,APB68324,8.80987E+12,Coll EGF Peptide Facial Toner 160ml,$838.80 
4500203744,09/02/2025,2025,Q3,09,10/07/2025,KY,1712,00310,180,Each,4.66,APB,APB68323,8.80987E+12,Sal Acid BHA Arb Facial Toner 160 ml,$838.80 
4500203744,09/02/2025,2025,Q3,09,10/07/2025,KY,1712,00320,180,Each,4.66,APB,APB68322,8.80987E+12,Ret Vit C Vit E Facial Toner 160ml,$838.80 
4500203744,09/02/2025,2025,Q3,09,10/07/2025,KY,1712,00330,180,Each,4.66,APB,APB68321,8.80987E+12,Hyal Acid Cera HA B5 Facial Toner 160ml,$838.80 
4500203744,09/02/2025,2025,Q3,09,10/07/2025,KY,1712,00340,216,Each,4.66,APB,APB68320,8.80987E+12,AHA BHA PHA Cent Facial Cream 55ml,"$1,006.56 "
4500203744,09/02/2025,2025,Q3,09,10/07/2025,KY,1712,00350,216,Each,4.66,APB,APB68319,8.80987E+12,Coll EGF Peptide Facial Cream 55ml,"$1,006.56 "
4500203744,09/02/2025,2025,Q3,09,10/07/2025,KY,1712,00360,216,Each,4.66,APB,APB68318,8.80987E+12,Sal Acid BHA Arb Facial Cream 55ml,"$1,006.56 "
4500203744,09/02/2025,2025,Q3,09,10/07/2025,KY,1712,00370,216,Each,4.66,APB,APB68317,8.80987E+12,Ret Vit C Vit E Facial Cream 55ml,"$1,006.56 "
4500203744,09/02/2025,2025,Q3,09,10/07/2025,KY,1712,00380,216,Each,4.66,APB,APB68316,8.80987E+12,Hyal Acid Cera HA B5 Facial Cm 55ml,"$1,006.56 "
4500203744,09/02/2025,2025,Q3,09,10/07/2025,KY,1712,00390,180,Each,4.66,APB,APB68315,8.80987E+12,AHA BHA PHA Cent Ample Serum 40ml,$838.80 
4500203744,09/02/2025,2025,Q3,09,10/07/2025,KY,1712,00400,180,Each,4.66,APB,APB68314,8.80987E+12,Coll EGF Peptide Ample Serum 40ml,$838.80 
4500203744,09/02/2025,2025,Q3,09,10/07/2025,KY,1712,00410,180,Each,4.66,APB,APB68313,8.80987E+12,Sal Acid BHA Arb Ample Serum 40ml,$838.80 
4500203744,09/02/2025,2025,Q3,09,10/07/2025,KY,1712,00420,180,Each,4.66,APB,APB68312,8.80987E+12,Ret Vit C Vit E Ample Serum 40ml,$838.80 
4500203744,09/02/2025,2025,Q3,09,10/07/2025,KY,1712,00430,180,Each,4.66,APB,APB68311,8.80987E+12,Hyal Acid Cera HA B5 Ample Serum 40ml,$838.80 
4500203744,09/02/2025,2025,Q3,09,10/07/2025,KY,1712,00440,460,Each,5.01,APB,APB68267,8.80987E+12,Glutath Niacinamide Ampoule Serum 40ml,"$2,304.60 "
4500203744,09/02/2025,2025,Q3,09,10/07/2025,KY,1712,00450,144,Each,5.01,APB,APB68271,8.80987E+12,Glutath Niacinamide Mist Essence 105ml,$721.44 
4500203744,09/02/2025,2025,Q3,09,10/07/2025,KY,1712,00460,168,Each,5.01,APB,APB68272,8.80987E+12,Glutath Niacinamide Fac Cleanser 80ml,$841.68 
4500203744,09/02/2025,2025,Q3,09,10/07/2025,KY,1712,00470,672,Each,5.01,APB,APB68273,8.80987E+12,Glutath Niacinamide Body Wash 300ml,"$3,366.72 "
4500203744,09/02/2025,2025,Q3,09,10/07/2025,KY,1712,00480,1056,Each,5.01,APB,APB68274,8.80987E+12,Glutath Niacinamide Body Lotion 300ml,"$5,290.56 "
4500203744,09/02/2025,2025,Q3,09,10/07/2025,KY,1712,00490,1060,Each,5.01,APB,APB68276,8.80987E+12,Glutath Niacinamide Sunscreen 40ml,"$5,310.60 "
4500203744,09/02/2025,2025,Q3,09,10/07/2025,KY,1712,00500,180,Each,4.66,APB,APB68329,8.80987E+12,Coll EGF Mist Essence 105ml,$838.80 
4500203744,09/02/2025,2025,Q3,09,10/07/2025,KY,1712,00510,72,Each,4.66,APB,APB68548,8.80987E+12,Exsome Coll EX Crm Facial Cream 55ml,$335.52 
4500203744,09/02/2025,2025,Q3,09,10/07/2025,KY,1712,00520,220,Each,4.66,APB,APB68540,8.80987E+12,Exosome Collagen EX Serum 40ml,"$1,025.20 "
4500203744,09/02/2025,2025,Q3,09,10/07/2025,KY,1712,00530,20,Each,4.66,APB,APB68538,8.80987E+12,Exosome Retinol EX Serum 40ml,$93.20 
4500203744,09/02/2025,2025,Q3,09,10/07/2025,KY,1712,00540,60,Each,4.66,APB,APB68537,8.80987E+12,Exosome Niacinamide EX Serum 40ml,$279.60 
4500203744,09/02/2025,2025,Q3,09,10/07/2025,KY,1712,00550,91,Each,5.19,APB,APB68523,8.80987E+12,Tranex Acd Niacin Sht Msk 10Msks 25mlEa,$472.29 
4500203744,09/02/2025,2025,Q3,09,10/07/2025,KY,1712,00560,65,Each,5.19,APB,APB68522,8.80987E+12,Coll EGF Pep Sht Msk 10 Msks 25ml Ea,$337.35 
4500203744,09/02/2025,2025,Q3,09,10/07/2025,KY,1712,00570,26,Each,5.19,APB,APB68521,8.80987E+12,Ret Vit C Vit E Sht Msk 10 Msks 25ml Ea,$134.94 
4500203744,09/02/2025,2025,Q3,09,10/07/2025,KY,1712,00580,160,Each,4.66,APB,APB68516,8.80987E+12,Collagen EGF Peptide Body Lotion 300ml,$745.60 
4500203744,09/02/2025,2025,Q3,09,10/07/2025,KY,1712,00590,320,Each,4.66,APB,APB68515,8.80987E+12,Retinol Vit C Vit E Body Lotion 300ml,"$1,491.20 "
4500203744,09/02/2025,2025,Q3,09,10/07/2025,KY,1712,00600,100,Each,4.66,APB,APB68508,8.80987E+12,PDRN Vitamin C Ampoule Serum 40ml,$466.00 
4500203744,09/02/2025,2025,Q3,09,10/07/2025,KY,1712,00610,24,Each,4.66,APB,APB68433,8.80987E+12,Ferulic Acid Vit C Facial Cream 55ml,$111.84 
4500203744,09/02/2025,2025,Q3,09,10/07/2025,KY,1712,00620,144,Each,4.66,APB,APB68429,8.80987E+12,Kojic Acid Vitamin C Facial Cream 55ml,$671.04 
4500203744,09/02/2025,2025,Q3,09,10/07/2025,KY,1712,00630,216,Each,4.66,APB,APB68330,8.80987E+12,AHA BHA PHA Cent Mist Essence 105ml,"$1,006.56 "
4500203744,09/02/2025,2025,Q3,09,10/07/2025,KY,1712,00640,80,Each,4.66,APB,APB68387,8.80987E+12,Tranex Acid Niacin Ampoule Serum 40ml,$372.80 
4500203744,09/02/2025,2025,Q3,09,10/07/2025,KY,1712,00650,216,Each,4.66,APB,APB68389,8.80987E+12,Bakuchiol Propolis Facial Cream 55ml,"$1,006.56 "
4500203744,09/02/2025,2025,Q3,09,10/07/2025,KY,1712,00660,432,Each,4.66,APB,APB68390,8.80987E+12,Tranex Acid Niacin Facial Cream 55ml,"$2,013.12 "
4500203744,09/02/2025,2025,Q3,09,10/07/2025,KY,1712,00670,80,Each,4.66,APB,APB68402,8.80987E+12,Azelaic Acid Pep Ampoule Serum 40ml,$372.80 
4500203744,09/02/2025,2025,Q3,09,10/07/2025,KY,1712,00680,100,Each,4.66,APB,APB68406,8.80987E+12,Urea Hyaluronic Acid Ampoule Serum 40ml,$466.00 
4500203744,09/02/2025,2025,Q3,09,10/07/2025,KY,1712,00690,160,Each,4.66,APB,APB68410,8.80987E+12,Zinc Niacinamide Ampoule Serum 40ml,$745.60 
4500203744,09/02/2025,2025,Q3,09,10/07/2025,KY,1712,00700,120,Each,4.66,APB,APB68413,8.80987E+12,Kojic Acid Vit C Ampoule Serum 40ml,$559.20 
4500203744,09/02/2025,2025,Q3,09,10/07/2025,KY,1712,00710,72,Each,4.66,APB,APB68418,8.80987E+12,Azelaic Acid Peptide Facial Cream 55ml,$335.52 
4500203744,09/02/2025,2025,Q3,09,10/07/2025,KY,1712,00720,336,Each,4.66,APB,APB68422,8.80987E+12,Urea Hyaluronic Acid Facial Cream 55ml,"$1,565.76 "
4500203744,09/02/2025,2025,Q3,09,10/07/2025,KY,1712,00730,120,Each,4.66,APB,APB68426,8.80987E+12,Zinc Niacinamide Facial Cream 55ml,$559.20 
4500203744,09/02/2025,2025,Q3,09,10/07/2025,KY,1712,00740,72,Each,4.66,APB,APB68428,8.80987E+12,Squalane Hyal Acid Facial Cream 55ml,$335.52 
4500203747,09/02/2025,2025,Q3,09,10/02/2025,CA,1710,00010,60,Each,3.24,HBF,HBF94477,8.80962E+12,HBAF Hot & Spicy Chicken Almond 120 g,$194.40 
4500203747,09/02/2025,2025,Q3,09,10/02/2025,CA,1710,00020,144,Each,1,HBF,HBF94874,8.80962E+12,Honey Butter Popcorn 80 g,$144.00 
4500203747,09/02/2025,2025,Q3,09,10/02/2025,CA,1710,00030,80,Each,3.24,HBF,HBF94884,8.80962E+12,Dark Chocolate Almond Crunch 100 g,$259.20 
4500203747,09/02/2025,2025,Q3,09,10/02/2025,CA,1710,00040,60,Each,3.24,HBF,HBF94448,8.80962E+12,Mint Choco Almond 120 g,$194.40 
4500203747,09/02/2025,2025,Q3,09,10/02/2025,CA,1710,00050,40,Each,3.24,HBF,HBF94479,8.80962E+12,Starlight Pangpang Almond 120 g,$129.60 
4500203747,09/02/2025,2025,Q3,09,10/02/2025,CA,1710,00060,60,Each,1,HBF,HBF94921,8.80962E+12,Wasabi Mayo Popcorn 80 g,$60.00 
4500203747,09/02/2025,2025,Q3,09,10/02/2025,CA,1710,00070,48,Each,1,HBF,HBF45058,8.80028E+12,Sweet Potato Popcorn 80 g,$48.00 
4500203747,09/02/2025,2025,Q3,09,10/02/2025,CA,1710,00080,60,Each,1,HBF,HBF94926,8.80962E+12,Garlic Baguette Popcorn 80 g,$60.00 
4500203747,09/02/2025,2025,Q3,09,10/02/2025,CA,1710,00090,60,Each,1,HBF,HBF45057,8.80028E+12,Baked Corn Popcorn 80 g,$60.00 
4500203747,09/02/2025,2025,Q3,09,10/02/2025,CA,1710,00100,96,Each,1,HBF,HBF45029,8.80028E+12,Caramel Cheese Popcorn 80g,$96.00 
4500203747,09/02/2025,2025,Q3,09,10/02/2025,CA,1710,00110,48,Each,1,HBF,HBF94927,8.80962E+12,Mexican Taco Popcorn 80 g,$48.00 
4500203747,09/02/2025,2025,Q3,09,10/02/2025,CA,1710,00120,144,Each,1,HBF,HBF45028,8.80028E+12,Milk Caramel Popcorn 80 g,$144.00 
4500203747,09/02/2025,2025,Q3,09,10/02/2025,CA,1710,00130,20,Each,3.24,HBF,HBF94578,8.80962E+12,HBAF Roasted Onion Almond 120 g,$64.80 
4500203747,09/02/2025,2025,Q3,09,10/02/2025,CA,1710,00140,120,Each,1,HBF,HBF45027,8.80028E+12,Cheddar Cheese Popcorn 80 g,$120.00 
4500203747,09/02/2025,2025,Q3,09,10/02/2025,CA,1710,00150,80,Each,3.24,HBF,HBF94480,8.80962E+12,Jeju Matcha Almond 120 g,$259.20 
4500203747,09/02/2025,2025,Q3,09,10/02/2025,CA,1710,00160,48,Each,1,HBF,HBF45025,8.80028E+12,Salted Milk Popcorn 80 g,$48.00 
4500203747,09/02/2025,2025,Q3,09,10/02/2025,CA,1710,00170,90,Each,7.99,LFT,LFT67921,8.80592E+12,Lacto Fit Gold 100 g,$719.10 
4500203747,09/02/2025,2025,Q3,09,10/02/2025,CA,1710,00180,20,Each,3.24,HBF,HBF94494,8.80962E+12,HBAF Garlic Bread Almond 120 g,$64.80 
4500203747,09/02/2025,2025,Q3,09,10/02/2025,CA,1710,00190,60,Each,9.53,LFT,LFT69431,8.80592E+12,Lacto Fit Liver Support 120 g,$571.80 
4500203747,09/02/2025,2025,Q3,09,10/02/2025,CA,1710,00200,20,Each,3.24,HBF,HBF94533,8.80962E+12,HBAF Laver Almond 120 g,$64.80 
4500203749,09/02/2025,2025,Q3,09,10/02/2025,CA,1710,00010,16,Each,10.25,SRI,SRI99761,8.80908E+12,Cleanse Me SoftlyMilkClnsr Citrus 200ml,$164.00 
4500203749,09/02/2025,2025,Q3,09,10/02/2025,CA,1710,00020,16,Each,10.25,SRI,SRI99708,8.80908E+12,Cleanse Me Softly Milk Cleanser 200ml,$164.00 
4500203749,09/02/2025,2025,Q3,09,10/02/2025,CA,1710,00030,32,Each,9.4,SRI,SRI99706,8.80908E+12,Day By Day Cleansing Gel 150ml,$300.80 
4500203749,09/02/2025,2025,Q3,09,10/02/2025,CA,1710,00040,105,Each,11.79,EQQ,EQQ45319,8.80988E+12,EQQ Swimming Pool Toner 300ml,"$1,237.95 "
4500203749,09/02/2025,2025,Q3,09,10/02/2025,CA,1710,00050,108,Each,12.85,EQQ,EQQ45647,8.80988E+12,EQQ Deep Cera Vitamin Illum Serum 30ml,"$1,387.80 "
4500203749,09/02/2025,2025,Q3,09,10/02/2025,CA,1710,00060,108,Each,12.85,EQQ,EQQ45648,8.80988E+12,EQQ Deep Cera Baku Plump Serum 30ml,"$1,387.80 "
4500203749,09/02/2025,2025,Q3,09,10/02/2025,CA,1710,00070,80,Each,13.38,GBL,GBL25102,8.80614E+12,PDRN Vita Toning Ampoule 30 ml,"$1,070.40 "
4500203749,09/02/2025,2025,Q3,09,10/02/2025,CA,1710,00080,80,Each,12.94,GBL,GBL39004,8.80969E+12,PDRN Rejuvenating Cream 70 ml,"$1,035.20 "
4500203749,09/02/2025,2025,Q3,09,10/02/2025,CA,1710,00090,70,Each,7.14,GBL,GBL54124,8.80974E+12,PDRN Rejuvenating Mask 5 Pack 25ml,$499.80 
4500203749,09/02/2025,2025,Q3,09,10/02/2025,CA,1710,00100,24,Each,5.16,NRP,NRP49010,8.80617E+12,Mild and Mst Aloe Vera Water Gel 250ml,$123.84 
4500203749,09/02/2025,2025,Q3,09,10/02/2025,CA,1710,00110,32,Each,10.46,NRP,NRP45415,8.80617E+12,Fresh Powdery Sun Stick SPF50 0.71 oz,$334.72 
4500203749,09/02/2025,2025,Q3,09,10/02/2025,CA,1710,00120,18,Each,24.4,MUZ,MUZ58082,8.80984E+12,Sleek Matt Cushion N21 30 g,$439.20 
4500203749,09/02/2025,2025,Q3,09,10/02/2025,CA,1710,00130,45,Each,10.4,MUZ,MUZ58047,8.80984E+12,Objct Mat Lip Tnt 007 Rare.20 floz,$468.00 
4500203749,09/02/2025,2025,Q3,09,10/02/2025,CA,1710,00140,70,Each,10.71,GBL,GBL54440,8.80974E+12,PDRN Rejuvenating Toner 300 ml,$749.70 
4500203750,09/02/2025,2025,Q3,09,10/07/2025,KY,1712,00010,60,Each,13.82,MVY,MVY80193,8.80985E+12,MVY Art Sooth Acne Tone Pad 70 ea 160g,$829.20 
4500203750,09/02/2025,2025,Q3,09,10/07/2025,KY,1712,00020,56,Each,10.46,NRP,NRP45415,8.80617E+12,Fresh Powdery Sun Stick SPF50 0.71 oz,$585.76 
4500203750,09/02/2025,2025,Q3,09,10/07/2025,KY,1712,00030,12,Each,10.9,NRP,NRP48603,8.80617E+12,Kombuch Blck Tea Treat Emul 4.39 floz,$130.80 
4500203750,09/02/2025,2025,Q3,09,10/07/2025,KY,1712,00040,40,Each,14.33,MVY,MVY05632,8.8096E+12,MVY Hypoall LHA CIS Gel Cleanser 200ml,$573.20 
4500203750,09/02/2025,2025,Q3,09,10/07/2025,KY,1712,00050,144,Each,5.16,NRP,NRP49010,8.80617E+12,Mild and Mst Aloe Vera Water Gel 250ml,$743.04 
4500203750,09/02/2025,2025,Q3,09,10/07/2025,KY,1712,00060,60,Each,12.94,GBL,GBL39004,8.80969E+12,PDRN Rejuvenating Cream 70 ml,$776.40 
4500203750,09/02/2025,2025,Q3,09,10/07/2025,KY,1712,00070,15,Each,10.4,MUZ,MUZ58052,8.80984E+12,Fitting Blush 02 Kinda 5 g,$156.00 
4500203750,09/02/2025,2025,Q3,09,10/07/2025,KY,1712,00080,20,Each,13.38,GBL,GBL25102,8.80614E+12,PDRN Vita Toning Ampoule 30 ml,$267.60 
4500203750,09/02/2025,2025,Q3,09,10/07/2025,KY,1712,00090,30,Each,10.4,MUZ,MUZ58047,8.80984E+12,Objct Mat Lip Tnt 007 Rare.20 floz,$312.00 
4500203750,09/02/2025,2025,Q3,09,10/07/2025,KY,1712,00100,20,Each,7.14,GBL,GBL54124,8.80974E+12,PDRN Rejuvenating Mask 5 Pack 25ml,$142.80 
4500203750,09/02/2025,2025,Q3,09,10/07/2025,KY,1712,00110,40,Each,10.69,EQQ,EQQ45639,8.80988E+12,EQQ Coll PreTghtUp Hydrogel Msk 4ct 30g,$427.60 
4500203750,09/02/2025,2025,Q3,09,10/07/2025,KY,1712,00120,140,Each,11.55,EQQ,EQQ45602,8.80988E+12,EQQ Purple PDRN Pore Minimiz Serum 30ml,"$1,617.00 "
4500203750,09/02/2025,2025,Q3,09,10/07/2025,KY,1712,00130,20,Each,7.14,GBL,GBL54364,8.80974E+12,Glutathi Bright Ample Msk 5 Pk 25 ml,$142.80 
4500203750,09/02/2025,2025,Q3,09,10/07/2025,KY,1712,00140,40,Each,10.71,GBL,GBL54440,8.80974E+12,PDRN Rejuvenating Toner 300 ml,$428.40 
4500203750,09/02/2025,2025,Q3,09,10/07/2025,KY,1712,00150,22,Each,5.13,SRI,SRI99720,8.80908E+12,More Than Lip Balm 4g,$112.86 
4500203750,09/02/2025,2025,Q3,09,10/07/2025,KY,1712,00160,30,Each,11.74,GWU,GWU09184,8.8097E+12,Algae Therapy Mineral Shampoo 500g,$352.20 
4500203746,09/02/2025,2025,Q3,09,10/07/2025,KY,1712,00010,40,Each,11.48,PNA,PNA09319,8.8097E+12,Cica Serum Cushion 21C Cool Rosy 15g,$459.20 
4500203746,09/02/2025,2025,Q3,09,10/07/2025,KY,1712,00020,40,Each,11.48,PNA,PNA09316,8.8097E+12,Cica Serum Cushion 17N Fair Vanilla 15g,$459.20 
4500204929,09/08/2025,2025,Q3,09,10/08/2025,CA,1710,00010,48,Each,4.66,APB,APB68431,8.80987E+12,Coenzyme Q10 Retinol Facial Cream 55ml,$223.68 
4500204929,09/08/2025,2025,Q3,09,10/08/2025,CA,1710,00020,24,Each,4.66,APB,APB68506,8.80987E+12,PDRN Vitamin C Facial Cream 55ml,$111.84 
4500204929,09/08/2025,2025,Q3,09,10/08/2025,CA,1710,00030,96,Each,4.66,APB,APB68429,8.80987E+12,Kojic Acid Vitamin C Facial Cream 55ml,$447.36 
4500204929,09/08/2025,2025,Q3,09,10/08/2025,CA,1710,00040,10,Each,10.4,DMX,DMX48243,8.80989E+12,DMX Melting Cleanser 150 ml,$104.00 
4500204929,09/08/2025,2025,Q3,09,10/08/2025,CA,1710,00050,100,Each,4.66,APB,APB68508,8.80987E+12,PDRN Vitamin C Ampoule Serum 40ml,$466.00 
4500204929,09/08/2025,2025,Q3,09,10/08/2025,CA,1710,00060,72,Each,5.01,APB,APB68271,8.80987E+12,Glutath Niacinamide Mist Essence 105ml,$360.72 
4500204929,09/08/2025,2025,Q3,09,10/08/2025,CA,1710,00070,48,Each,4.66,APB,APB68426,8.80987E+12,Zinc Niacinamide Facial Cream 55ml,$223.68 
4500204929,09/08/2025,2025,Q3,09,10/08/2025,CA,1710,00080,48,Each,4.66,APB,APB68422,8.80987E+12,Urea Hyaluronic Acid Facial Cream 55ml,$223.68 
4500204929,09/08/2025,2025,Q3,09,10/08/2025,CA,1710,00090,224,Each,4.66,APB,APB68515,8.80987E+12,Retinol Vit C Vit E Body Lotion 300ml,"$1,043.84 "
4500204929,09/08/2025,2025,Q3,09,10/08/2025,CA,1710,00100,24,Each,4.66,APB,APB68420,8.80987E+12,Glycolic Acid Niacin Facial Cream 55ml,$111.84 
4500204929,09/08/2025,2025,Q3,09,10/08/2025,CA,1710,00110,320,Each,5.01,APB,APB68273,8.80987E+12,Glutath Niacinamide Body Wash 300ml,"$1,603.20 "
4500204929,09/08/2025,2025,Q3,09,10/08/2025,CA,1710,00120,128,Each,5.01,APB,APB68274,8.80987E+12,Glutath Niacinamide Body Lotion 300ml,$641.28 
4500204929,09/08/2025,2025,Q3,09,10/08/2025,CA,1710,00130,250,Each,5.01,APB,APB68276,8.80987E+12,Glutath Niacinamide Sunscreen 40ml,"$1,252.50 "
4500204929,09/08/2025,2025,Q3,09,10/08/2025,CA,1710,00140,60,Each,5.19,APB,APB68331,8.80987E+12,Glut Niacin Sheet Mask 10 Pack 25ml,$311.40 
4500204929,09/08/2025,2025,Q3,09,10/08/2025,CA,1710,00150,40,Each,4.66,APB,APB68537,8.80987E+12,Exosome Niacinamide EX Serum 40ml,$186.40 
4500204929,09/08/2025,2025,Q3,09,10/08/2025,CA,1710,00160,40,Each,4.66,APB,APB68527,8.80987E+12,Spicule Collagen Shot 300 Serum 40ml,$186.40 
4500204929,09/08/2025,2025,Q3,09,10/08/2025,CA,1710,00170,52,Each,5.19,APB,APB68523,8.80987E+12,Tranex Acd Niacin Sht Msk 10Msks 25mlEa,$269.88 
4500204929,09/08/2025,2025,Q3,09,10/08/2025,CA,1710,00180,20,Each,4.66,APB,APB68386,8.80987E+12,Bakuchiol Propolis Ampoule Serum 40ml,$93.20 
4500204929,09/08/2025,2025,Q3,09,10/08/2025,CA,1710,00190,63,Each,20.73,DMX,DMX48259,8.80989E+12,Eyephalt Eyebag Cream 0.35 oz (10 g),"$1,305.99 "
4500204929,09/08/2025,2025,Q3,09,10/08/2025,CA,1710,00200,240,Each,4.66,APB,APB68387,8.80987E+12,Tranex Acid Niacin Ampoule Serum 40ml,"$1,118.40 "
4500204929,09/08/2025,2025,Q3,09,10/08/2025,CA,1710,00210,192,Each,4.66,APB,APB68390,8.80987E+12,Tranex Acid Niacin Facial Cream 55ml,$894.72 
4500204929,09/08/2025,2025,Q3,09,10/08/2025,CA,1710,00220,224,Each,4.66,APB,APB68516,8.80987E+12,Collagen EGF Peptide Body Lotion 300ml,"$1,043.84 "
4500204929,09/08/2025,2025,Q3,09,10/08/2025,CA,1710,00230,192,Each,4.66,APB,APB68418,8.80987E+12,Azelaic Acid Peptide Facial Cream 55ml,$894.72 
4500204929,09/08/2025,2025,Q3,09,10/08/2025,CA,1710,00240,65,Each,5.19,APB,APB68521,8.80987E+12,Ret Vit C Vit E Sht Msk 10 Msks 25ml Ea,$337.35 
4500204929,09/08/2025,2025,Q3,09,10/08/2025,CA,1710,00250,182,Each,5.19,APB,APB68522,8.80987E+12,Coll EGF Pep Sht Msk 10 Msks 25ml Ea,$944.58 
4500204929,09/08/2025,2025,Q3,09,10/08/2025,CA,1710,00260,20,Each,4.66,APB,APB68404,8.80987E+12,Glycolic Acid Niacin Ampoule Serum 40ml,$93.20 
4500204929,09/08/2025,2025,Q3,09,10/08/2025,CA,1710,00270,220,Each,4.66,APB,APB68402,8.80987E+12,Azelaic Acid Pep Ampoule Serum 40ml,"$1,025.20 "
4500204929,09/08/2025,2025,Q3,09,10/08/2025,CA,1710,00280,40,Each,4.51,OOT,OOT81276,8.80935E+12,OOTD Dark Spot Vitamin C Serum 50ml,$180.40 
4500204929,09/08/2025,2025,Q3,09,10/08/2025,CA,1710,00290,60,Each,5.32,OOT,OOT81288,8.80935E+12,OOTD Star Spot Patch 80ea,$319.20 
4500204929,09/08/2025,2025,Q3,09,10/08/2025,CA,1710,00300,20,Each,6.48,OOT,OOT81375,8.80935E+12,OTD Vrty Hydra Srm Sht Msk 12Sh 25g ea,$129.60 
4500204929,09/08/2025,2025,Q3,09,10/08/2025,CA,1710,00310,36,Each,8.96,DMX,DMX48005,8.80989E+12,TX Peeling Toner 5.07 fl oz (150 ml),$322.56 
4500204929,09/08/2025,2025,Q3,09,10/08/2025,CA,1710,00320,72,Each,4.66,APB,APB68548,8.80987E+12,Exsome Coll EX Crm Facial Cream 55ml,$335.52 
4500204929,09/08/2025,2025,Q3,09,10/08/2025,CA,1710,00330,13,Each,12.34,DMX,DMX48165,8.80989E+12,ECM Neck Barrier Ampoule 1.5 ml 10 ea,$160.42 
4500204929,09/08/2025,2025,Q3,09,10/08/2025,CA,1710,00340,14,Each,17.69,DMX,DMX48164,8.80989E+12,ECM Neck Barrier Cream 1.69 fl oz,$247.66 
4500204929,09/08/2025,2025,Q3,09,10/08/2025,CA,1710,00350,20,Each,5.58,DMX,DMX48157,8.80989E+12,Exosome Repair Mask Pack 30 g x 5 Ea,$111.60 
4500204929,09/08/2025,2025,Q3,09,10/08/2025,CA,1710,00360,48,Each,17.85,DMX,DMX48150,8.80989E+12,Extra Whitening Ampoule 30 ml,$856.80 
4500204929,09/08/2025,2025,Q3,09,10/08/2025,CA,1710,00370,84,Each,14,DMX,DMX48149,8.80989E+12,Anti-Freckles Whiten Capsule Cream 50g,"$1,176.00 "
4500204929,09/08/2025,2025,Q3,09,10/08/2025,CA,1710,00380,12,Each,16,DMX,DMX48087,8.80989E+12,BP Pore Barrier Cream 1.76 oz (50 g),$192.00 
4500204929,09/08/2025,2025,Q3,09,10/08/2025,CA,1710,00390,48,Each,4.66,APB,APB68541,8.80987E+12,Liposomal Niacinamide LX Cream 55ml,$223.68 
4500204929,09/08/2025,2025,Q3,09,10/08/2025,CA,1710,00400,100,Each,4.66,APB,APB68540,8.80987E+12,Exosome Collagen EX Serum 40ml,$466.00 
4500204929,09/08/2025,2025,Q3,09,10/08/2025,CA,1710,00410,80,Each,4.66,APB,APB68538,8.80987E+12,Exosome Retinol EX Serum 40ml,$372.80 
4500204929,09/08/2025,2025,Q3,09,10/08/2025,CA,1710,00420,24,Each,10.5,DMX,DMX48039,8.80989E+12,BP Exfoliating Pad 70 Pads 165ml,$252.00 
4500204929,09/08/2025,2025,Q3,09,10/08/2025,CA,1710,00430,12,Each,22.18,DMX,DMX48198,8.80989E+12,Pic Shot Pig Correct Calc Ample 30ml,$266.16 
4500204929,09/08/2025,2025,Q3,09,10/08/2025,CA,1710,00440,40,Each,4.66,APB,APB68539,8.80987E+12,Exosome Vitamin C EX Serum 40ml,$186.40 
4500204935,09/08/2025,2025,Q3,09,10/08/2025,CA,1710,00010,12,Each,10.9,NRP,NRP48603,8.80617E+12,Kombuch Blck Tea Treat Emul 4.39 floz,$130.80 
4500204935,09/08/2025,2025,Q3,09,10/08/2025,CA,1710,00020,54,Each,12.85,EQQ,EQQ45648,8.80988E+12,EQQ Deep Cera Baku Plump Serum 30ml,$693.90 
4500204935,09/08/2025,2025,Q3,09,10/08/2025,CA,1710,00030,18,Each,24.4,MUZ,MUZ58082,8.80984E+12,Sleek Matt Cushion N21 30 g,$439.20 
4500204935,09/08/2025,2025,Q3,09,10/08/2025,CA,1710,00040,12,Each,8.71,NRP,NRP48221,8.80617E+12,Green Derma Mild Cica Serum 1.69 fl oz,$104.52 
4500204935,09/08/2025,2025,Q3,09,10/08/2025,CA,1710,00050,600,Each,2.13,NRP,NRP48814,8.80617E+12,NRP Aloe Vera Watery Gel 300ml,"$1,278.00 "
4500204935,09/08/2025,2025,Q3,09,10/08/2025,CA,1710,00060,48,Each,5.16,NRP,NRP49010,8.80617E+12,Mild and Mst Aloe Vera Water Gel 250ml,$247.68 
4500204935,09/08/2025,2025,Q3,09,10/08/2025,CA,1710,00070,20,Each,9.93,GWU,GWU09353,8.8097E+12,Damage Therapy Hair Treatment EX 220g,$198.60 
4500204935,09/08/2025,2025,Q3,09,10/08/2025,CA,1710,00080,20,Each,11.74,GWU,GWU09352,8.8097E+12,GWU Damage Therapy Shampoo EX 500ml,$234.80 
4500204935,09/08/2025,2025,Q3,09,10/08/2025,CA,1710,00090,16,Each,10.25,SRI,SRI99761,8.80908E+12,Cleanse Me SoftlyMilkClnsr Citrus 200ml,$164.00 
4500204935,09/08/2025,2025,Q3,09,10/08/2025,CA,1710,00100,20,Each,11.74,GWU,GWU09184,8.8097E+12,Algae Therapy Mineral Shampoo 500g,$234.80 
4500204935,09/08/2025,2025,Q3,09,10/08/2025,CA,1710,00110,162,Each,12.85,EQQ,EQQ45647,8.80988E+12,EQQ Deep Cera Vitamin Illum Serum 30ml,"$2,081.70 "
4500204935,09/08/2025,2025,Q3,09,10/08/2025,CA,1710,00120,30,Each,11.74,GWU,GWU07390,8.8097E+12,Sea Salt Therapy Shampoo 500g,$352.20 
4500204935,09/08/2025,2025,Q3,09,10/08/2025,CA,1710,00130,22,Each,5.13,SRI,SRI99720,8.80908E+12,More Than Lip Balm 4g,$112.86 
4500204935,09/08/2025,2025,Q3,09,10/08/2025,CA,1710,00140,36,Each,7.69,SRI,SRI77899,8.80919E+12,Let Me Refresh Foam Cleanser 120ml,$276.84 
4500204935,09/08/2025,2025,Q3,09,10/08/2025,CA,1710,00150,36,Each,11.96,SRI,SRI55257,8.80616E+12,My First Essener 100ml,$430.56 
4500204935,09/08/2025,2025,Q3,09,10/08/2025,CA,1710,00160,20,Each,7.14,GBL,GBL54124,8.80974E+12,PDRN Rejuvenating Mask 5 Pack 25ml,$142.80 
4500204935,09/08/2025,2025,Q3,09,10/08/2025,CA,1710,00170,60,Each,11.55,EQQ,EQQ45602,8.80988E+12,EQQ Purple PDRN Pore Minimiz Serum 30ml,$693.00 
4500204935,09/08/2025,2025,Q3,09,10/08/2025,CA,1710,00180,35,Each,11.79,EQQ,EQQ45319,8.80988E+12,EQQ Swimming Pool Toner 300ml,$412.65 
4500204934,09/08/2025,2025,Q3,09,10/14/2025,KY,1712,00010,72,Each,1,HBF,HBF45057,8.80028E+12,Baked Corn Popcorn 80 g,$72.00 
4500204934,09/08/2025,2025,Q3,09,10/14/2025,KY,1712,00020,36,Each,1,HBF,HBF45029,8.80028E+12,Caramel Cheese Popcorn 80g,$36.00 
4500204934,09/08/2025,2025,Q3,09,10/14/2025,KY,1712,00030,24,Each,1,HBF,HBF45028,8.80028E+12,Milk Caramel Popcorn 80 g,$24.00 
4500204934,09/08/2025,2025,Q3,09,10/14/2025,KY,1712,00040,24,Each,1,HBF,HBF45027,8.80028E+12,Cheddar Cheese Popcorn 80 g,$24.00 
4500204934,09/08/2025,2025,Q3,09,10/14/2025,KY,1712,00050,36,Each,1,HBF,HBF45025,8.80028E+12,Salted Milk Popcorn 80 g,$36.00 
4500204934,09/08/2025,2025,Q3,09,10/14/2025,KY,1712,00060,24,Each,1,HBF,HBF45058,8.80028E+12,Sweet Potato Popcorn 80 g,$24.00 
4500204934,09/08/2025,2025,Q3,09,10/14/2025,KY,1712,00070,24,Each,1,HBF,HBF45061,8.80028E+12,Ttekbokki Popcorn 80 g,$24.00 
4500204934,09/08/2025,2025,Q3,09,10/14/2025,KY,1712,00080,120,Each,9.53,LFT,LFT69431,8.80592E+12,Lacto Fit Liver Support 120 g,"$1,143.60 "
4500204934,09/08/2025,2025,Q3,09,10/14/2025,KY,1712,00090,20,Each,3.24,HBF,HBF94448,8.80962E+12,Mint Choco Almond 120 g,$64.80 
4500204934,09/08/2025,2025,Q3,09,10/14/2025,KY,1712,00100,100,Each,3.24,HBF,HBF94884,8.80962E+12,Dark Chocolate Almond Crunch 100 g,$324.00 
4500204934,09/08/2025,2025,Q3,09,10/14/2025,KY,1712,00110,60,Each,10.51,LFT,LFT69271,8.80592E+12,Lacto Fit Glucose Control 120 g,$630.60 
4500204934,09/08/2025,2025,Q3,09,10/14/2025,KY,1712,00120,40,Each,3.24,HBF,HBF94449,8.80962E+12,HBAF Honey Butter Almond 120 g,$129.60 
4500204934,09/08/2025,2025,Q3,09,10/14/2025,KY,1712,00130,48,Each,1,HBF,HBF94891,8.80962E+12,New York Cheese Burger Popcorn 80 g,$48.00 
4500204934,09/08/2025,2025,Q3,09,10/14/2025,KY,1712,00140,90,Each,7.99,LFT,LFT67921,8.80592E+12,Lacto Fit Gold 100 g,$719.10 
4500204934,09/08/2025,2025,Q3,09,10/14/2025,KY,1712,00150,60,Each,3.24,HBF,HBF94452,8.80962E+12,Cookies And Cream Almond 120 g,$194.40 
4500204934,09/08/2025,2025,Q3,09,10/14/2025,KY,1712,00160,48,Each,1,HBF,HBF94921,8.80962E+12,Wasabi Mayo Popcorn 80 g,$48.00 
4500204934,09/08/2025,2025,Q3,09,10/14/2025,KY,1712,00170,30,Each,9.31,LFT,LFT67861,8.80592E+12,Lacto Fit Bebe 120 g,$279.30 
4500204934,09/08/2025,2025,Q3,09,10/14/2025,KY,1712,00180,12,Each,1,HBF,HBF94953,8.80962E+12,French Fried And Ketchup Popcorn 80 g,$12.00 
4500204934,09/08/2025,2025,Q3,09,10/14/2025,KY,1712,00190,72,Each,1,HBF,HBF94948,8.80962E+12,Butter Squid Popcorn 80 g,$72.00 
4500204934,09/08/2025,2025,Q3,09,10/14/2025,KY,1712,00200,40,Each,3.24,HBF,HBF94479,8.80962E+12,Starlight Pangpang Almond 120 g,$129.60 
4500204934,09/08/2025,2025,Q3,09,10/14/2025,KY,1712,00210,80,Each,3.24,HBF,HBF94480,8.80962E+12,Jeju Matcha Almond 120 g,$259.20 
4500204934,09/08/2025,2025,Q3,09,10/14/2025,KY,1712,00220,24,Each,1,HBF,HBF94874,8.80962E+12,Honey Butter Popcorn 80 g,$24.00 
4500204934,09/08/2025,2025,Q3,09,10/14/2025,KY,1712,00230,24,Each,1,HBF,HBF94926,8.80962E+12,Garlic Baguette Popcorn 80 g,$24.00 
4500204934,09/08/2025,2025,Q3,09,10/14/2025,KY,1712,00240,40,Each,3.24,HBF,HBF94900,8.80962E+12,Choco Churros Almond 120 g,$129.60 
4500204930,09/08/2025,2025,Q3,09,10/14/2025,KY,1712,00010,100,Each,4.66,APB,APB68413,8.80987E+12,Kojic Acid Vit C Ampoule Serum 40ml,$466.00 
4500204930,09/08/2025,2025,Q3,09,10/14/2025,KY,1712,00020,512,Each,4.66,APB,APB68517,8.80987E+12,Tranex Acid Niacin Body Lotion 300ml,"$2,385.92 "
4500204930,09/08/2025,2025,Q3,09,10/14/2025,KY,1712,00030,3008,Each,5.01,APB,APB68273,8.80987E+12,Glutath Niacinamide Body Wash 300ml,"$15,070.08 "
4500204930,09/08/2025,2025,Q3,09,10/14/2025,KY,1712,00040,144,Each,4.66,APB,APB68431,8.80987E+12,Coenzyme Q10 Retinol Facial Cream 55ml,$671.04 
4500204930,09/08/2025,2025,Q3,09,10/14/2025,KY,1712,00050,448,Each,4.66,APB,APB68515,8.80987E+12,Retinol Vit C Vit E Body Lotion 300ml,"$2,087.68 "
4500204930,09/08/2025,2025,Q3,09,10/14/2025,KY,1712,00060,24,Each,15.4,DMX,DMX48086,8.80989E+12,TX Ampoule Rx 1.01 fl oz (30 ml),$369.60 
4500204930,09/08/2025,2025,Q3,09,10/14/2025,KY,1712,00070,14,Each,17.69,DMX,DMX48164,8.80989E+12,ECM Neck Barrier Cream 1.69 fl oz,$247.66 
4500204930,09/08/2025,2025,Q3,09,10/14/2025,KY,1712,00080,24,Each,10.5,DMX,DMX48039,8.80989E+12,BP Exfoliating Pad 70 Pads 165ml,$252.00 
4500204930,09/08/2025,2025,Q3,09,10/14/2025,KY,1712,00090,13,Each,12.34,DMX,DMX48165,8.80989E+12,ECM Neck Barrier Ampoule 1.5 ml 10 ea,$160.42 
4500204930,09/08/2025,2025,Q3,09,10/14/2025,KY,1712,00100,60,Each,6.85,DMX,DMX48169,8.80989E+12,BP-Pore Clear Mask Pack 25g 5 Each,$411.00 
4500204930,09/08/2025,2025,Q3,09,10/14/2025,KY,1712,00110,400,Each,15.07,DMX,DMX48184,8.80989E+12,TX Ret Double Effect Eye Cream 40g,"$6,028.00 "
4500204930,09/08/2025,2025,Q3,09,10/14/2025,KY,1712,00120,48,Each,4.66,APB,APB68418,8.80987E+12,Azelaic Acid Peptide Facial Cream 55ml,$223.68 
4500204930,09/08/2025,2025,Q3,09,10/14/2025,KY,1712,00130,40,Each,5.01,APB,APB68267,8.80987E+12,Glutath Niacinamide Ampoule Serum 40ml,$200.40 
4500204930,09/08/2025,2025,Q3,09,10/14/2025,KY,1712,00140,40,Each,4.35,OOT,OOT81207,8.80935E+12,OOTD Intensive Eye Serum 30g,$174.00 
4500204930,09/08/2025,2025,Q3,09,10/14/2025,KY,1712,00150,28,Each,3.71,OOT,OOT81330,8.80935E+12,OOTD Heartleaf Pore Zero Cleanser 200ml,$103.88 
4500204930,09/08/2025,2025,Q3,09,10/14/2025,KY,1712,00160,120,Each,6.12,OOT,OOT81296,8.80935E+12,OTD Peptide Skin Barrier Cream 50ml,$734.40 
4500204930,09/08/2025,2025,Q3,09,10/14/2025,KY,1712,00170,120,Each,5.32,OOT,OOT81288,8.80935E+12,OOTD Star Spot Patch 80ea,$638.40 
4500204930,09/08/2025,2025,Q3,09,10/14/2025,KY,1712,00180,368,Each,13.2,DMX,DMX48237,8.80989E+12,Peel Sht Exfol Blck Rce Ampoule 2.7floz,"$4,857.60 "
4500204930,09/08/2025,2025,Q3,09,10/14/2025,KY,1712,00190,80,Each,3.38,OOT,OOT81282,8.80935E+12,OOTD Hydrat Serum Sheet Masks 5ea 25g,$270.40 
4500204930,09/08/2025,2025,Q3,09,10/14/2025,KY,1712,00200,72,Each,4.66,APB,APB68429,8.80987E+12,Kojic Acid Vitamin C Facial Cream 55ml,$335.52 
4500204930,09/08/2025,2025,Q3,09,10/14/2025,KY,1712,00210,20,Each,4.51,OOT,OOT81276,8.80935E+12,OOTD Dark Spot Vitamin C Serum 50ml,$90.20 
4500204930,09/08/2025,2025,Q3,09,10/14/2025,KY,1712,00220,400,Each,13.2,DMX,DMX48236,8.80989E+12,Peel Shot Exfoliant Rice Ampoule 80ml,"$5,280.00 "
4500204930,09/08/2025,2025,Q3,09,10/14/2025,KY,1712,00230,40,Each,4.66,APB,APB68537,8.80987E+12,Exosome Niacinamide EX Serum 40ml,$186.40 
4500204930,09/08/2025,2025,Q3,09,10/14/2025,KY,1712,00240,39,Each,5.19,APB,APB68523,8.80987E+12,Tranex Acd Niacin Sht Msk 10Msks 25mlEa,$202.41 
4500204930,09/08/2025,2025,Q3,09,10/14/2025,KY,1712,00250,60,Each,4.66,APB,APB68412,8.80987E+12,Squalane Hyal Acid Ampoule Serum 40ml,$279.60 
4500204930,09/08/2025,2025,Q3,09,10/14/2025,KY,1712,00260,130,Each,5.19,APB,APB68521,8.80987E+12,Ret Vit C Vit E Sht Msk 10 Msks 25ml Ea,$674.70 
4500204930,09/08/2025,2025,Q3,09,10/14/2025,KY,1712,00270,100,Each,4.66,APB,APB68406,8.80987E+12,Urea Hyaluronic Acid Ampoule Serum 40ml,$466.00 
4500204930,09/08/2025,2025,Q3,09,10/14/2025,KY,1712,00280,11,Each,10.49,DMX,DMX48148,8.80989E+12,Oyster Pep-3 Renewal Oil Mist 100 ml,$115.39 
4500204930,09/08/2025,2025,Q3,09,10/14/2025,KY,1712,00290,100,Each,4.66,APB,APB68538,8.80987E+12,Exosome Retinol EX Serum 40ml,$466.00 
4500204930,09/08/2025,2025,Q3,09,10/14/2025,KY,1712,00300,14,Each,18.46,DMX,DMX48115,8.80989E+12,EX Volume Firm Calcium Int Cream 50ml,$258.44 
4500204930,09/08/2025,2025,Q3,09,10/14/2025,KY,1712,00310,80,Each,4.66,APB,APB68402,8.80987E+12,Azelaic Acid Pep Ampoule Serum 40ml,$372.80 
4500204930,09/08/2025,2025,Q3,09,10/14/2025,KY,1712,00320,3680,Each,5.01,APB,APB68274,8.80987E+12,Glutath Niacinamide Body Lotion 300ml,"$18,436.80 "
4500204930,09/08/2025,2025,Q3,09,10/14/2025,KY,1712,00330,182,Each,5.19,APB,APB68522,8.80987E+12,Coll EGF Pep Sht Msk 10 Msks 25ml Ea,$944.58 
4500204930,09/08/2025,2025,Q3,09,10/14/2025,KY,1712,00340,60,Each,4.66,APB,APB68401,8.80987E+12,Glutath Niacin Toner Pad 60 Pads 100ml,$279.60 
4500204930,09/08/2025,2025,Q3,09,10/14/2025,KY,1712,00350,48,Each,4.66,APB,APB68398,8.80987E+12,Glutathione Niacinamide Clean Oil 105ml,$223.68 
4500204930,09/08/2025,2025,Q3,09,10/14/2025,KY,1712,00360,20,Each,10.4,DMX,DMX48243,8.80989E+12,DMX Melting Cleanser 150 ml,$208.00 
4500204930,09/08/2025,2025,Q3,09,10/14/2025,KY,1712,00370,42,Each,20.73,DMX,DMX48259,8.80989E+12,Eyephalt Eyebag Cream 0.35 oz (10 g),$870.66 
4500204930,09/08/2025,2025,Q3,09,10/14/2025,KY,1712,00380,200,Each,4.66,APB,APB68387,8.80987E+12,Tranex Acid Niacin Ampoule Serum 40ml,$932.00 
4500204936,09/08/2025,2025,Q3,09,10/14/2025,KY,1712,00010,24,Each,10.9,NRP,NRP48603,8.80617E+12,Kombuch Blck Tea Treat Emul 4.39 floz,$261.60 
4500204936,09/08/2025,2025,Q3,09,10/14/2025,KY,1712,00020,12,Each,12.65,NRP,NRP48605,8.80617E+12,Komb Blck Tea Treat Crm 1.69 floz,$151.80 
4500204936,09/08/2025,2025,Q3,09,10/14/2025,KY,1712,00030,22,Each,5.13,SRI,SRI99720,8.80908E+12,More Than Lip Balm 4g,$112.86 
4500204936,09/08/2025,2025,Q3,09,10/14/2025,KY,1712,00040,32,Each,9.4,SRI,SRI99705,8.80908E+12,Time Is Running Out Mist 100ml,$300.80 
4500204936,09/08/2025,2025,Q3,09,10/14/2025,KY,1712,00050,18,Each,14.52,SRI,SRI55258,8.80616E+12,Enriched By Nature Cream 50ml,$261.36 
4500204936,09/08/2025,2025,Q3,09,10/14/2025,KY,1712,00060,20,Each,9.93,GWU,GWU09353,8.8097E+12,Damage Therapy Hair Treatment EX 220g,$198.60 
4500204936,09/08/2025,2025,Q3,09,10/14/2025,KY,1712,00070,30,Each,10.4,MUZ,MUZ58045,8.80984E+12,Objct Mat Lip Tnt 005 Diva .20 floz,$312.00 
4500204936,09/08/2025,2025,Q3,09,10/14/2025,KY,1712,00080,60,Each,11.74,GWU,GWU07390,8.8097E+12,Sea Salt Therapy Shampoo 500g,$704.40 
4500204936,09/08/2025,2025,Q3,09,10/14/2025,KY,1712,00090,15,Each,10.4,MUZ,MUZ58044,8.80984E+12,Objct Mat Lip Tnt  004 Celeb .20 floz,$156.00 
4500204936,09/08/2025,2025,Q3,09,10/14/2025,KY,1712,00100,120,Each,13.38,GBL,GBL25102,8.80614E+12,PDRN Vita Toning Ampoule 30 ml,"$1,605.60 "
4500204936,09/08/2025,2025,Q3,09,10/14/2025,KY,1712,00110,60,Each,12.94,GBL,GBL39004,8.80969E+12,PDRN Rejuvenating Cream 70 ml,$776.40 
4500204936,09/08/2025,2025,Q3,09,10/14/2025,KY,1712,00120,50,Each,7.14,GBL,GBL54124,8.80974E+12,PDRN Rejuvenating Mask 5 Pack 25ml,$357.00 
4500204936,09/08/2025,2025,Q3,09,10/14/2025,KY,1712,00130,50,Each,10.71,GBL,GBL54440,8.80974E+12,PDRN Rejuvenating Toner 300 ml,$535.50 
4500204936,09/08/2025,2025,Q3,09,10/14/2025,KY,1712,00140,15,Each,10.4,MUZ,MUZ58047,8.80984E+12,Objct Mat Lip Tnt 007 Rare.20 floz,$156.00 
4500204936,09/08/2025,2025,Q3,09,10/14/2025,KY,1712,00150,30,Each,11.48,SGE,SGE02238,8.80025E+12,Dp Coll Melt Ptch Eyes Forehead 3 ct ea,$344.40 
4500204936,09/08/2025,2025,Q3,09,10/14/2025,KY,1712,00160,50,Each,13.82,MVY,MVY80193,8.80985E+12,MVY Art Sooth Acne Tone Pad 70 ea 160g,$691.00 
4500204936,09/08/2025,2025,Q3,09,10/14/2025,KY,1712,00170,60,Each,13.82,MVY,MVY90640,8.80988E+12,MVY Art Calming Core Sooth Cream 100ml,$829.20 
4500204936,09/08/2025,2025,Q3,09,10/14/2025,KY,1712,00180,40,Each,11.55,EQQ,EQQ45602,8.80988E+12,EQQ Purple PDRN Pore Minimiz Serum 30ml,$462.00 
4500204936,09/08/2025,2025,Q3,09,10/14/2025,KY,1712,00190,20,Each,9.4,SGE,SGE56875,8.80968E+12,Grn Tom Pore Peel Jumbo Pad 60 ct 180ml,$188.00 
4500204936,09/08/2025,2025,Q3,09,10/14/2025,KY,1712,00200,30,Each,12.92,SGE,SGE02239,8.80025E+12,Dp Coll Ret Boost-Up Mask 4 ct 25g,$387.60 
4500204931,09/08/2025,2025,Q3,09,10/08/2025,CA,1710,00010,60,Each,9.19,PNA,PNA07126,8.8097E+12,Glacial Bio Water No Sebum Cushion 10g,$551.40 
4500204931,09/08/2025,2025,Q3,09,10/08/2025,CA,1710,00020,40,Each,11.48,PNA,PNA09301,8.8097E+12,Cica Serum Cushion 24N Nat Nude 15g,$459.20 
4500204933,09/08/2025,2025,Q3,09,10/08/2025,CA,1710,00010,48,Each,1,HBF,HBF94874,8.80962E+12,Honey Butter Popcorn 80 g,$48.00 
4500204933,09/08/2025,2025,Q3,09,10/08/2025,CA,1710,00020,40,Each,3.24,HBF,HBF94578,8.80962E+12,HBAF Roasted Onion Almond 120 g,$129.60 
4500204933,09/08/2025,2025,Q3,09,10/08/2025,CA,1710,00030,40,Each,3.24,HBF,HBF94453,8.80962E+12,Injeolmi Almond 120 g,$129.60 
4500204933,09/08/2025,2025,Q3,09,10/08/2025,CA,1710,00040,60,Each,3.24,HBF,HBF94494,8.80962E+12,HBAF Garlic Bread Almond 120 g,$194.40 
4500204933,09/08/2025,2025,Q3,09,10/08/2025,CA,1710,00050,60,Each,3.24,HBF,HBF94452,8.80962E+12,Cookies And Cream Almond 120 g,$194.40 
4500204933,09/08/2025,2025,Q3,09,10/08/2025,CA,1710,00060,120,Each,3.24,HBF,HBF94450,8.80962E+12,HBAF Wasabi Almond 120 g,$388.80 
4500204933,09/08/2025,2025,Q3,09,10/08/2025,CA,1710,00070,60,Each,1,HBF,HBF45061,8.80028E+12,Ttekbokki Popcorn 80 g,$60.00 
4500204933,09/08/2025,2025,Q3,09,10/08/2025,CA,1710,00080,40,Each,3.24,HBF,HBF94481,8.80962E+12,Black Sugar Milk Tea Almond 120 g,$129.60 
4500204933,09/08/2025,2025,Q3,09,10/08/2025,CA,1710,00090,60,Each,1,HBF,HBF45025,8.80028E+12,Salted Milk Popcorn 80 g,$60.00 
4500204933,09/08/2025,2025,Q3,09,10/08/2025,CA,1710,00100,60,Each,1,HBF,HBF45026,8.80028E+12,Laver Popcorn 80 g,$60.00 
4500204933,09/08/2025,2025,Q3,09,10/08/2025,CA,1710,00110,72,Each,1,HBF,HBF45029,8.80028E+12,Caramel Cheese Popcorn 80g,$72.00 
4500204933,09/08/2025,2025,Q3,09,10/08/2025,CA,1710,00120,60,Each,1,HBF,HBF45057,8.80028E+12,Baked Corn Popcorn 80 g,$60.00 
4500204933,09/08/2025,2025,Q3,09,10/08/2025,CA,1710,00130,72,Each,1,HBF,HBF45058,8.80028E+12,Sweet Potato Popcorn 80 g,$72.00 
4500204933,09/08/2025,2025,Q3,09,10/08/2025,CA,1710,00140,60,Each,3.24,HBF,HBF94884,8.80962E+12,Dark Chocolate Almond Crunch 100 g,$194.40 
4500204933,09/08/2025,2025,Q3,09,10/08/2025,CA,1710,00150,60,Each,9.53,LFT,LFT69431,8.80592E+12,Lacto Fit Liver Support 120 g,$571.80 
4500204933,09/08/2025,2025,Q3,09,10/08/2025,CA,1710,00160,48,Each,10.51,LFT,LFT69271,8.80592E+12,Lacto Fit Glucose Control 120 g,$504.48 
4500204933,09/08/2025,2025,Q3,09,10/08/2025,CA,1710,00170,30,Each,10.15,LFT,LFT68241,8.80592E+12,Plant-based Lacto Fit 120 g,$304.50 
4500204933,09/08/2025,2025,Q3,09,10/08/2025,CA,1710,00180,90,Each,12.99,LFT,LFT68201,8.80592E+12,Lacto Fit Slim 120 g,"$1,169.10 "
4500204933,09/08/2025,2025,Q3,09,10/08/2025,CA,1710,00190,36,Each,1,HBF,HBF94948,8.80962E+12,Butter Squid Popcorn 80 g,$36.00 
4500204933,09/08/2025,2025,Q3,09,10/08/2025,CA,1710,00200,24,Each,1,HBF,HBF94928,8.80962E+12,Pepperoni Pizza Popcorn 80 g,$24.00 
4500204933,09/08/2025,2025,Q3,09,10/08/2025,CA,1710,00210,48,Each,1,HBF,HBF94927,8.80962E+12,Mexican Taco Popcorn 80 g,$48.00 
4500204933,09/08/2025,2025,Q3,09,10/08/2025,CA,1710,00220,24,Each,1,HBF,HBF94926,8.80962E+12,Garlic Baguette Popcorn 80 g,$24.00 
4500204933,09/08/2025,2025,Q3,09,10/08/2025,CA,1710,00230,24,Each,1,HBF,HBF94921,8.80962E+12,Wasabi Mayo Popcorn 80 g,$24.00 
4500204933,09/08/2025,2025,Q3,09,10/08/2025,CA,1710,00240,40,Each,3.24,HBF,HBF94900,8.80962E+12,Choco Churros Almond 120 g,$129.60 
4500204933,09/08/2025,2025,Q3,09,10/08/2025,CA,1710,00250,72,Each,1,HBF,HBF94891,8.80962E+12,New York Cheese Burger Popcorn 80 g,$72.00 
4500204932,09/08/2025,2025,Q3,09,10/14/2025,KY,1712,00010,20,Each,6.8,TWA,TWA12692,8.80966E+12,Dual Cheek Mood In Cheek 4.5 g x 2,$136.00 
4500204932,09/08/2025,2025,Q3,09,10/14/2025,KY,1712,00020,36,Each,4.85,TWA,TWA20420,8.80997E+12,Pure Glash Highlighter ND01 Shell 2.7g,$174.60 
4500204932,09/08/2025,2025,Q3,09,10/14/2025,KY,1712,00030,36,Each,4.85,TWA,TWA20421,8.80997E+12,Pure Glash Highlighter ND02 Clear 2.7g,$174.60 
4500204932,09/08/2025,2025,Q3,09,10/14/2025,KY,1712,00040,36,Each,4.85,TWA,TWA20916,8.80997E+12,Pure Glash Highlighter WH01 Frosty 2.7g,$174.60 
4500204932,09/08/2025,2025,Q3,09,10/14/2025,KY,1712,00050,100,Each,9.57,PNA,PNA09470,8.8097E+12,Cicamanu 92 Serum 1.01 fl oz (30 ml),$957.00 
4500204932,09/08/2025,2025,Q3,09,10/14/2025,KY,1712,00060,20,Each,11.48,PNA,PNA09302,8.8097E+12,Cica Serum Cushion 25N Ratan 15g,$229.60 
4500206154,09/11/2025,2025,Q3,09,11/10/2025,CA,1710,00010,72,Each,9.66,SGE,SGE02377,8.80025E+12,Green Tomato Pore Minimize Ampoule 30ml,$695.52 
4500206151,09/11/2025,2025,Q3,09,11/10/2025,KY,1712,00010,192,Each,1.05,BBU,BBU62987,8.80914E+12,Bebesup Sensitive 20cap,$201.60 
4500206151,09/11/2025,2025,Q3,09,11/10/2025,KY,1712,00020,228,Each,1.14,BBU,BBU62492,8.80914E+12,Bebesup Clean Flushable Wipes 20sticker,$259.92 
4500206152,09/11/2025,2025,Q3,09,11/10/2025,CA,1710,00010,156,Each,1.05,BBU,BBU62987,8.80914E+12,Bebesup Sensitive 20cap,$163.80 
4500206152,09/11/2025,2025,Q3,09,11/10/2025,CA,1710,00020,120,Each,1.14,BBU,BBU62492,8.80914E+12,Bebesup Clean Flushable Wipes 20sticker,$136.80 
4500206153,09/11/2025,2025,Q3,09,11/10/2025,KY,1712,00010,48,Each,9.66,SGE,SGE02377,8.80025E+12,Green Tomato Pore Minimize Ampoule 30ml,$463.68 
4500206379,09/15/2025,2025,Q3,09,10/15/2025,CA,1710,00010,780,Each,2.13,NRP,NRP48814,8.80617E+12,NRP Aloe Vera Watery Gel 300ml,"$1,661.40 "
4500206379,09/15/2025,2025,Q3,09,10/15/2025,CA,1710,00020,12,Each,8.71,NRP,NRP48221,8.80617E+12,Green Derma Mild Cica Serum 1.69 fl oz,$104.52 
4500206379,09/15/2025,2025,Q3,09,10/15/2025,CA,1710,00030,54,Each,12.85,EQQ,EQQ45648,8.80988E+12,EQQ Deep Cera Baku Plump Serum 30ml,$693.90 
4500206379,09/15/2025,2025,Q3,09,10/15/2025,CA,1710,00040,108,Each,12.85,EQQ,EQQ45647,8.80988E+12,EQQ Deep Cera Vitamin Illum Serum 30ml,"$1,387.80 "
4500206379,09/15/2025,2025,Q3,09,10/15/2025,CA,1710,00050,20,Each,11.55,EQQ,EQQ45602,8.80988E+12,EQQ Purple PDRN Pore Minimiz Serum 30ml,$231.00 
4500206379,09/15/2025,2025,Q3,09,10/15/2025,CA,1710,00060,70,Each,11.79,EQQ,EQQ45319,8.80988E+12,EQQ Swimming Pool Toner 300ml,$825.30 
4500206379,09/15/2025,2025,Q3,09,10/15/2025,CA,1710,00070,56,Each,10.46,NRP,NRP45415,8.80617E+12,Fresh Powdery Sun Stick SPF50 0.71 oz,$585.76 
4500206379,09/15/2025,2025,Q3,09,10/15/2025,CA,1710,00080,20,Each,9.93,GWU,GWU09353,8.8097E+12,Damage Therapy Hair Treatment EX 220g,$198.60 
4500206379,09/15/2025,2025,Q3,09,10/15/2025,CA,1710,00090,20,Each,11.74,GWU,GWU09352,8.8097E+12,GWU Damage Therapy Shampoo EX 500ml,$234.80 
4500206379,09/15/2025,2025,Q3,09,10/15/2025,CA,1710,00100,20,Each,11.74,GWU,GWU09184,8.8097E+12,Algae Therapy Mineral Shampoo 500g,$234.80 
4500206379,09/15/2025,2025,Q3,09,10/15/2025,CA,1710,00110,20,Each,11.74,GWU,GWU07390,8.8097E+12,Sea Salt Therapy Shampoo 500g,$234.80 
4500206379,09/15/2025,2025,Q3,09,10/15/2025,CA,1710,00120,20,Each,10.71,GBL,GBL54440,8.80974E+12,PDRN Rejuvenating Toner 300 ml,$214.20 
4500206379,09/15/2025,2025,Q3,09,10/15/2025,CA,1710,00130,15,Each,10.4,MUZ,MUZ58053,8.80984E+12,Fitting Blush 03 Ecstasy 5 g,$156.00 
4500206379,09/15/2025,2025,Q3,09,10/15/2025,CA,1710,00140,18,Each,24.4,MUZ,MUZ58082,8.80984E+12,Sleek Matt Cushion N21 30 g,$439.20 
4500206379,09/15/2025,2025,Q3,09,10/15/2025,CA,1710,00150,30,Each,7.14,GBL,GBL54124,8.80974E+12,PDRN Rejuvenating Mask 5 Pack 25ml,$214.20 
4500206379,09/15/2025,2025,Q3,09,10/15/2025,CA,1710,00160,40,Each,12.94,GBL,GBL39004,8.80969E+12,PDRN Rejuvenating Cream 70 ml,$517.60 
4500206375,09/15/2025,2025,Q3,09,10/15/2025,CA,1710,00010,40,Each,11.48,PNA,PNA09319,8.8097E+12,Cica Serum Cushion 21C Cool Rosy 15g,$459.20 
4500206375,09/15/2025,2025,Q3,09,10/15/2025,CA,1710,00020,20,Each,11.48,PNA,PNA09316,8.8097E+12,Cica Serum Cushion 17N Fair Vanilla 15g,$229.60 
4500206375,09/15/2025,2025,Q3,09,10/15/2025,CA,1710,00030,20,Each,11.48,PNA,PNA09301,8.8097E+12,Cica Serum Cushion 24N Nat Nude 15g,$229.60 
4500206375,09/15/2025,2025,Q3,09,10/15/2025,CA,1710,00040,60,Each,9.19,PNA,PNA07126,8.8097E+12,Glacial Bio Water No Sebum Cushion 10g,$551.40 
4500206375,09/15/2025,2025,Q3,09,10/15/2025,CA,1710,00050,12,Each,8.4,TWA,TWA20657,8.80997E+12,Gleam Tension Pact 23 Natural Beige 13g,$100.80 
4500206375,09/15/2025,2025,Q3,09,10/15/2025,CA,1710,00060,120,Each,4.8,TWA,TWA60548,8.80974E+12,Easy Off Mascara Remover 7g,$576.00 
4500206378,09/15/2025,2025,Q3,09,10/20/2025,KY,1712,00010,24,Each,1,HBF,HBF45061,8.80028E+12,Ttekbokki Popcorn 80 g,$24.00 
4500206378,09/15/2025,2025,Q3,09,10/20/2025,KY,1712,00020,60,Each,1,HBF,HBF45058,8.80028E+12,Sweet Potato Popcorn 80 g,$60.00 
4500206378,09/15/2025,2025,Q3,09,10/20/2025,KY,1712,00030,60,Each,1,HBF,HBF94948,8.80962E+12,Butter Squid Popcorn 80 g,$60.00 
4500206378,09/15/2025,2025,Q3,09,10/20/2025,KY,1712,00040,24,Each,1,HBF,HBF94953,8.80962E+12,French Fried And Ketchup Popcorn 80 g,$24.00 
4500206378,09/15/2025,2025,Q3,09,10/20/2025,KY,1712,00050,240,Each,7.99,LFT,LFT67921,8.80592E+12,Lacto Fit Gold 100 g,"$1,917.60 "
4500206378,09/15/2025,2025,Q3,09,10/20/2025,KY,1712,00060,24,Each,1,HBF,HBF94926,8.80962E+12,Garlic Baguette Popcorn 80 g,$24.00 
4500206378,09/15/2025,2025,Q3,09,10/20/2025,KY,1712,00070,60,Each,1,HBF,HBF45029,8.80028E+12,Caramel Cheese Popcorn 80g,$60.00 
4500206378,09/15/2025,2025,Q3,09,10/20/2025,KY,1712,00080,120,Each,12.99,LFT,LFT68201,8.80592E+12,Lacto Fit Slim 120 g,"$1,558.80 "
4500206378,09/15/2025,2025,Q3,09,10/20/2025,KY,1712,00090,24,Each,1,HBF,HBF94921,8.80962E+12,Wasabi Mayo Popcorn 80 g,$24.00 
4500206378,09/15/2025,2025,Q3,09,10/20/2025,KY,1712,00100,48,Each,1,HBF,HBF45028,8.80028E+12,Milk Caramel Popcorn 80 g,$48.00 
4500206378,09/15/2025,2025,Q3,09,10/20/2025,KY,1712,00110,180,Each,3.24,HBF,HBF94900,8.80962E+12,Choco Churros Almond 120 g,$583.20 
4500206378,09/15/2025,2025,Q3,09,10/20/2025,KY,1712,00120,48,Each,1,HBF,HBF94891,8.80962E+12,New York Cheese Burger Popcorn 80 g,$48.00 
4500206378,09/15/2025,2025,Q3,09,10/20/2025,KY,1712,00130,180,Each,3.24,HBF,HBF94884,8.80962E+12,Dark Chocolate Almond Crunch 100 g,$583.20 
4500206378,09/15/2025,2025,Q3,09,10/20/2025,KY,1712,00140,20,Each,3.24,HBF,HBF94453,8.80962E+12,Injeolmi Almond 120 g,$64.80 
4500206378,09/15/2025,2025,Q3,09,10/20/2025,KY,1712,00150,60,Each,3.24,HBF,HBF94201,8.80962E+12,HBAF Caramel Salt Almond & Pretzel 120g,$194.40 
4500206378,09/15/2025,2025,Q3,09,10/20/2025,KY,1712,00160,40,Each,3.24,HBF,HBF94478,8.80962E+12,HBAF Tteokbokki Almond 120 g,$129.60 
4500206378,09/15/2025,2025,Q3,09,10/20/2025,KY,1712,00170,40,Each,3.24,HBF,HBF94479,8.80962E+12,Starlight Pangpang Almond 120 g,$129.60 
4500206378,09/15/2025,2025,Q3,09,10/20/2025,KY,1712,00180,120,Each,3.24,HBF,HBF94452,8.80962E+12,Cookies And Cream Almond 120 g,$388.80 
4500206378,09/15/2025,2025,Q3,09,10/20/2025,KY,1712,00190,200,Each,3.24,HBF,HBF94480,8.80962E+12,Jeju Matcha Almond 120 g,$648.00 
4500206378,09/15/2025,2025,Q3,09,10/20/2025,KY,1712,00200,60,Each,1,HBF,HBF45027,8.80028E+12,Cheddar Cheese Popcorn 80 g,$60.00 
4500206378,09/15/2025,2025,Q3,09,10/20/2025,KY,1712,00210,20,Each,3.24,HBF,HBF94451,8.80962E+12,HBAF Baked Corn Almond 120 g,$64.80 
4500206378,09/15/2025,2025,Q3,09,10/20/2025,KY,1712,00220,20,Each,3.24,HBF,HBF94508,8.80962E+12,Black Sesame Almond 120 g,$64.80 
4500206378,09/15/2025,2025,Q3,09,10/20/2025,KY,1712,00230,60,Each,3.24,HBF,HBF94533,8.80962E+12,HBAF Laver Almond 120 g,$194.40 
4500206378,09/15/2025,2025,Q3,09,10/20/2025,KY,1712,00240,20,Each,3.24,HBF,HBF94578,8.80962E+12,HBAF Roasted Onion Almond 120 g,$64.80 
4500206378,09/15/2025,2025,Q3,09,10/20/2025,KY,1712,00250,100,Each,3.24,HBF,HBF94449,8.80962E+12,HBAF Honey Butter Almond 120 g,$324.00 
4500206378,09/15/2025,2025,Q3,09,10/20/2025,KY,1712,00260,60,Each,3.24,HBF,HBF94448,8.80962E+12,Mint Choco Almond 120 g,$194.40 
4500206373,09/15/2025,2025,Q3,09,10/15/2025,CA,1710,00010,14,Each,17.69,DMX,DMX48164,8.80989E+12,ECM Neck Barrier Cream 1.69 fl oz,$247.66 
4500206373,09/15/2025,2025,Q3,09,10/15/2025,CA,1710,00020,48,Each,4.66,APB,APB68531,8.80987E+12,Spicule Collagen Shot 300 Cream 55ml,$223.68 
4500206373,09/15/2025,2025,Q3,09,10/15/2025,CA,1710,00030,13,Each,12.34,DMX,DMX48165,8.80989E+12,ECM Neck Barrier Ampoule 1.5 ml 10 ea,$160.42 
4500206373,09/15/2025,2025,Q3,09,10/15/2025,CA,1710,00040,20,Each,10.4,DMX,DMX48243,8.80989E+12,DMX Melting Cleanser 150 ml,$208.00 
4500206373,09/15/2025,2025,Q3,09,10/15/2025,CA,1710,00050,48,Each,4.66,APB,APB68431,8.80987E+12,Coenzyme Q10 Retinol Facial Cream 55ml,$223.68 
4500206373,09/15/2025,2025,Q3,09,10/15/2025,CA,1710,00060,36,Each,18.46,DMX,DMX48199,8.80989E+12,Pic Shot Pign Correct Calc Cream 25 g,$664.56 
4500206373,09/15/2025,2025,Q3,09,10/15/2025,CA,1710,00070,60,Each,5.32,OOT,OOT81288,8.80935E+12,OOTD Star Spot Patch 80ea,$319.20 
4500206373,09/15/2025,2025,Q3,09,10/15/2025,CA,1710,00080,72,Each,4.66,APB,APB68548,8.80987E+12,Exsome Coll EX Crm Facial Cream 55ml,$335.52 
4500206373,09/15/2025,2025,Q3,09,10/15/2025,CA,1710,00090,54,Each,17.2,DMX,DMX48245,8.80989E+12,Facephalt Tightening Cream 50ml,$928.80 
4500206373,09/15/2025,2025,Q3,09,10/15/2025,CA,1710,00100,60,Each,4.66,APB,APB68539,8.80987E+12,Exosome Vitamin C EX Serum 40ml,$279.60 
4500206373,09/15/2025,2025,Q3,09,10/15/2025,CA,1710,00110,24,Each,4.66,APB,APB68547,8.80987E+12,Exsome Vitamin C EX Cream 55ml,$111.84 
4500206373,09/15/2025,2025,Q3,09,10/15/2025,CA,1710,00120,120,Each,5.01,OOT,OOT81366,8.80935E+12,OTD Glossy Tinted Lip Serum 15ml,$601.20 
4500206373,09/15/2025,2025,Q3,09,10/15/2025,CA,1710,00130,24,Each,4.66,APB,APB68546,8.80987E+12,Exsome Retinol EX Cream 55ml,$111.84 
4500206373,09/15/2025,2025,Q3,09,10/15/2025,CA,1710,00140,50,Each,25.78,DMX,DMX48193,8.80989E+12,Eyephalt Eyecream For Eyebags 10ml,"$1,289.00 "
4500206373,09/15/2025,2025,Q3,09,10/15/2025,CA,1710,00150,24,Each,10.5,DMX,DMX48039,8.80989E+12,BP Exfoliating Pad 70 Pads 165ml,$252.00 
4500206373,09/15/2025,2025,Q3,09,10/15/2025,CA,1710,00160,60,Each,15.4,DMX,DMX48086,8.80989E+12,TX Ampoule Rx 1.01 fl oz (30 ml),$924.00 
4500206373,09/15/2025,2025,Q3,09,10/15/2025,CA,1710,00170,48,Each,12.34,DMX,DMX48167,8.80989E+12,Calcium Dark Spot Eye Cream 15 g,$592.32 
4500206373,09/15/2025,2025,Q3,09,10/15/2025,CA,1710,00180,24,Each,4.66,APB,APB68426,8.80987E+12,Zinc Niacinamide Facial Cream 55ml,$111.84 
4500206373,09/15/2025,2025,Q3,09,10/15/2025,CA,1710,00190,12,Each,16,DMX,DMX48087,8.80989E+12,BP Pore Barrier Cream 1.76 oz (50 g),$192.00 
4500206373,09/15/2025,2025,Q3,09,10/15/2025,CA,1710,00200,24,Each,15.07,DMX,DMX48109,8.80989E+12,Exosome Repair Cream 50 ml,$361.68 
4500206373,09/15/2025,2025,Q3,09,10/15/2025,CA,1710,00210,12,Each,18.8,DMX,DMX48110,8.80989E+12,BP Pore Ampoule 30 ml,$225.60 
4500206373,09/15/2025,2025,Q3,09,10/15/2025,CA,1710,00220,28,Each,18.46,DMX,DMX48115,8.80989E+12,EX Volume Firm Calcium Int Cream 50ml,$516.88 
4500206373,09/15/2025,2025,Q3,09,10/15/2025,CA,1710,00230,20,Each,7.53,DMX,DMX48134,8.80989E+12,Exosome Repair Toner 300 ml,$150.60 
4500206373,09/15/2025,2025,Q3,09,10/15/2025,CA,1710,00240,30,Each,6.85,DMX,DMX48169,8.80989E+12,BP-Pore Clear Mask Pack 25g 5 Each,$205.50 
4500206373,09/15/2025,2025,Q3,09,10/15/2025,CA,1710,00250,48,Each,4.66,APB,APB68423,8.80987E+12,Panthenol Retinol Facial Cream 55ml,$223.68 
4500206373,09/15/2025,2025,Q3,09,10/15/2025,CA,1710,00260,24,Each,4.66,APB,APB68545,8.80987E+12,Exsome Niacinamide EX Cream 55ml,$111.84 
4500206373,09/15/2025,2025,Q3,09,10/15/2025,CA,1710,00270,14,Each,15.07,DMX,DMX48145,8.80989E+12,Oyster Pep-3 Renewal Cream  50 ml,$210.98 
4500206373,09/15/2025,2025,Q3,09,10/15/2025,CA,1710,00280,24,Each,4.66,APB,APB68420,8.80987E+12,Glycolic Acid Niacin Facial Cream 55ml,$111.84 
4500206373,09/15/2025,2025,Q3,09,10/15/2025,CA,1710,00290,13,Each,17.69,DMX,DMX48170,8.80989E+12,Exosome Repair Ampoule Plus 40 ml,$229.97 
4500206373,09/15/2025,2025,Q3,09,10/15/2025,CA,1710,00300,24,Each,4.66,APB,APB68544,8.80987E+12,Liposome Collagen LX Cream 55ml,$111.84 
4500206373,09/15/2025,2025,Q3,09,10/15/2025,CA,1710,00310,60,Each,15.07,DMX,DMX48184,8.80989E+12,TX Ret Double Effect Eye Cream 40g,$904.20 
4500206373,09/15/2025,2025,Q3,09,10/15/2025,CA,1710,00320,70,Each,14,DMX,DMX48149,8.80989E+12,Anti-Freckles Whiten Capsule Cream 50g,$980.00 
4500206373,09/15/2025,2025,Q3,09,10/15/2025,CA,1710,00330,42,Each,20.73,DMX,DMX48259,8.80989E+12,Eyephalt Eyebag Cream 0.35 oz (10 g),$870.66 
4500206373,09/15/2025,2025,Q3,09,10/15/2025,CA,1710,00340,20,Each,4.66,APB,APB68415,8.80987E+12,Coenzyme Q10 Ret Ampoule Serum 40ml,$93.20 
4500206373,09/15/2025,2025,Q3,09,10/15/2025,CA,1710,00350,60,Each,5.01,APB,APB68267,8.80987E+12,Glutath Niacinamide Ampoule Serum 40ml,$300.60 
4500206373,09/15/2025,2025,Q3,09,10/15/2025,CA,1710,00360,40,Each,8.2,DMX,DMX48186,8.80989E+12,Bond Clin I Prot Bond Rem Shampoo 400ml,$328.00 
4500206373,09/15/2025,2025,Q3,09,10/15/2025,CA,1710,00370,40,Each,11.94,DMX,DMX48185,8.80989E+12,Bond Clin Prot Bond Remod Clinic 250ml,$477.60 
4500206373,09/15/2025,2025,Q3,09,10/15/2025,CA,1710,00380,20,Each,4.66,APB,APB68405,8.80987E+12,Mandelic Acid Ret Ampoule Serum 40ml,$93.20 
4500206373,09/15/2025,2025,Q3,09,10/15/2025,CA,1710,00390,24,Each,4.66,APB,APB68433,8.80987E+12,Ferulic Acid Vit C Facial Cream 55ml,$111.84 
4500206373,09/15/2025,2025,Q3,09,10/15/2025,CA,1710,00400,24,Each,4.66,APB,APB68401,8.80987E+12,Glutath Niacin Toner Pad 60 Pads 100ml,$111.84 
4500206373,09/15/2025,2025,Q3,09,10/15/2025,CA,1710,00410,24,Each,4.66,APB,APB68400,8.80987E+12,Glutathione Niacinamide Cln Water 160ml,$111.84 
4500206373,09/15/2025,2025,Q3,09,10/15/2025,CA,1710,00420,20,Each,4.66,APB,APB68407,8.80987E+12,Panthenol Retinol Ampoule Serum 40ml,$93.20 
4500206373,09/15/2025,2025,Q3,09,10/15/2025,CA,1710,00430,20,Each,4.66,APB,APB68408,8.80987E+12,Bifida Niacinamide Ampoule Serum 40ml,$93.20 
4500206373,09/15/2025,2025,Q3,09,10/15/2025,CA,1710,00440,36,Each,7,DMX,DMX48153,8.80989E+12,Astax Whiten Amp Mask Pack 25g 5 Ea,$252.00 
4500206373,09/15/2025,2025,Q3,09,10/15/2025,CA,1710,00450,20,Each,4.66,APB,APB68410,8.80987E+12,Zinc Niacinamide Ampoule Serum 40ml,$93.20 
4500206373,09/15/2025,2025,Q3,09,10/15/2025,CA,1710,00460,24,Each,4.66,APB,APB68398,8.80987E+12,Glutathione Niacinamide Clean Oil 105ml,$111.84 
4500206373,09/15/2025,2025,Q3,09,10/15/2025,CA,1710,00470,48,Each,4.66,APB,APB68506,8.80987E+12,PDRN Vitamin C Facial Cream 55ml,$223.68 
4500206373,09/15/2025,2025,Q3,09,10/15/2025,CA,1710,00480,24,Each,4.66,APB,APB68389,8.80987E+12,Bakuchiol Propolis Facial Cream 55ml,$111.84 
4500206373,09/15/2025,2025,Q3,09,10/15/2025,CA,1710,00490,40,Each,4.66,APB,APB68386,8.80987E+12,Bakuchiol Propolis Ampoule Serum 40ml,$186.40 
4500206373,09/15/2025,2025,Q3,09,10/15/2025,CA,1710,00500,20,Each,5.58,DMX,DMX48157,8.80989E+12,Exosome Repair Mask Pack 30 g x 5 Ea,$111.60 
4500206373,09/15/2025,2025,Q3,09,10/15/2025,CA,1710,00510,100,Each,5.19,APB,APB68331,8.80987E+12,Glut Niacin Sheet Mask 10 Pack 25ml,$519.00 
4500206373,09/15/2025,2025,Q3,09,10/15/2025,CA,1710,00520,24,Each,9.6,DMX,DMX48160,8.80989E+12,Aqua Ion Plas Hydrating Gel Cream 50ml,$230.40 
4500206373,09/15/2025,2025,Q3,09,10/15/2025,CA,1710,00530,320,Each,5.01,APB,APB68274,8.80987E+12,Glutath Niacinamide Body Lotion 300ml,"$1,603.20 "
4500206373,09/15/2025,2025,Q3,09,10/15/2025,CA,1710,00540,320,Each,5.01,APB,APB68273,8.80987E+12,Glutath Niacinamide Body Wash 300ml,"$1,603.20 "
4500206373,09/15/2025,2025,Q3,09,10/15/2025,CA,1710,00550,35,Each,12,DMX,DMX48161,8.80989E+12,Aqua Ion Plas Water Glow Ampoule 50ml,$420.00 
4500206373,09/15/2025,2025,Q3,09,10/15/2025,CA,1710,00560,48,Each,5.01,APB,APB68271,8.80987E+12,Glutath Niacinamide Mist Essence 105ml,$240.48 
4500206373,09/15/2025,2025,Q3,09,10/15/2025,CA,1710,00570,48,Each,5.01,APB,APB68268,8.80987E+12,Glutath Niacinamide Facial Cream 55ml,$240.48 
4500206373,09/15/2025,2025,Q3,09,10/15/2025,CA,1710,00580,12,Each,7,DMX,DMX48162,8.80989E+12,Aqua Ion Plas Hydrat Wtr Msk 25g 5 Ea,$84.00 
4500206373,09/15/2025,2025,Q3,09,10/15/2025,CA,1710,00590,26,Each,5.19,APB,APB68523,8.80987E+12,Tranex Acd Niacin Sht Msk 10Msks 25mlEa,$134.94 
4500206373,09/15/2025,2025,Q3,09,10/15/2025,CA,1710,00600,20,Each,4.66,APB,APB68527,8.80987E+12,Spicule Collagen Shot 300 Serum 40ml,$93.20 
4500206373,09/15/2025,2025,Q3,09,10/15/2025,CA,1710,00610,52,Each,5.19,APB,APB68521,8.80987E+12,Ret Vit C Vit E Sht Msk 10 Msks 25ml Ea,$269.88 
4500206376,09/15/2025,2025,Q3,09,10/20/2025,KY,1712,00010,60,Each,4.8,TWA,TWA60548,8.80974E+12,Easy Off Mascara Remover 7g,$288.00 
4500206376,09/15/2025,2025,Q3,09,10/20/2025,KY,1712,00020,20,Each,4.9,TWA,TWA31350,8.80028E+12,Glaze Bouncing Tint Berry Shower 4.5g,$98.00 
4500206376,09/15/2025,2025,Q3,09,10/20/2025,KY,1712,00030,20,Each,4.9,TWA,TWA31346,8.80028E+12,Glaze Bouncing Tint Rosy Mocha 4.5 g,$98.00 
4500206376,09/15/2025,2025,Q3,09,10/20/2025,KY,1712,00040,18,Each,4.85,TWA,TWA20981,8.80997E+12,Pure Glsh Highlighter OR01 Pch Bm 2.7g,$87.30 
4500206376,09/15/2025,2025,Q3,09,10/20/2025,KY,1712,00050,18,Each,4.85,TWA,TWA20980,8.80997E+12,Pure Glsh Highlighter PK02 Pnkbell 2.7g,$87.30 
4500206376,09/15/2025,2025,Q3,09,10/20/2025,KY,1712,00060,18,Each,4.85,TWA,TWA20916,8.80997E+12,Pure Glash Highlighter WH01 Frosty 2.7g,$87.30 
4500206376,09/15/2025,2025,Q3,09,10/20/2025,KY,1712,00070,24,Each,8.4,TWA,TWA20657,8.80997E+12,Gleam Tension Pact 23 Natural Beige 13g,$201.60 
4500206376,09/15/2025,2025,Q3,09,10/20/2025,KY,1712,00080,18,Each,4.85,TWA,TWA20422,8.80997E+12,Pure Glsh Highlighter PK01 Mermaid 2.7g,$87.30 
4500206376,09/15/2025,2025,Q3,09,10/20/2025,KY,1712,00090,18,Each,4.85,TWA,TWA20420,8.80997E+12,Pure Glash Highlighter ND01 Shell 2.7g,$87.30 
4500206376,09/15/2025,2025,Q3,09,10/20/2025,KY,1712,00100,20,Each,9.19,PNA,PNA07126,8.8097E+12,Glacial Bio Water No Sebum Cushion 10g,$183.80 
4500206376,09/15/2025,2025,Q3,09,10/20/2025,KY,1712,00110,20,Each,11.48,PNA,PNA09316,8.8097E+12,Cica Serum Cushion 17N Fair Vanilla 15g,$229.60 
4500206376,09/15/2025,2025,Q3,09,10/20/2025,KY,1712,00120,20,Each,11.48,PNA,PNA09319,8.8097E+12,Cica Serum Cushion 21C Cool Rosy 15g,$229.60 
4500206377,09/15/2025,2025,Q3,09,10/15/2025,CA,1710,00010,30,Each,9.53,LFT,LFT69431,8.80592E+12,Lacto Fit Liver Support 120 g,$285.90 
4500206377,09/15/2025,2025,Q3,09,10/15/2025,CA,1710,00020,48,Each,10.51,LFT,LFT69271,8.80592E+12,Lacto Fit Glucose Control 120 g,$504.48 
4500206377,09/15/2025,2025,Q3,09,10/15/2025,CA,1710,00030,60,Each,1,HBF,HBF45057,8.80028E+12,Baked Corn Popcorn 80 g,$60.00 
4500206377,09/15/2025,2025,Q3,09,10/15/2025,CA,1710,00040,60,Each,1,HBF,HBF45028,8.80028E+12,Milk Caramel Popcorn 80 g,$60.00 
4500206377,09/15/2025,2025,Q3,09,10/15/2025,CA,1710,00050,48,Each,1,HBF,HBF45027,8.80028E+12,Cheddar Cheese Popcorn 80 g,$48.00 
4500206377,09/15/2025,2025,Q3,09,10/15/2025,CA,1710,00060,48,Each,1,HBF,HBF45026,8.80028E+12,Laver Popcorn 80 g,$48.00 
4500206377,09/15/2025,2025,Q3,09,10/15/2025,CA,1710,00070,96,Each,1,HBF,HBF45025,8.80028E+12,Salted Milk Popcorn 80 g,$96.00 
4500206377,09/15/2025,2025,Q3,09,10/15/2025,CA,1710,00080,240,Each,3.24,HBF,HBF94884,8.80962E+12,Dark Chocolate Almond Crunch 100 g,$777.60 
4500206377,09/15/2025,2025,Q3,09,10/15/2025,CA,1710,00090,40,Each,3.24,HBF,HBF94508,8.80962E+12,Black Sesame Almond 120 g,$129.60 
4500206377,09/15/2025,2025,Q3,09,10/15/2025,CA,1710,00100,20,Each,3.24,HBF,HBF94494,8.80962E+12,HBAF Garlic Bread Almond 120 g,$64.80 
4500206377,09/15/2025,2025,Q3,09,10/15/2025,CA,1710,00110,40,Each,3.24,HBF,HBF94481,8.80962E+12,Black Sugar Milk Tea Almond 120 g,$129.60 
4500206377,09/15/2025,2025,Q3,09,10/15/2025,CA,1710,00120,60,Each,3.24,HBF,HBF94480,8.80962E+12,Jeju Matcha Almond 120 g,$194.40 
4500206377,09/15/2025,2025,Q3,09,10/15/2025,CA,1710,00130,40,Each,3.24,HBF,HBF94477,8.80962E+12,HBAF Hot & Spicy Chicken Almond 120 g,$129.60 
4500206377,09/15/2025,2025,Q3,09,10/15/2025,CA,1710,00140,30,Each,10.15,LFT,LFT67871,8.80592E+12,Lacto Fit Kids 120 g,$304.50 
4500206377,09/15/2025,2025,Q3,09,10/15/2025,CA,1710,00150,90,Each,7.99,LFT,LFT67921,8.80592E+12,Lacto Fit Gold 100 g,$719.10 
4500206377,09/15/2025,2025,Q3,09,10/15/2025,CA,1710,00160,90,Each,12.99,LFT,LFT68201,8.80592E+12,Lacto Fit Slim 120 g,"$1,169.10 "
4500206377,09/15/2025,2025,Q3,09,10/15/2025,CA,1710,00170,120,Each,8.33,LFT,LFT68101,8.80592E+12,Lacto Fit Core 120 g,$999.60 
4500206377,09/15/2025,2025,Q3,09,10/15/2025,CA,1710,00180,48,Each,1,HBF,HBF94927,8.80962E+12,Mexican Taco Popcorn 80 g,$48.00 
4500206377,09/15/2025,2025,Q3,09,10/15/2025,CA,1710,00190,12,Each,1,HBF,HBF94928,8.80962E+12,Pepperoni Pizza Popcorn 80 g,$12.00 
4500206377,09/15/2025,2025,Q3,09,10/15/2025,CA,1710,00200,48,Each,1,HBF,HBF94948,8.80962E+12,Butter Squid Popcorn 80 g,$48.00 
4500206377,09/15/2025,2025,Q3,09,10/15/2025,CA,1710,00210,24,Each,1,HBF,HBF94953,8.80962E+12,French Fried And Ketchup Popcorn 80 g,$24.00 
4500206377,09/15/2025,2025,Q3,09,10/15/2025,CA,1710,00220,48,Each,1,HBF,HBF94926,8.80962E+12,Garlic Baguette Popcorn 80 g,$48.00 
4500206377,09/15/2025,2025,Q3,09,10/15/2025,CA,1710,00230,36,Each,1,HBF,HBF94921,8.80962E+12,Wasabi Mayo Popcorn 80 g,$36.00 
4500206377,09/15/2025,2025,Q3,09,10/15/2025,CA,1710,00240,20,Each,3.24,HBF,HBF94453,8.80962E+12,Injeolmi Almond 120 g,$64.80 
4500206377,09/15/2025,2025,Q3,09,10/15/2025,CA,1710,00250,40,Each,3.24,HBF,HBF94452,8.80962E+12,Cookies And Cream Almond 120 g,$129.60 
4500206377,09/15/2025,2025,Q3,09,10/15/2025,CA,1710,00260,40,Each,3.24,HBF,HBF94450,8.80962E+12,HBAF Wasabi Almond 120 g,$129.60 
4500206377,09/15/2025,2025,Q3,09,10/15/2025,CA,1710,00270,60,Each,3.24,HBF,HBF94449,8.80962E+12,HBAF Honey Butter Almond 120 g,$194.40 
4500206377,09/15/2025,2025,Q3,09,10/15/2025,CA,1710,00280,24,Each,1,HBF,HBF45061,8.80028E+12,Ttekbokki Popcorn 80 g,$24.00 
4500206377,09/15/2025,2025,Q3,09,10/15/2025,CA,1710,00290,40,Each,3.24,HBF,HBF94448,8.80962E+12,Mint Choco Almond 120 g,$129.60 
4500206380,09/15/2025,2025,Q3,09,10/20/2025,KY,1712,00010,20,Each,6.69,GBL,GBL39037,8.80969E+12,BlueCalm Rescue Gel 0.33 fl oz (10 ml),$133.80 
4500206380,09/15/2025,2025,Q3,09,10/20/2025,KY,1712,00020,12,Each,14.72,GBL,GBL51029,8.80989E+12,Crys Drp Hydra Boost Ampoule 30ml,$176.64 
4500206380,09/15/2025,2025,Q3,09,10/20/2025,KY,1712,00030,40,Each,13.82,MVY,MVY90640,8.80988E+12,MVY Art Calming Core Sooth Cream 100ml,$552.80 
4500206380,09/15/2025,2025,Q3,09,10/20/2025,KY,1712,00040,18,Each,24.4,MUZ,MUZ58084,8.80984E+12,Sleek Matt Cushion N25 30 g,$439.20 
4500206380,09/15/2025,2025,Q3,09,10/20/2025,KY,1712,00050,18,Each,24.4,MUZ,MUZ58083,8.80984E+12,Sleek Matt Cushion N23 30 g,$439.20 
4500206380,09/15/2025,2025,Q3,09,10/20/2025,KY,1712,00060,15,Each,13,MUZ,MUZ58077,8.80984E+12,Moodwear Blur Lipstick 007 Hippy 4 g,$195.00 
4500206380,09/15/2025,2025,Q3,09,10/20/2025,KY,1712,00070,110,Each,7.14,GBL,GBL54124,8.80974E+12,PDRN Rejuvenating Mask 5 Pack 25ml,$785.40 
4500206380,09/15/2025,2025,Q3,09,10/20/2025,KY,1712,00080,20,Each,7.14,GBL,GBL54364,8.80974E+12,Glutathi Bright Ample Msk 5 Pk 25 ml,$142.80 
4500206380,09/15/2025,2025,Q3,09,10/20/2025,KY,1712,00090,40,Each,10.71,GBL,GBL54440,8.80974E+12,PDRN Rejuvenating Toner 300 ml,$428.40 
4500206380,09/15/2025,2025,Q3,09,10/20/2025,KY,1712,00100,18,Each,11.96,SRI,SRI55257,8.80616E+12,My First Essener 100ml,$215.28 
4500206380,09/15/2025,2025,Q3,09,10/20/2025,KY,1712,00110,60,Each,11.74,GWU,GWU09184,8.8097E+12,Algae Therapy Mineral Shampoo 500g,$704.40 
4500206380,09/15/2025,2025,Q3,09,10/20/2025,KY,1712,00120,22,Each,5.13,SRI,SRI99720,8.80908E+12,More Than Lip Balm 4g,$112.86 
4500206380,09/15/2025,2025,Q3,09,10/20/2025,KY,1712,00130,10,Each,11.74,GWU,GWU09352,8.8097E+12,GWU Damage Therapy Shampoo EX 500ml,$117.40 
4500206380,09/15/2025,2025,Q3,09,10/20/2025,KY,1712,00140,20,Each,7.69,SRI,SRI99757,8.80908E+12,Back To My Memories Handcream  50ml,$153.80 
4500206380,09/15/2025,2025,Q3,09,10/20/2025,KY,1712,00150,20,Each,9.93,GWU,GWU09353,8.8097E+12,Damage Therapy Hair Treatment EX 220g,$198.60 
4500206380,09/15/2025,2025,Q3,09,10/20/2025,KY,1712,00160,48,Each,10.46,NRP,NRP45415,8.80617E+12,Fresh Powdery Sun Stick SPF50 0.71 oz,$502.08 
4500206380,09/15/2025,2025,Q3,09,10/20/2025,KY,1712,00170,210,Each,11.79,EQQ,EQQ45319,8.80988E+12,EQQ Swimming Pool Toner 300ml,"$2,475.90 "
4500206380,09/15/2025,2025,Q3,09,10/20/2025,KY,1712,00180,60,Each,11.79,EQQ,EQQ45431,8.80988E+12,EQQ Swimm Pool Toner Pads 70 Pads 220ml,$707.40 
4500206380,09/15/2025,2025,Q3,09,10/20/2025,KY,1712,00190,120,Each,11.55,EQQ,EQQ45602,8.80988E+12,EQQ Purple PDRN Pore Minimiz Serum 30ml,"$1,386.00 "
4500206380,09/15/2025,2025,Q3,09,10/20/2025,KY,1712,00200,60,Each,10.69,EQQ,EQQ45639,8.80988E+12,EQQ Coll PreTghtUp Hydrogel Msk 4ct 30g,$641.40 
4500206380,09/15/2025,2025,Q3,09,10/20/2025,KY,1712,00210,20,Each,10.69,EQQ,EQQ45643,8.80988E+12,EQQ Collagen GlwUp Hydrogel Msk 4ct 30g,$213.80 
4500206380,09/15/2025,2025,Q3,09,10/20/2025,KY,1712,00220,2214,Each,12.85,EQQ,EQQ45647,8.80988E+12,EQQ Deep Cera Vitamin Illum Serum 30ml,"$28,449.90 "
4500206380,09/15/2025,2025,Q3,09,10/20/2025,KY,1712,00230,1026,Each,12.85,EQQ,EQQ45648,8.80988E+12,EQQ Deep Cera Baku Plump Serum 30ml,"$13,184.10 "
4500206380,09/15/2025,2025,Q3,09,10/20/2025,KY,1712,00240,90,Each,12.94,GBL,GBL39004,8.80969E+12,PDRN Rejuvenating Cream 70 ml,"$1,164.60 "
4500206380,09/15/2025,2025,Q3,09,10/20/2025,KY,1712,00250,10,Each,10.71,GBL,GBL25203,8.80614E+12,Aquaporin Intense Cream Toner 120 ml,$107.10 
4500206380,09/15/2025,2025,Q3,09,10/20/2025,KY,1712,00260,20,Each,18.74,GBL,GBL25183,8.80614E+12,Edelweiss Lifting Serum 40 ml,$374.80 
4500206380,09/15/2025,2025,Q3,09,10/20/2025,KY,1712,00270,40,Each,11.48,SGE,SGE02238,8.80025E+12,Dp Coll Melt Ptch Eyes Forehead 3 ct ea,$459.20 
4500206380,09/15/2025,2025,Q3,09,10/20/2025,KY,1712,00280,10,Each,15.17,GBL,GBL25112,8.80614E+12,Melacare Intensive Cream 50 ml,$151.70 
4500206380,09/15/2025,2025,Q3,09,10/20/2025,KY,1712,00290,100,Each,13.38,GBL,GBL25102,8.80614E+12,PDRN Vita Toning Ampoule 30 ml,"$1,338.00 "
4500206374,09/15/2025,2025,Q3,09,10/20/2025,KY,1712,00010,65,Each,12.34,DMX,DMX48165,8.80989E+12,ECM Neck Barrier Ampoule 1.5 ml 10 ea,$802.10 
4500206374,09/15/2025,2025,Q3,09,10/20/2025,KY,1712,00020,180,Each,4.66,APB,APB68537,8.80987E+12,Exosome Niacinamide EX Serum 40ml,$838.80 
4500206374,09/15/2025,2025,Q3,09,10/20/2025,KY,1712,00030,14,Each,17.69,DMX,DMX48164,8.80989E+12,ECM Neck Barrier Cream 1.69 fl oz,$247.66 
4500206374,09/15/2025,2025,Q3,09,10/20/2025,KY,1712,00040,80,Each,8.2,DMX,DMX48186,8.80989E+12,Bond Clin I Prot Bond Rem Shampoo 400ml,$656.00 
4500206374,09/15/2025,2025,Q3,09,10/20/2025,KY,1712,00050,40,Each,4.66,APB,APB68534,8.80987E+12,Liposomal Retinol LX Serum 40ml,$186.40 
4500206374,09/15/2025,2025,Q3,09,10/20/2025,KY,1712,00060,48,Each,4.66,APB,APB68431,8.80987E+12,Coenzyme Q10 Retinol Facial Cream 55ml,$223.68 
4500206374,09/15/2025,2025,Q3,09,10/20/2025,KY,1712,00070,182,Each,5.19,APB,APB68523,8.80987E+12,Tranex Acd Niacin Sht Msk 10Msks 25mlEa,$944.58 
4500206374,09/15/2025,2025,Q3,09,10/20/2025,KY,1712,00080,20,Each,4.66,APB,APB68527,8.80987E+12,Spicule Collagen Shot 300 Serum 40ml,$93.20 
4500206374,09/15/2025,2025,Q3,09,10/20/2025,KY,1712,00090,160,Each,4.66,APB,APB68540,8.80987E+12,Exosome Collagen EX Serum 40ml,$745.60 
4500206374,09/15/2025,2025,Q3,09,10/20/2025,KY,1712,00100,40,Each,4.66,APB,APB68525,8.80987E+12,Spicule Collagen Shot 180 Serum 40ml,$186.40 
4500206374,09/15/2025,2025,Q3,09,10/20/2025,KY,1712,00110,60,Each,15.07,DMX,DMX48184,8.80989E+12,TX Ret Double Effect Eye Cream 40g,$904.20 
4500206374,09/15/2025,2025,Q3,09,10/20/2025,KY,1712,00120,18,Each,18.46,DMX,DMX48199,8.80989E+12,Pic Shot Pign Correct Calc Cream 25 g,$332.28 
4500206374,09/15/2025,2025,Q3,09,10/20/2025,KY,1712,00130,40,Each,4.66,APB,APB68539,8.80987E+12,Exosome Vitamin C EX Serum 40ml,$186.40 
4500206374,09/15/2025,2025,Q3,09,10/20/2025,KY,1712,00140,40,Each,4.66,APB,APB68470,8.80987E+12,Caffeine Niacin Ampoule Serum 40ml,$186.40 
4500206374,09/15/2025,2025,Q3,09,10/20/2025,KY,1712,00150,180,Each,4.66,APB,APB68538,8.80987E+12,Exosome Retinol EX Serum 40ml,$838.80 
4500206374,09/15/2025,2025,Q3,09,10/20/2025,KY,1712,00160,156,Each,5.19,APB,APB68522,8.80987E+12,Coll EGF Pep Sht Msk 10 Msks 25ml Ea,$809.64 
4500206374,09/15/2025,2025,Q3,09,10/20/2025,KY,1712,00170,120,Each,4.66,APB,APB68506,8.80987E+12,PDRN Vitamin C Facial Cream 55ml,$559.20 
4500206374,09/15/2025,2025,Q3,09,10/20/2025,KY,1712,00180,96,Each,7,DMX,DMX48153,8.80989E+12,Astax Whiten Amp Mask Pack 25g 5 Ea,$672.00 
4500206374,09/15/2025,2025,Q3,09,10/20/2025,KY,1712,00190,608,Each,13.2,DMX,DMX48236,8.80989E+12,Peel Shot Exfoliant Rice Ampoule 80ml,"$8,025.60 "
4500206374,09/15/2025,2025,Q3,09,10/20/2025,KY,1712,00200,60,Each,10.4,DMX,DMX48243,8.80989E+12,DMX Melting Cleanser 150 ml,$624.00 
4500206374,09/15/2025,2025,Q3,09,10/20/2025,KY,1712,00210,144,Each,4.66,APB,APB68545,8.80987E+12,Exsome Niacinamide EX Cream 55ml,$671.04 
4500206374,09/15/2025,2025,Q3,09,10/20/2025,KY,1712,00220,144,Each,4.66,APB,APB68548,8.80987E+12,Exsome Coll EX Crm Facial Cream 55ml,$671.04 
4500206374,09/15/2025,2025,Q3,09,10/20/2025,KY,1712,00230,169,Each,5.19,APB,APB68521,8.80987E+12,Ret Vit C Vit E Sht Msk 10 Msks 25ml Ea,$877.11 
4500206374,09/15/2025,2025,Q3,09,10/20/2025,KY,1712,00240,120,Each,4.66,APB,APB68508,8.80987E+12,PDRN Vitamin C Ampoule Serum 40ml,$559.20 
4500206374,09/15/2025,2025,Q3,09,10/20/2025,KY,1712,00250,60,Each,25.78,DMX,DMX48193,8.80989E+12,Eyephalt Eyecream For Eyebags 10ml,"$1,546.80 "
4500206374,09/15/2025,2025,Q3,09,10/20/2025,KY,1712,00260,288,Each,4.66,APB,APB68516,8.80987E+12,Collagen EGF Peptide Body Lotion 300ml,"$1,342.08 "
4500206374,09/15/2025,2025,Q3,09,10/20/2025,KY,1712,00270,36,Each,22.18,DMX,DMX48198,8.80989E+12,Pic Shot Pig Correct Calc Ample 30ml,$798.48 
4500206374,09/15/2025,2025,Q3,09,10/20/2025,KY,1712,00280,54,Each,17.2,DMX,DMX48245,8.80989E+12,Facephalt Tightening Cream 50ml,$928.80 
4500206374,09/15/2025,2025,Q3,09,10/20/2025,KY,1712,00290,144,Each,4.66,APB,APB68429,8.80987E+12,Kojic Acid Vitamin C Facial Cream 55ml,$671.04 
4500206374,09/15/2025,2025,Q3,09,10/20/2025,KY,1712,00300,120,Each,4.66,APB,APB68426,8.80987E+12,Zinc Niacinamide Facial Cream 55ml,$559.20 
4500206374,09/15/2025,2025,Q3,09,10/20/2025,KY,1712,00310,24,Each,4.66,APB,APB68423,8.80987E+12,Panthenol Retinol Facial Cream 55ml,$111.84 
4500206374,09/15/2025,2025,Q3,09,10/20/2025,KY,1712,00320,120,Each,4.66,APB,APB68422,8.80987E+12,Urea Hyaluronic Acid Facial Cream 55ml,$559.20 
4500206374,09/15/2025,2025,Q3,09,10/20/2025,KY,1712,00330,24,Each,4.66,APB,APB68420,8.80987E+12,Glycolic Acid Niacin Facial Cream 55ml,$111.84 
4500206374,09/15/2025,2025,Q3,09,10/20/2025,KY,1712,00340,360,Each,4.66,APB,APB68418,8.80987E+12,Azelaic Acid Peptide Facial Cream 55ml,"$1,677.60 "
4500206374,09/15/2025,2025,Q3,09,10/20/2025,KY,1712,00350,20,Each,4.66,APB,APB68417,8.80987E+12,Ferulic Acid Vit C Ampoule Serum 40ml,$93.20 
4500206374,09/15/2025,2025,Q3,09,10/20/2025,KY,1712,00360,20,Each,4.66,APB,APB68414,8.80987E+12,Amino Acid Peptide Ampoule Serum 40ml,$93.20 
4500206374,09/15/2025,2025,Q3,09,10/20/2025,KY,1712,00370,180,Each,4.66,APB,APB68413,8.80987E+12,Kojic Acid Vit C Ampoule Serum 40ml,$838.80 
4500206374,09/15/2025,2025,Q3,09,10/20/2025,KY,1712,00380,40,Each,4.66,APB,APB68412,8.80987E+12,Squalane Hyal Acid Ampoule Serum 40ml,$186.40 
4500206374,09/15/2025,2025,Q3,09,10/20/2025,KY,1712,00390,260,Each,4.66,APB,APB68410,8.80987E+12,Zinc Niacinamide Ampoule Serum 40ml,"$1,211.60 "
4500206374,09/15/2025,2025,Q3,09,10/20/2025,KY,1712,00400,120,Each,4.66,APB,APB68406,8.80987E+12,Urea Hyaluronic Acid Ampoule Serum 40ml,$559.20 
4500206374,09/15/2025,2025,Q3,09,10/20/2025,KY,1712,00410,60,Each,4.66,APB,APB68405,8.80987E+12,Mandelic Acid Ret Ampoule Serum 40ml,$279.60 
4500206374,09/15/2025,2025,Q3,09,10/20/2025,KY,1712,00420,320,Each,4.66,APB,APB68402,8.80987E+12,Azelaic Acid Pep Ampoule Serum 40ml,"$1,491.20 "
4500206374,09/15/2025,2025,Q3,09,10/20/2025,KY,1712,00430,96,Each,4.66,APB,APB68401,8.80987E+12,Glutath Niacin Toner Pad 60 Pads 100ml,$447.36 
4500206374,09/15/2025,2025,Q3,09,10/20/2025,KY,1712,00440,24,Each,4.66,APB,APB68399,8.80987E+12,Glutathione Niacinamide Cleans Blm 80ml,$111.84 
4500206374,09/15/2025,2025,Q3,09,10/20/2025,KY,1712,00450,96,Each,4.66,APB,APB68398,8.80987E+12,Glutathione Niacinamide Clean Oil 105ml,$447.36 
4500206374,09/15/2025,2025,Q3,09,10/20/2025,KY,1712,00460,240,Each,4.66,APB,APB68390,8.80987E+12,Tranex Acid Niacin Facial Cream 55ml,"$1,118.40 "
4500206374,09/15/2025,2025,Q3,09,10/20/2025,KY,1712,00470,280,Each,4.66,APB,APB68387,8.80987E+12,Tranex Acid Niacin Ampoule Serum 40ml,"$1,304.80 "
4500206374,09/15/2025,2025,Q3,09,10/20/2025,KY,1712,00480,300,Each,5.19,APB,APB68331,8.80987E+12,Glut Niacin Sheet Mask 10 Pack 25ml,"$1,557.00 "
4500206374,09/15/2025,2025,Q3,09,10/20/2025,KY,1712,00490,1250,Each,5.01,APB,APB68276,8.80987E+12,Glutath Niacinamide Sunscreen 40ml,"$6,262.50 "
4500206374,09/15/2025,2025,Q3,09,10/20/2025,KY,1712,00500,3200,Each,5.01,APB,APB68274,8.80987E+12,Glutath Niacinamide Body Lotion 300ml,"$16,032.00 "
4500206374,09/15/2025,2025,Q3,09,10/20/2025,KY,1712,00510,1824,Each,5.01,APB,APB68273,8.80987E+12,Glutath Niacinamide Body Wash 300ml,"$9,138.24 "
4500206374,09/15/2025,2025,Q3,09,10/20/2025,KY,1712,00520,210,Each,5.01,APB,APB68272,8.80987E+12,Glutath Niacinamide Fac Cleanser 80ml,"$1,052.10 "
4500206374,09/15/2025,2025,Q3,09,10/20/2025,KY,1712,00530,60,Each,5.01,APB,APB68270,8.80987E+12,Glutath Niacinamide Facial Toner 160ml,$300.60 
4500206374,09/15/2025,2025,Q3,09,10/20/2025,KY,1712,00540,480,Each,5.01,APB,APB68268,8.80987E+12,Glutath Niacinamide Facial Cream 55ml,"$2,404.80 "
4500206374,09/15/2025,2025,Q3,09,10/20/2025,KY,1712,00550,620,Each,5.01,APB,APB68267,8.80987E+12,Glutath Niacinamide Ampoule Serum 40ml,"$3,106.20 "
4500206374,09/15/2025,2025,Q3,09,10/20/2025,KY,1712,00560,54,Each,8.96,DMX,DMX48005,8.80989E+12,TX Peeling Toner 5.07 fl oz (150 ml),$483.84 
4500206374,09/15/2025,2025,Q3,09,10/20/2025,KY,1712,00570,60,Each,15.4,DMX,DMX48086,8.80989E+12,TX Ampoule Rx 1.01 fl oz (30 ml),$924.00 
4500206374,09/15/2025,2025,Q3,09,10/20/2025,KY,1712,00580,60,Each,7.53,DMX,DMX48134,8.80989E+12,Exosome Repair Toner 300 ml,$451.80 
4500206374,09/15/2025,2025,Q3,09,10/20/2025,KY,1712,00590,36,Each,12.34,DMX,DMX48135,8.80989E+12,Papaya Powder Wash 1.7 oz (50 g),$444.24 
4500206374,09/15/2025,2025,Q3,09,10/20/2025,KY,1712,00600,28,Each,12.34,DMX,DMX48141,8.80989E+12,TX Cream 1.69 fl oz (50 ml),$345.52 
4500206374,09/15/2025,2025,Q3,09,10/20/2025,KY,1712,00610,33,Each,5.58,DMX,DMX48147,8.80989E+12,Oyster Pep-3 Renewal Mask Pck 3 g 5 Ea,$184.14 
4500206374,09/15/2025,2025,Q3,09,10/20/2025,KY,1712,00620,22,Each,10.49,DMX,DMX48148,8.80989E+12,Oyster Pep-3 Renewal Oil Mist 100 ml,$230.78 
4500206374,09/15/2025,2025,Q3,09,10/20/2025,KY,1712,00630,140,Each,14,DMX,DMX48149,8.80989E+12,Anti-Freckles Whiten Capsule Cream 50g,"$1,960.00 "
4500206374,09/15/2025,2025,Q3,09,10/20/2025,KY,1712,00640,96,Each,17.85,DMX,DMX48150,8.80989E+12,Extra Whitening Ampoule 30 ml,"$1,713.60 "
4500206374,09/15/2025,2025,Q3,09,10/20/2025,KY,1712,00650,20,Each,4.35,OOT,OOT81207,8.80935E+12,OOTD Intensive Eye Serum 30g,$87.00 
4500206374,09/15/2025,2025,Q3,09,10/20/2025,KY,1712,00660,10,Each,5.16,OOT,OOT81268,8.80935E+12,OTD AHA BHA Clarify Toner 250ml,$51.60 
4500206374,09/15/2025,2025,Q3,09,10/20/2025,KY,1712,00670,20,Each,4.51,OOT,OOT81276,8.80935E+12,OOTD Dark Spot Vitamin C Serum 50ml,$90.20 
4500206374,09/15/2025,2025,Q3,09,10/20/2025,KY,1712,00680,60,Each,5.01,OOT,OOT81366,8.80935E+12,OTD Glossy Tinted Lip Serum 15ml,$300.60 
4500206374,09/15/2025,2025,Q3,09,10/20/2025,KY,1712,00690,24,Each,6.12,OOT,OOT81358,8.80935E+12,OOTD Ceramide Glow Moisture Cream 50ml,$146.88 
4500206374,09/15/2025,2025,Q3,09,10/20/2025,KY,1712,00700,40,Each,3.38,OOT,OOT81282,8.80935E+12,OOTD Hydrat Serum Sheet Masks 5ea 25g,$135.20 
4500206374,09/15/2025,2025,Q3,09,10/20/2025,KY,1712,00710,120,Each,5.32,OOT,OOT81288,8.80935E+12,OOTD Star Spot Patch 80ea,$638.40 
4500206374,09/15/2025,2025,Q3,09,10/20/2025,KY,1712,00720,48,Each,6.12,OOT,OOT81337,8.80935E+12,OTD Glass Skn Rice Wtr Toner Pad 120ml,$293.76 
4500206402,09/15/2025,2025,Q3,09,11/14/2025,CA,1710,00010,66,Each,16,HKI,HKI23397,8.80965E+12,Vitamin C Glow Capsule Lotion 80ml,"$1,056.00 "
4500206401,09/15/2025,2025,Q3,09,11/14/2025,KY,1712,00010,174,Each,16,HKI,HKI23397,8.80965E+12,Vitamin C Glow Capsule Lotion 80ml,"$2,784.00 "
